  ('GoldSwap', 'GOLD', 158975310, 0.06386955, 'random', 60, 5, 'bear', 10, 1, 1, 0, 2165, 5035, 186570.90, 95.23, 'stable', 2.33813402, 287472368.85, 35, 'active'),
  ('OceanChain', 'OCEA', 550092695, 0.07521545, 'random', 77, 3, 'sideways', 3, 1, 1, 0, 788, 2276, 440982.10, 281.75, 'slow_death', 0.15453771, 57318434.60, 24, 'dead'),
  ('DiamondSwap', 'DIAMO', 617614339, 0.07914848, 'random', 50, 9, 'bear', 5, 1, 0, 0, 5703, 9909, 87344.32, -269.71, 'rug', 0.34056907, 209693509.46, 12, 'scam'),
  ('RocketChain', 'ROCK', 348583259, 0.06260006, 'random', 44, 2, 'bear', 5, 0, 1, 1, 1865, 5320, 352132.66, 245.40, 'stable', 1.08130731, 317187528.88, 66, 'active'),
  ('FireMoon', 'FIRE', 749260602, 0.06719814, 'random', 61, 4, 'bull', 3, 1, 1, 1, 981, 1123, 994687.93, -57.66, 'rug', 0.08609802, 63951936.86, 4, 'scam'),
  ('SkyNetwork', 'SKYNE', 413840947, 0.04999355, 'random', 32, 0, 'bear', 3, 1, 1, 0, 3533, 1480, 962227.37, -134.66, 'rug', 0.13456412, 38392301.49, 1, 'dead'),
  ('SunSwap', 'SUN', 626526090, 0.05150262, 'random', 28, 0, 'bear', 8, 0, 1, 0, 9224, 3376, 325781.32, 135.54, 'stable', 0.62265345, 340483701.08, 87, 'active'),
  ('RocketProtocol', 'ROCKE', 739207622, 0.04440565, 'random', 53, 5, 'bear', 5, 0, 1, 1, 2020, 3812, 295964.88, 87.48, 'slow_death', 0.11555187, 84825017.69, 17, 'active'),
  ('MoonFinance', 'MOO', 789491056, 0.07128280, 'random', 55, 0, 'bull', 3, 1, 0, 1, 1170, 6780, 280966.69, 107.24, 'slow_death', 0.14592869, 103352451.89, 33, 'dead'),
  ('StarCoin', 'STAR', 195950876, 0.06111414, 'random', 66, 0, 'bull', 6, 1, 0, 1, 1126, 1578, 790701.63, 58.22, 'rug', 0.07132126, 8658629.83, 13, 'scam'),
  ('RocketInu', 'ROCK', 384709614, 0.07910655, 'random', 36, 5, 'sideways', 9, 1, 1, 1, 6625, 7268, 219405.72, 300.00, 'stable', 3.81970518, 950657184.75, 50, 'active'),
  ('SunMoon', 'SUNM', 309169278, 0.02055697, 'random', 0, 4, 'bear', 7, 1, 1, 0, 2777, 4201, 692848.80, -24.79, 'slow_death', 0.03939632, 7333075.10, 34, 'active'),
  ('SilverNetwork', 'SILVE', 732405990, 0.08700321, 'random', 58, 4, 'sideways', 4, 1, 0, 1, 4976, 2584, 647677.76, -209.95, 'stable', 3.63737912, 2366018663.36, 58, 'active'),
  ('SunDAO', 'SUN', 610371341, 0.06607716, 'random', 68, 1, 'bear', 10, 1, 1, 1, 6815, 8884, 871748.91, -110.24, 'stable', 3.16351496, 1716012297.57, 11, 'active'),
  ('DiamondFinance', 'DIAMO', 876136282, 0.01414799, 'random', 49, 0, 'sideways', 10, 1, 0, 0, 15340, 4238, 950352.80, 87.50, 'slow_death', 0.02484079, 16013079.02, 18, 'dead'),
  ('RocketSwap', 'ROCK', 590686229, 0.08904099, 'random', 52, 1, 'bear', 10, 1, 0, 1, 1588, 151, 450519.54, -98.31, 'moon', 207.18738729, 102440181512.59, 17, 'dead'),
  ('SilverChain', 'SILV', 368234433, 0.09274555, 'random', 53, 2, 'bull', 4, 0, 1, 1, 2236, 9025, 545785.33, -108.95, 'slow_death', 0.17610487, 40416575.47, 30, 'dead'),
  ('OceanDAO', 'OCE', 688983004, 0.03714453, 'random', 42, 2, 'bull', 1, 0, 1, 0, 1593, 4138, 374255.09, 227.85, 'stable', 0.95995531, 420199876.53, 69, 'active'),
  ('SkyFinance', 'SKY', 331203124, 0.01195995, 'random', 15, 1, 'bear', 10, 1, 1, 0, 5018, 5495, 142923.20, -157.67, 'slow_death', 0.03512929, 7036308.85, 8, 'active'),
  ('RocketDAO', 'ROCK', 856698209, 0.05950585, 'random', 0, 0, 'bull', 8, 1, 1, 0, 6384, 9588, 614019.48, 147.68, 'rug', 0.04206158, 35443396.86, 3, 'scam'),
  ('FireDAO', 'FIRED', 738503796, 0.00557039, 'random', 28, 2, 'sideways', 10, 1, 1, 0, 2685, 306, 528261.01, 233.36, 'rug', 0.00209358, 1514126.28, 9, 'scam'),
  ('StarInu', 'STAR', 782606272, 0.08763694, 'random', 53, 1, 'bull', 1, 0, 1, 1, 6437, 6341, 689702.69, -305.79, 'rug', 0.24445039, 167569679.37, 7, 'scam'),
  ('SkyInu', 'SKYI', 664439020, 0.01622164, 'random', 13, 5, 'bear', 3, 0, 1, 0, 1779, 6062, 980757.75, -52.28, 'slow_death', 0.02249873, 11463517.25, 18, 'dead'),
  ('SilverMoon', 'SILVE', 968716494, 0.06665640, 'random', 32, 1, 'bear', 4, 1, 1, 0, 408, 4026, 546801.33, 41.16, 'rug', 0.06414786, 44006946.02, 4, 'scam'),
  ('SilverChain', 'SIL', 813135174, 0.02296715, 'random', 44, 7, 'bull', 10, 0, 1, 0, 1634, 3696, 912418.13, 182.89, 'rug', 0.04256536, 29342652.83, 4, 'scam'),
  ('GoldCoin', 'GOL', 256695010, 0.00337360, 'random', 53, 5, 'sideways', 4, 0, 1, 0, 10925, 3713, 994397.11, 342.93, 'slow_death', 0.00294976, 546431.35, 9, 'dead'),
  ('FireChain', 'FIREC', 574588479, 0.00113925, 'random', 56, 4, 'bull', 7, 1, 0, 0, 3763, 4470, 394561.07, 203.15, 'slow_death', 0.00130244, 623051.17, 9, 'dead'),
  ('SkyMoon', 'SKYMO', 445295732, 0.07307818, 'random', 26, 0, 'bull', 1, 1, 1, 0, 2944, 9459, 871561.48, -282.24, 'slow_death', 0.10683604, 37721493.30, 45, 'dead'),
  ('MoonDAO', 'MOON', 90735137, 0.04672736, 'random', 26, 0, 'bear', 6, 0, 0, 0, 5956, 6804, 728154.52, 198.71, 'slow_death', 0.03735471, 2588831.43, 56, 'active'),
  ('StarFinance', 'STA', 174774677, 0.05751493, 'random', 0, 1, 'bull', 3, 1, 1, 1, 3908, 9782, 397020.19, 124.02, 'rug', 0.08773389, 10365277.06, 9, 'dead'),
  ('OceanToken', 'OCEAN', 950459776, 0.00062092, 'random', 0, 1, 'bear', 2, 1, 1, 1, 465, 767, 526334.51, 280.63, 'stable', 0.01279411, 9876721.63, 56, 'active'),
  ('FireMoon', 'FIREM', 577958510, 0.04578738, 'random', 26, 0, 'sideways', 6, 0, 1, 1, 1208, 2426, 949579.29, 273.95, 'slow_death', 0.02525097, 13352101.80, 12, 'dead'),
  ('FireDAO', 'FIRED', 436838724, 0.08097018, 'random', 5, 0, 'bear', 2, 1, 0, 0, 24474, 5139, 33394.69, 17.32, 'slow_death', 0.09668612, 37065814.46, 32, 'dead'),
  ('FireProtocol', 'FIREP', 559340103, 0.00931861, 'random', 60, 1, 'bull', 4, 0, 0, 0, 3107, 3075, 78577.55, -52.72, 'slow_death', 0.01213949, 5176997.49, 21, 'dead'),
  ('MoonFinance', 'MOO', 366824033, 0.08073886, 'random', 33, 0, 'sideways', 8, 1, 0, 0, 9836, 1860, 650514.71, -12.65, 'moon', 738.64509468, 192830658626.99, 18, 'dead'),
  ('MoonInu', 'MOON', 455683168, 0.05466901, 'random', 61, 1, 'bull', 4, 1, 1, 1, 1573, 6059, 21065.88, -164.94, 'rug', 0.02514206, 9172729.35, 6, 'scam'),
  ('DiamondProtocol', 'DIAM', 542707536, 0.05066281, 'random', 60, 3, 'sideways', 2, 0, 1, 1, 1349, 9429, 197052.41, 88.76, 'rug', 0.03628563, 17442493.70, 8, 'dead'),
  ('OceanProtocol', 'OCEA', 170457084, 0.03375287, 'random', 52, 9, 'bull', 2, 1, 1, 1, 279, 6553, 432890.01, -131.67, 'rug', 0.00396726, 454446.20, 8, 'scam'),
  ('SkyNetwork', 'SKYN', 655317391, 0.05326099, 'random', 55, 1, 'bull', 1, 1, 1, 0, 1098, 1104, 576007.11, 199.41, 'slow_death', 0.14515108, 89561926.79, 30, 'dead'),
  ('StarToken', 'STAR', 505809143, 0.03107791, 'random', 70, 2, 'sideways', 3, 0, 1, 0, 4023, 2969, 738204.96, -288.03, 'rug', 0.03984198, 19342128.91, 7, 'scam'),
  ('SunChain', 'SUNCH', 357359426, 0.00170931, 'random', 21, 3, 'bull', 4, 0, 0, 1, 2319, 951, 346509.14, -42.62, 'rug', 0.00052209, 139128.46, 9, 'dead'),
  ('GoldSwap', 'GOLDS', 583432180, 0.03916102, 'random', 10, 1, 'bull', 9, 1, 0, 0, 13109, 3418, 304902.91, 178.37, 'rug', 0.08686640, 44586328.16, 9, 'scam'),
  ('OceanFinance', 'OCE', 136641473, 0.00956487, 'random', 23, 6, 'bear', 7, 1, 1, 0, 6319, 8763, 996983.41, -396.78, 'moon', 58.60692262, 6192722199.22, 26, 'active'),
  ('FireFinance', 'FIR', 483642460, 0.06081752, 'random', 59, 3, 'sideways', 5, 1, 1, 1, 6316, 6334, 951160.70, -14.83, 'slow_death', 0.16317235, 65180950.13, 47, 'dead'),
  ('SilverToken', 'SIL', 913124367, 0.08147395, 'random', 23, 2, 'bear', 6, 1, 0, 0, 662, 8273, 570565.03, 105.52, 'slow_death', 0.24188505, 165023709.54, 41, 'active'),
  ('SilverToken', 'SIL', 582122727, 0.07313847, 'random', 92, 0, 'bull', 7, 1, 0, 1, 4845, 6127, 630887.51, 239.18, 'rug', 0.01175477, 6072027.16, 3, 'dead'),
  ('MoonFinance', 'MOONF', 460622505, 0.06323549, 'random', 36, 0, 'bear', 6, 1, 0, 1, 2390, 8920, 290432.63, 165.07, 'slow_death', 0.11843547, 34798486.77, 14, 'active'),
  ('SkyCoin', 'SKYC', 222566738, 0.04440455, 'random', 11, 2, 'sideways', 10, 0, 0, 1, 27, 7228, 868335.27, -30.81, 'slow_death', 0.07898795, 12605449.69, 12, 'active'),
  ('GoldProtocol', 'GOLDP', 812307123, 0.02209129, 'random', 36, 1, 'bull', 4, 1, 1, 1, 21, 5490, 213612.76, -286.45, 'rug', 0.04995787, 26554479.93, 11, 'scam'),
  ('StarChain', 'STARC', 301036475, 0.00147006, 'random', 19, 0, 'bear', 4, 0, 1, 0, 1762, 9552, 133964.96, 337.88, 'slow_death', 0.00440444, 1188750.03, 47, 'active'),
  ('StarCoin', 'STARC', 339542812, 0.07316477, 'random', 28, 2, 'bear', 8, 0, 1, 1, 2885, 9101, 223778.89, -123.96, 'rug', 0.03209895, 8371298.59, 6, 'scam'),
  ('SilverNetwork', 'SILV', 434754955, 0.01405692, 'random', 14, 2, 'bull', 9, 0, 0, 1, 1287, 9671, 589961.53, -140.82, 'stable', 0.23856009, 94537322.77, 28, 'active'),
  ('GoldMoon', 'GOLDM', 198006056, 0.00135334, 'random', 50, 1, 'bull', 10, 1, 1, 1, 9190, 4362, 775728.26, 104.05, 'rug', 0.00431634, 649149.38, 14, 'scam'),
  ('MoonNetwork', 'MOON', 328856587, 0.03723209, 'random', 9, 10, 'bear', 8, 0, 1, 0, 13971, 125, 593237.37, 112.19, 'slow_death', 0.06697138, 20402008.41, 23, 'dead'),
  ('MoonNetwork', 'MOON', 526402549, 0.01230202, 'random', 25, 2, 'bull', 7, 1, 1, 0, 2551, 9277, 755791.94, 108.43, 'rug', 0.01786304, 7738128.06, 6, 'dead'),
  ('FireToken', 'FIR', 107313492, 0.06248910, 'random', 17, 0, 'bull', 5, 1, 1, 1, 612, 4261, 308684.88, -143.91, 'slow_death', 0.12927901, 10630701.57, 12, 'dead'),
  ('StarDAO', 'STARD', 14270910, 0.05469439, 'random', 26, 0, 'sideways', 4, 1, 0, 0, 9848, 5333, 31473.10, 56.84, 'stable', 0.12030053, 1405571.49, 90, 'active'),
  ('SkyNetwork', 'SKY', 128347378, 0.08889440, 'random', 47, 0, 'bull', 3, 1, 0, 1, 1192, 9672, 656071.30, -153.64, 'rug', 0.35770616, 32905872.47, 6, 'dead'),
  ('SunChain', 'SUNCH', 240868644, 0.09344065, 'random', 37, 3, 'bear', 4, 1, 0, 1, 3588, 9748, 696750.05, 172.56, 'slow_death', 0.14999639, 33511747.78, 23, 'active'),
  ('DiamondSwap', 'DIA', 221022500, 0.06479299, 'random', 41, 1, 'sideways', 7, 0, 1, 0, 5389, 9102, 924414.51, -167.38, 'slow_death', 0.12477859, 22085222.42, 49, 'dead'),
  ('StarProtocol', 'STA', 872774433, 0.02557891, 'random', 29, 9, 'bull', 4, 1, 1, 0, 2274, 2788, 523515.15, 63.24, 'moon', 228.70904966, 145685431693.63, 28, 'active'),
  ('FireMoon', 'FIR', 161495521, 0.07899929, 'random', 60, 4, 'bull', 2, 0, 1, 1, 1273, 8666, 963026.12, 215.58, 'stable', 1.53328538, 184633989.22, 23, 'active'),
  ('MoonSwap', 'MOON', 6445647, 0.06862285, 'random', 31, 4, 'sideways', 6, 1, 1, 0, 1711, 3210, 570676.06, -185.27, 'stable', 3.17143299, 13275299.71, 33, 'active'),
  ('MoonToken', 'MOONT', 318799894, 0.04614311, 'random', 28, 0, 'bull', 5, 0, 1, 0, 2056, 9876, 883992.75, 417.25, 'rug', 0.09078980, 20070440.15, 14, 'scam'),
  ('SkyProtocol', 'SKY', 137076538, 0.07249348, 'random', 22, 0, 'bull', 1, 0, 0, 1, 2750, 2384, 829987.23, -175.72, 'stable', 1.47461526, 198278684.91, 88, 'active'),
  ('StarFinance', 'STARF', 383978859, 0.06019807, 'random', 2, 7, 'bear', 3, 1, 0, 1, 5340, 6294, 454676.57, 198.64, 'rug', 0.16654510, 49386595.84, 7, 'scam'),
  ('StarInu', 'STARI', 924417423, 0.02176720, 'random', 31, 1, 'bear', 9, 0, 1, 1, 3219, 2714, 30353.30, -37.17, 'slow_death', 0.05544481, 38804071.39, 36, 'dead'),
  ('SkyInu', 'SKY', 88291542, 0.08859523, 'random', 68, 2, 'bull', 10, 0, 0, 0, 4780, 5422, 261521.84, 76.72, 'stable', 0.68039409, 53149565.56, 45, 'active'),
  ('SilverFinance', 'SILVE', 648787658, 0.06810856, 'random', 40, 4, 'sideways', 5, 1, 1, 1, 2035, 3980, 20877.72, 147.01, 'stable', 2.49493020, 1266993990.83, 72, 'active'),
  ('SkySwap', 'SKYSW', 700127388, 0.07493224, 'random', 9, 1, 'sideways', 9, 1, 1, 1, 12147, 6214, 815324.02, -65.49, 'stable', 1.64837572, 1056091273.59, 70, 'active'),
  ('FireChain', 'FIRE', 102677457, 0.01296491, 'random', 49, 7, 'sideways', 6, 0, 0, 0, 5408, 2149, 992302.54, 65.76, 'slow_death', 0.02434487, 2175804.99, 23, 'active'),
  ('SkyProtocol', 'SKY', 183219418, 0.07667280, 'random', 56, 5, 'bear', 5, 0, 1, 0, 3384, 604, 114806.92, 36.22, 'rug', 0.16816395, 20068027.40, 10, 'dead'),
  ('StarNetwork', 'STAR', 787857745, 0.01948467, 'random', 74, 2, 'sideways', 4, 1, 1, 0, 2601, 9567, 145241.44, -141.25, 'moon', 93.35214564, 72966550028.28, 18, 'active'),
  ('SilverProtocol', 'SIL', 294244904, 0.02549593, 'random', 16, 9, 'bull', 9, 1, 1, 1, 152, 8646, 680046.61, -270.38, 'slow_death', 0.02897439, 8449180.03, 53, 'dead'),
  ('FireCoin', 'FIRE', 216345829, 0.06520329, 'random', 62, 0, 'bear', 6, 0, 0, 1, 4969, 8350, 248410.42, 92.02, 'rug', 0.31870821, 43237899.88, 10, 'scam'),
  ('OceanNetwork', 'OCE', 361926410, 0.08274849, 'random', 24, 3, 'sideways', 2, 1, 1, 1, 441, 2218, 805867.54, 326.73, 'slow_death', 0.14523491, 46617823.37, 15, 'active'),
  ('RocketFinance', 'ROC', 320110276, 0.03880933, 'random', 42, 3, 'sideways', 6, 0, 0, 1, 700, 6271, 880384.14, 68.94, 'rug', 0.14813315, 47331869.91, 7, 'scam'),
  ('SkyChain', 'SKY', 286815456, 0.02585466, 'random', 68, 1, 'bear', 1, 0, 1, 1, 1880, 8692, 220565.31, 390.30, 'stable', 0.85866962, 193029337.67, 54, 'active'),
  ('FireSwap', 'FIR', 636413842, 0.01712965, 'random', 0, 0, 'bear', 7, 1, 0, 0, 4490, 4807, 462431.65, 117.98, 'rug', 0.06979441, 35198355.95, 7, 'scam'),
  ('MoonSwap', 'MOON', 824547647, 0.02336439, 'random', 64, 5, 'sideways', 1, 0, 1, 0, 1502, 1291, 457542.28, 428.60, 'slow_death', 0.02594367, 19556671.64, 51, 'dead'),
  ('OceanSwap', 'OCEA', 159532747, 0.07464134, 'random', 58, 10, 'bear', 7, 1, 1, 1, 957, 5186, 932810.12, 98.05, 'rug', 0.31624889, 36828990.85, 14, 'scam'),
  ('DiamondToken', 'DIAMO', 121915267, 0.03483187, 'random', 47, 1, 'bull', 2, 1, 1, 1, 12672, 4176, 894364.65, 218.64, 'stable', 1.26345855, 119627443.42, 18, 'active'),
  ('RocketInu', 'ROCKE', 773221230, 0.09234384, 'random', 47, 3, 'bull', 4, 1, 0, 0, 5241, 1478, 36442.77, 47.27, 'slow_death', 0.05248806, 24595373.39, 28, 'dead'),
  ('GoldInu', 'GOLDI', 90210667, 0.03417810, 'random', 7, 3, 'sideways', 7, 0, 1, 0, 1112, 5222, 687626.75, -49.65, 'rug', 0.13433108, 11737323.73, 2, 'scam'),
  ('SilverMoon', 'SILV', 109571157, 0.04518466, 'random', 36, 1, 'sideways', 5, 0, 1, 1, 4277, 2964, 84497.08, -69.42, 'rug', 0.00739397, 672905.61, 13, 'scam'),
  ('SilverInu', 'SILVE', 309494523, 0.00407368, 'random', 53, 1, 'sideways', 3, 1, 0, 0, 1317, 2552, 687076.01, 125.08, 'rug', 0.00355563, 1031460.89, 10, 'dead'),
  ('OceanProtocol', 'OCEAN', 924758066, 0.09135715, 'random', 31, 0, 'sideways', 5, 1, 1, 0, 5013, 4464, 490448.77, -69.89, 'rug', 0.07940286, 65241483.05, 5, 'scam'),
  ('SkyCoin', 'SKYC', 540644298, 0.08631046, 'random', 67, 5, 'sideways', 10, 1, 1, 1, 11767, 4409, 633655.40, -16.25, 'stable', 0.77786928, 333613861.32, 39, 'active'),
  ('RocketChain', 'ROCKE', 386768585, 0.07520305, 'random', 13, 2, 'bull', 2, 0, 1, 1, 15828, 9541, 747105.76, -196.79, 'rug', 0.35371434, 82810752.76, 3, 'scam'),
  ('RocketToken', 'ROC', 703765521, 0.01517243, 'random', 62, 3, 'bull', 9, 1, 1, 1, 3554, 1950, 216501.42, -138.59, 'stable', 0.39943995, 207173364.56, 57, 'active'),
  ('MoonDAO', 'MOOND', 912610009, 0.05957387, 'random', 79, 0, 'sideways', 5, 0, 1, 1, 86, 9863, 772736.06, -163.57, 'rug', 0.18447135, 150591320.48, 14, 'scam'),
  ('SkyMoon', 'SKYM', 834883483, 0.05633104, 'random', 49, 5, 'bull', 5, 0, 1, 1, 5665, 322, 258426.93, 434.73, 'rug', 0.00849082, 5022476.73, 6, 'scam'),
  ('GoldToken', 'GOLDT', 10701269, 0.07895199, 'random', 37, 0, 'sideways', 6, 1, 0, 1, 6089, 1901, 444718.36, 549.80, 'slow_death', 0.13834041, 945561.97, 5, 'dead'),
  ('DiamondCoin', 'DIAM', 126542156, 0.02976275, 'random', 32, 0, 'sideways', 8, 0, 1, 0, 2851, 8907, 557269.61, -147.30, 'slow_death', 0.07457301, 8415822.39, 44, 'dead'),
  ('SkyChain', 'SKY', 89455934, 0.03555753, 'random', 46, 3, 'bull', 1, 0, 1, 0, 1225, 6128, 11425.08, 141.29, 'stable', 0.17763840, 13540522.67, 56, 'active'),
  ('SunProtocol', 'SUN', 2782858, 0.04093460, 'random', 17, 2, 'bull', 2, 1, 0, 1, 4409, 8006, 739593.68, -240.99, 'stable', 1.23182597, 3221563.73, 59, 'active'),
  ('OceanDAO', 'OCEAN', 733683044, 0.05241301, 'random', 29, 1, 'bull', 9, 1, 1, 1, 5246, 2090, 931845.99, -244.00, 'stable', 0.50063023, 264562520.09, 53, 'active'),
  ('OceanMoon', 'OCEAN', 794858299, 0.06156913, 'random', 42, 4, 'bear', 1, 1, 0, 1, 1305, 5188, 57939.35, 113.16, 'slow_death', 0.15088618, 74403324.68, 18, 'active'),
  ('OceanInu', 'OCEAN', 936336833, 0.00094905, 'random', 44, 7, 'bear', 4, 1, 1, 0, 3095, 2563, 303501.70, 433.57, 'moon', 7.71698444, 5981912465.40, 18, 'active'),
  ('FireInu', 'FIRE', 824068393, 0.00873662, 'random', 28, 8, 'bull', 9, 1, 1, 1, 941, 2718, 698750.43, 96.68, 'stable', 0.15057756, 98821600.48, 52, 'active'),
  ('StarFinance', 'STARF', 937959950, 0.02988316, 'random', 23, 1, 'bull', 10, 0, 1, 1, 754, 8773, 900012.19, -42.48, 'rug', 0.11477596, 82911815.64, 8, 'scam'),
  ('GoldMoon', 'GOLDM', 365852130, 0.01256424, 'random', 49, 2, 'sideways', 4, 1, 0, 1, 6939, 5681, 730979.59, 20.84, 'moon', 88.74589094, 23029965467.32, 29, 'active'),
  ('SunMoon', 'SUN', 43655522, 0.08081542, 'random', 31, 1, 'bull', 8, 1, 0, 0, 816, 8600, 209099.14, -5.96, 'rug', 0.18440186, 7019973.01, 6, 'scam'),
  ('GoldFinance', 'GOL', 13307163, 0.05195683, 'random', 53, 5, 'bear', 9, 1, 1, 0, 16163, 7333, 233565.67, 98.46, 'slow_death', 0.03904648, 518949.13, 26, 'dead'),
  ('FireSwap', 'FIRES', 474093667, 0.08304586, 'random', 10, 3, 'sideways', 8, 1, 0, 0, 2175, 4990, 91468.26, -68.70, 'stable', 2.11291593, 792097861.19, 7, 'active'),
  ('MoonSwap', 'MOO', 552241374, 0.04618157, 'random', 40, 9, 'bull', 9, 1, 1, 0, 9700, 6672, 829628.46, -195.87, 'rug', 0.19182500, 90033461.60, 4, 'dead'),
  ('FireCoin', 'FIREC', 970499884, 0.05238978, 'random', 79, 2, 'bear', 2, 0, 1, 0, 136, 411, 344226.40, 174.01, 'slow_death', 0.10272124, 65594886.83, 39, 'active'),
  ('SkyToken', 'SKY', 315841311, 0.08134378, 'random', 37, 2, 'bull', 2, 1, 0, 0, 449, 466, 341128.59, 20.40, 'slow_death', 0.10624544, 23775776.88, 38, 'active'),
  ('SilverSwap', 'SILVE', 783320220, 0.02981456, 'random', 62, 8, 'sideways', 3, 1, 0, 1, 1398, 9355, 66473.64, 313.79, 'rug', 0.14047525, 93585937.20, 12, 'scam'),
  ('StarToken', 'STAR', 394210824, 0.03062996, 'random', 63, 1, 'bull', 10, 0, 0, 1, 10326, 5257, 436252.97, -39.48, 'stable', 0.68640926, 188405805.72, 24, 'active'),
  ('SilverToken', 'SIL', 582527868, 0.08733592, 'random', 59, 2, 'bull', 8, 1, 1, 1, 440, 3486, 268355.14, -180.05, 'stable', 3.14217401, 1402570865.82, 43, 'active'),
  ('SilverInu', 'SILV', 108095687, 0.06067326, 'random', 80, 4, 'sideways', 6, 0, 0, 1, 904, 916, 708136.36, 364.65, 'slow_death', 0.07795659, 8406472.85, 21, 'dead'),
  ('MoonDAO', 'MOON', 86047507, 0.05982431, 'random', 76, 5, 'sideways', 4, 0, 1, 1, 2625, 6906, 848658.97, -146.72, 'stable', 1.47678270, 86239136.88, 67, 'active'),
  ('OceanInu', 'OCEA', 525305016, 0.07392407, 'random', 67, 2, 'bull', 6, 1, 1, 1, 5207, 2942, 475489.70, 83.60, 'stable', 1.93834845, 687271793.91, 63, 'active'),
  ('SunFinance', 'SUN', 258636799, 0.09632255, 'random', 39, 0, 'bear', 4, 1, 1, 1, 6067, 1145, 893723.44, 380.19, 'stable', 0.92306352, 151130524.76, 65, 'active'),
  ('StarProtocol', 'STARP', 761121385, 0.01345081, 'random', 45, 2, 'sideways', 10, 0, 1, 1, 15284, 6527, 461644.09, 15.97, 'rug', 0.03943709, 25621341.42, 11, 'scam'),
  ('DiamondChain', 'DIAMO', 112739365, 0.04869353, 'random', 29, 1, 'sideways', 3, 0, 1, 0, 7575, 7977, 500257.47, -53.05, 'slow_death', 0.04764965, 4481264.19, 20, 'active'),
  ('FireNetwork', 'FIRE', 702375898, 0.07331592, 'random', 39, 2, 'bull', 4, 1, 1, 1, 13988, 6428, 427030.66, 36.53, 'stable', 3.13555910, 2160885741.30, 19, 'active'),
  ('DiamondFinance', 'DIA', 315782702, 0.09247504, 'random', 67, 1, 'bull', 8, 0, 0, 0, 196, 1040, 253693.31, -225.66, 'slow_death', 0.27657731, 61831224.69, 37, 'dead'),
  ('SunToken', 'SUN', 402728577, 0.05970280, 'random', 63, 1, 'sideways', 3, 0, 1, 0, 16867, 9916, 69812.33, 344.02, 'slow_death', 0.07664247, 21436794.05, 48, 'dead'),
  ('OceanProtocol', 'OCEA', 946081011, 0.09227157, 'random', 59, 0, 'bear', 5, 1, 0, 0, 1873, 6916, 124031.93, 131.21, 'rug', 0.18228613, 150698342.35, 3, 'dead'),
  ('RocketMoon', 'ROC', 809118022, 0.01984238, 'random', 51, 0, 'sideways', 7, 1, 1, 0, 1555, 7238, 780259.04, 141.93, 'slow_death', 0.01285551, 8380299.43, 31, 'dead'),
  ('SkyDAO', 'SKY', 692685494, 0.02154738, 'random', 30, 1, 'sideways', 7, 0, 0, 0, 400, 6954, 346912.39, -34.30, 'rug', 0.06849714, 28539470.45, 14, 'dead'),
  ('RocketProtocol', 'ROC', 736131620, 0.02103742, 'random', 29, 2, 'bear', 10, 1, 0, 1, 11309, 7563, 628935.13, 197.13, 'stable', 0.79095479, 466026139.59, 10, 'active'),
  ('OceanMoon', 'OCE', 896674782, 0.01182341, 'random', 12, 4, 'bull', 8, 1, 1, 0, 18725, 3108, 469627.23, -26.36, 'stable', 0.27417998, 180977634.44, 63, 'active'),
  ('SilverFinance', 'SILV', 636808167, 0.08995512, 'random', 48, 1, 'bull', 4, 1, 1, 1, 2710, 4193, 529691.73, 69.46, 'rug', 0.36999336, 180422856.79, 4, 'scam'),
  ('DiamondMoon', 'DIAM', 133873640, 0.02092433, 'random', 74, 1, 'sideways', 2, 0, 1, 0, 612, 674, 315379.55, 240.84, 'rug', 0.04568970, 4553954.52, 8, 'scam'),
  ('StarCoin', 'STAR', 726823919, 0.05318533, 'random', 46, 1, 'sideways', 4, 0, 0, 1, 6540, 8625, 521838.68, 22.47, 'rug', 0.07386852, 51912953.17, 10, 'scam'),
  ('GoldCoin', 'GOL', 131673074, 0.04419272, 'random', 38, 2, 'bear', 5, 0, 1, 1, 494, 8503, 466130.57, -171.36, 'slow_death', 0.04795745, 4628736.69, 46, 'dead'),
  ('StarSwap', 'STARS', 152299725, 0.00158033, 'random', 29, 1, 'bear', 2, 0, 1, 1, 1262, 5065, 273248.24, 604.72, 'slow_death', 0.00391433, 443220.66, 37, 'dead'),
  ('SilverToken', 'SIL', 450764506, 0.01108584, 'random', 26, 0, 'bull', 8, 1, 1, 1, 1569, 4745, 279944.09, 393.03, 'rug', 0.05366961, 16148671.41, 4, 'dead'),
  ('GoldCoin', 'GOL', 806623624, 0.08566978, 'random', 19, 1, 'sideways', 5, 1, 1, 0, 102, 3635, 950997.72, 305.11, 'rug', 0.16228726, 126511831.99, 3, 'scam'),
  ('OceanToken', 'OCE', 417232569, 0.07445937, 'random', 35, 0, 'bull', 8, 0, 0, 1, 2067, 1828, 614542.73, 217.07, 'rug', 0.28600495, 105477831.89, 1, 'dead'),
  ('SkyToken', 'SKYTO', 800608928, 0.01713109, 'random', 8, 1, 'bull', 9, 1, 1, 1, 2598, 2058, 774459.56, 253.77, 'slow_death', 0.04382060, 27009068.37, 38, 'active'),
  ('OceanChain', 'OCEAN', 850019564, 0.08831517, 'random', 36, 1, 'sideways', 9, 1, 1, 1, 1996, 2626, 397800.80, 183.04, 'rug', 0.05278110, 33510423.62, 10, 'scam'),
  ('SkyCoin', 'SKYCO', 622394915, 0.05349771, 'random', 66, 3, 'sideways', 5, 1, 1, 0, 4192, 4593, 609789.43, 69.05, 'slow_death', 0.07275801, 36946466.03, 56, 'dead'),
  ('SilverMoon', 'SILVE', 149982025, 0.00320033, 'random', 31, 4, 'bull', 6, 0, 1, 1, 134, 9274, 624450.18, -257.25, 'stable', 0.04320286, 4318138.59, 18, 'active'),
  ('SkyInu', 'SKY', 773481405, 0.06137577, 'random', 50, 3, 'sideways', 8, 1, 1, 0, 874, 1503, 355211.18, -225.97, 'rug', 0.08361312, 44754386.14, 13, 'scam'),
  ('MoonProtocol', 'MOO', 626722696, 0.07435720, 'random', 42, 4, 'bull', 10, 1, 1, 0, 9749, 7066, 783779.53, 181.23, 'rug', 0.00943580, 5527522.27, 7, 'scam'),
  ('SilverNetwork', 'SILVE', 360901243, 0.05270294, 'random', 65, 1, 'sideways', 6, 1, 1, 0, 9053, 1896, 372208.07, -3.29, 'stable', 1.22241816, 368953125.24, 56, 'active'),
  ('FireFinance', 'FIREF', 605320469, 0.04998916, 'random', 46, 1, 'bull', 7, 1, 1, 1, 525, 2140, 274833.22, -159.69, 'rug', 0.23123369, 132279299.26, 11, 'scam'),
  ('FireProtocol', 'FIR', 770766888, 0.01393385, 'random', 44, 0, 'bull', 3, 1, 1, 1, 1232, 681, 979140.19, 388.38, 'slow_death', 0.01564252, 11872949.36, 28, 'dead'),
  ('DiamondFinance', 'DIAMO', 547348772, 0.08592384, 'random', 36, 4, 'bear', 3, 1, 0, 1, 598, 9556, 60002.58, 298.66, 'slow_death', 0.15430082, 70152244.63, 18, 'dead'),
  ('DiamondMoon', 'DIAM', 648258565, 0.09971058, 'random', 22, 0, 'bear', 3, 0, 0, 1, 1025, 5819, 952084.43, -24.03, 'rug', 0.38166840, 194965891.73, 2, 'scam'),
  ('RocketFinance', 'ROCK', 996048545, 0.06376549, 'random', 16, 6, 'sideways', 8, 1, 0, 1, 3584, 844, 773949.51, -392.95, 'slow_death', 0.11924285, 92019587.58, 39, 'dead'),
  ('GoldChain', 'GOLDC', 454114524, 0.02901552, 'random', 39, 0, 'bear', 6, 1, 1, 0, 5769, 7424, 92101.23, -84.16, 'stable', 0.42365264, 174336910.85, 66, 'active'),
  ('RocketCoin', 'ROCK', 460706732, 0.06851781, 'random', 88, 5, 'sideways', 2, 0, 1, 0, 11887, 7405, 668137.21, -122.35, 'stable', 2.11723598, 601444242.67, 61, 'active'),
  ('SunToken', 'SUNT', 594825178, 0.04459583, 'random', 42, 0, 'bull', 2, 1, 0, 0, 2318, 4376, 807049.48, -302.74, 'moon', 103.08635967, 51816894509.03, 20, 'active'),
  ('StarToken', 'STAR', 321160239, 0.00227876, 'random', 36, 1, 'bear', 3, 1, 1, 0, 8622, 1653, 861780.80, -248.35, 'moon', 18.01513797, 3964413250.26, 27, 'active'),
  ('MoonProtocol', 'MOON', 172087936, 0.09731709, 'random', 16, 2, 'sideways', 10, 1, 1, 1, 12684, 3000, 617524.45, -101.77, 'rug', 0.12710282, 16641772.94, 10, 'scam'),
  ('DiamondToken', 'DIA', 704595755, 0.01907843, 'random', 19, 5, 'bull', 10, 1, 0, 0, 2369, 4612, 303210.47, 116.26, 'stable', 0.93354235, 604150552.64, 13, 'active'),
  ('FireMoon', 'FIR', 759088428, 0.03673455, 'random', 49, 2, 'bull', 1, 1, 1, 0, 2130, 2468, 103995.99, -105.68, 'rug', 0.15776198, 73692668.40, 4, 'dead'),
  ('RocketSwap', 'ROCKE', 84124333, 0.02291472, 'random', 7, 1, 'sideways', 10, 0, 0, 0, 9800, 2637, 606003.43, 240.80, 'moon', 69.16487451, 5477305142.27, 5, 'active'),
  ('MoonSwap', 'MOONS', 847811045, 0.02089267, 'random', 27, 3, 'bull', 3, 1, 0, 1, 878, 6131, 300997.74, 41.83, 'slow_death', 0.05927875, 36547978.85, 23, 'dead'),
  ('GoldMoon', 'GOLD', 785623806, 0.07364304, 'random', 64, 0, 'sideways', 3, 0, 0, 1, 6442, 3122, 82806.16, 221.45, 'stable', 1.48478004, 720027147.49, 55, 'active'),
  ('RocketMoon', 'ROCK', 89632851, 0.00062215, 'random', 37, 4, 'bull', 3, 1, 1, 0, 8876, 7700, 902508.72, 43.57, 'rug', 0.00026542, 19378.40, 6, 'scam'),
  ('OceanCoin', 'OCEAN', 453452694, 0.03386893, 'random', 27, 0, 'bull', 9, 1, 0, 0, 6492, 1277, 800360.61, -157.09, 'rug', 0.08861142, 37918562.50, 8, 'scam'),
  ('DiamondFinance', 'DIA', 823563297, 0.01260072, 'random', 54, 3, 'bear', 1, 0, 1, 1, 20038, 1241, 112416.32, 313.79, 'rug', 0.04416211, 24534856.81, 9, 'scam'),
  ('SilverSwap', 'SILV', 190522636, 0.06712156, 'random', 30, 4, 'bear', 2, 1, 1, 1, 2856, 1326, 210110.25, 47.22, 'stable', 3.10981252, 440590047.53, 76, 'active'),
  ('RocketMoon', 'ROC', 175295355, 0.05159265, 'random', 11, 0, 'sideways', 5, 1, 1, 0, 3658, 3961, 673943.83, 367.22, 'stable', 1.66572212, 223772256.18, 20, 'active'),
  ('RocketNetwork', 'ROC', 33660989, 0.01692249, 'random', 40, 0, 'bull', 6, 0, 1, 0, 1406, 7610, 634799.60, 169.35, 'stable', 0.05590701, 1494443.11, 66, 'active'),
  ('RocketFinance', 'ROCKE', 602726588, 0.05449870, 'random', 71, 4, 'sideways', 8, 0, 1, 1, 2933, 7905, 516975.34, -291.57, 'rug', 0.19769637, 84565646.31, 12, 'scam'),
  ('StarToken', 'STAR', 695579287, 0.07226579, 'random', 0, 1, 'bull', 10, 1, 0, 0, 4469, 6736, 670610.18, -13.32, 'rug', 0.05743016, 29614637.61, 7, 'dead'),
  ('StarInu', 'STAR', 454444980, 0.06376234, 'random', 27, 5, 'sideways', 7, 0, 0, 1, 5750, 5198, 697521.06, 63.91, 'stable', 3.12497119, 1332813983.24, 59, 'active'),
  ('OceanInu', 'OCEAN', 927941308, 0.09455541, 'random', 78, 0, 'bear', 7, 1, 1, 1, 7709, 2570, 119579.71, 117.42, 'rug', 0.45745404, 274344076.73, 14, 'scam'),
  ('OceanCoin', 'OCE', 642731912, 0.01337363, 'random', 26, 7, 'sideways', 6, 0, 1, 0, 4114, 5749, 453792.66, 160.97, 'rug', 0.04255120, 17454364.51, 8, 'scam'),
  ('SilverToken', 'SIL', 330377765, 0.00164453, 'random', 33, 0, 'bull', 5, 0, 0, 1, 1152, 4150, 480814.26, -237.14, 'rug', 0.00283048, 691553.51, 9, 'dead'),
  ('MoonCoin', 'MOO', 13996873, 0.03025095, 'random', 44, 2, 'sideways', 10, 1, 1, 1, 1663, 681, 563010.08, 166.45, 'stable', 1.49187533, 17792583.60, 77, 'active'),
  ('SkyToken', 'SKYT', 302950645, 0.06676332, 'random', 18, 0, 'sideways', 9, 1, 1, 0, 5526, 8196, 314331.18, 79.05, 'rug', 0.30163685, 70697379.33, 5, 'dead'),
  ('MoonChain', 'MOO', 432377109, 0.00441867, 'random', 17, 4, 'bear', 2, 0, 0, 1, 4380, 5930, 637681.70, -9.23, 'slow_death', 0.00740519, 2802717.41, 47, 'dead'),
  ('MoonNetwork', 'MOONN', 792723836, 0.07786940, 'random', 26, 0, 'bear', 8, 1, 1, 1, 9962, 2463, 614117.63, -162.30, 'stable', 3.01628220, 1547879698.88, 8, 'active'),
  ('StarFinance', 'STAR', 463629456, 0.04257797, 'random', 39, 0, 'sideways', 5, 1, 1, 1, 10605, 7980, 477499.02, -61.18, 'stable', 0.83409187, 279510568.40, 69, 'active'),
  ('DiamondInu', 'DIAM', 375588321, 0.07137491, 'random', 45, 1, 'sideways', 9, 1, 1, 1, 3258, 4142, 461533.94, 187.00, 'rug', 0.22107350, 74726562.92, 8, 'dead'),
  ('SkyMoon', 'SKYMO', 31059817, 0.08791225, 'random', 34, 0, 'bull', 9, 1, 0, 1, 1030, 4150, 478479.11, 23.16, 'slow_death', 0.20386776, 6055735.23, 42, 'dead'),
  ('OceanFinance', 'OCE', 49259445, 0.02437878, 'random', 23, 1, 'bull', 7, 0, 0, 1, 1027, 4059, 394678.57, 290.65, 'rug', 0.07496512, 2937117.80, 7, 'scam'),
  ('SilverDAO', 'SIL', 344920083, 0.08114630, 'random', 29, 7, 'bear', 7, 1, 1, 1, 9975, 8904, 427410.63, -88.71, 'stable', 2.51490995, 853181669.16, 11, 'active'),
  ('SilverCoin', 'SIL', 86324381, 0.05195202, 'random', 70, 0, 'bear', 4, 1, 0, 0, 6028, 6547, 517574.04, 446.85, 'rug', 0.01697393, 1232083.85, 10, 'dead'),
  ('MoonCoin', 'MOON', 848979274, 0.08976213, 'random', 46, 0, 'bull', 8, 0, 0, 1, 23883, 4935, 57096.81, 203.93, 'stable', 3.13451398, 2584144315.81, 18, 'active'),
  ('SkyDAO', 'SKY', 87151407, 0.05927146, 'random', 14, 2, 'bear', 2, 0, 1, 0, 2972, 4107, 71997.21, 154.77, 'rug', 0.25554463, 17571760.93, 2, 'scam'),
  ('SkySwap', 'SKY', 449551382, 0.03409993, 'random', 43, 0, 'sideways', 6, 1, 1, 0, 2468, 5880, 831305.98, 377.63, 'stable', 0.15410759, 62453257.27, 87, 'active'),
  ('DiamondChain', 'DIAM', 193169611, 0.03847883, 'random', 52, 0, 'bear', 2, 1, 0, 0, 1234, 7186, 28406.02, 198.99, 'rug', 0.10500353, 14111242.26, 10, 'dead'),
  ('SkySwap', 'SKY', 890480699, 0.01881193, 'random', 43, 0, 'bear', 8, 1, 1, 1, 1986, 8756, 745674.42, 41.15, 'rug', 0.03347469, 19615096.90, 6, 'scam'),
  ('SilverMoon', 'SILVE', 768188935, 0.07439455, 'random', 36, 1, 'sideways', 3, 1, 1, 1, 12321, 4898, 99609.70, 53.82, 'slow_death', 0.16198059, 89703710.24, 35, 'dead'),
  ('RocketProtocol', 'ROC', 700621690, 0.01112919, 'random', 43, 0, 'sideways', 6, 1, 1, 1, 316, 8309, 774072.62, -199.10, 'moon', 59.86866309, 36709367577.19, 3, 'active'),
  ('SunChain', 'SUNC', 4772742, 0.05803723, 'random', 55, 0, 'bull', 2, 1, 0, 0, 7225, 6208, 473248.23, -158.33, 'rug', 0.01012738, 38654.12, 6, 'scam'),
  ('StarMoon', 'STA', 432303482, 0.02193149, 'random', 21, 1, 'bear', 3, 0, 1, 1, 12456, 3196, 710964.98, -78.45, 'rug', 0.05195462, 15753203.08, 3, 'scam'),
  ('SkyProtocol', 'SKY', 464537069, 0.07794434, 'random', 46, 1, 'sideways', 5, 0, 1, 0, 1656, 3653, 203924.55, 342.86, 'slow_death', 0.09000788, 26557601.82, 16, 'dead'),
  ('SkyFinance', 'SKYFI', 685660104, 0.02511521, 'random', 49, 2, 'bull', 10, 0, 1, 0, 6825, 7755, 670661.54, -86.12, 'rug', 0.01903885, 8638341.37, 12, 'scam'),
  ('RocketProtocol', 'ROCKE', 539518974, 0.09420139, 'random', 42, 10, 'sideways', 8, 1, 0, 1, 7434, 188, 375896.05, 23.69, 'rug', 0.21728794, 91514765.82, 8, 'scam'),
  ('RocketSwap', 'ROCK', 95399032, 0.03476996, 'random', 43, 1, 'bull', 6, 1, 0, 1, 2076, 1775, 659909.37, 300.31, 'rug', 0.14997683, 12070425.87, 11, 'scam'),
  ('DiamondMoon', 'DIA', 731278674, 0.06133568, 'random', 19, 2, 'bull', 9, 0, 1, 1, 1344, 865, 232539.34, 191.09, 'slow_death', 0.17791857, 107482276.45, 6, 'dead'),
  ('MoonNetwork', 'MOO', 618014780, 0.01723172, 'random', 32, 2, 'bear', 6, 1, 1, 0, 5478, 865, 909168.58, 106.06, 'stable', 0.54304867, 303129302.66, 78, 'active'),
  ('FireNetwork', 'FIR', 287411809, 0.04146504, 'random', 42, 1, 'bull', 9, 0, 1, 0, 16, 2787, 401718.94, -64.03, 'slow_death', 0.10759797, 19540341.86, 23, 'active'),
  ('GoldSwap', 'GOL', 573035160, 0.04366949, 'random', 22, 4, 'bear', 7, 1, 0, 0, 9293, 7354, 797266.38, -4.90, 'rug', 0.07793397, 37773393.88, 3, 'scam'),
  ('GoldCoin', 'GOLDC', 930100765, 0.05402808, 'random', 39, 3, 'bull', 10, 1, 1, 0, 249, 5410, 779600.21, 75.71, 'stable', 2.15275985, 1870071038.76, 20, 'active'),
  ('MoonFinance', 'MOONF', 437926564, 0.02610139, 'random', 78, 4, 'bear', 5, 0, 0, 1, 545, 4345, 53388.18, 3.56, 'rug', 0.02742833, 11926550.16, 12, 'scam'),
  ('FireProtocol', 'FIRE', 692909438, 0.01128344, 'random', 47, 1, 'bear', 4, 1, 1, 1, 9817, 4202, 278007.80, -71.94, 'rug', 0.00486647, 2312075.14, 7, 'scam'),
  ('MoonMoon', 'MOO', 166458736, 0.07922641, 'random', 48, 1, 'sideways', 4, 1, 1, 0, 2021, 2346, 235030.64, 122.99, 'rug', 0.28389064, 38132772.46, 14, 'dead'),
  ('OceanCoin', 'OCE', 563899503, 0.03691098, 'random', 90, 7, 'sideways', 5, 1, 1, 1, 14029, 3543, 767622.68, 358.26, 'stable', 1.02409483, 424430254.16, 88, 'active'),
  ('SilverNetwork', 'SIL', 837070871, 0.02114236, 'random', 51, 6, 'bull', 1, 0, 0, 0, 8342, 3448, 93572.60, 43.82, 'stable', 0.14443743, 79525910.13, 88, 'active'),
  ('StarChain', 'STAR', 899030413, 0.05917655, 'random', 60, 0, 'bull', 6, 1, 1, 0, 955, 5510, 605072.25, -79.61, 'slow_death', 0.12481903, 82369875.43, 31, 'active'),
  ('SkySwap', 'SKYS', 325792675, 0.00021360, 'random', 45, 2, 'bear', 7, 1, 1, 0, 6717, 1842, 310376.19, -311.58, 'slow_death', 0.00023281, 62268.69, 13, 'dead'),
  ('StarInu', 'STARI', 246540927, 0.00087538, 'random', 53, 4, 'bear', 7, 0, 0, 0, 5520, 4468, 184474.68, 175.62, 'rug', 0.00171802, 282011.99, 11, 'dead'),
  ('SkyNetwork', 'SKY', 60590454, 0.01486684, 'random', 21, 1, 'bear', 6, 0, 1, 0, 124, 7431, 843358.15, -105.35, 'rug', 0.05508007, 2772574.83, 11, 'dead'),
  ('SkyFinance', 'SKY', 583437533, 0.05309682, 'random', 48, 0, 'sideways', 3, 1, 1, 1, 5709, 4908, 165924.91, 234.62, 'stable', 0.21409528, 115438715.62, 63, 'active'),
  ('RocketToken', 'ROCK', 432364572, 0.07865736, 'random', 40, 6, 'sideways', 3, 1, 1, 0, 2674, 3325, 25256.31, -43.45, 'rug', 0.15289902, 50145129.65, 7, 'scam'),
  ('MoonFinance', 'MOON', 996363788, 0.01099901, 'random', 73, 0, 'sideways', 5, 0, 0, 1, 15589, 9835, 985816.59, 359.35, 'rug', 0.04671777, 40403942.54, 4, 'dead'),
  ('MoonToken', 'MOONT', 955740180, 0.03488913, 'random', 37, 0, 'sideways', 7, 1, 0, 0, 394, 7672, 493584.91, -23.43, 'rug', 0.16620589, 125382401.50, 7, 'scam'),
  ('DiamondFinance', 'DIAMO', 731747182, 0.04131654, 'random', 34, 4, 'bull', 9, 1, 0, 1, 5462, 6439, 124595.73, 235.38, 'stable', 1.03406934, 557030461.84, 58, 'active'),
  ('SkyCoin', 'SKY', 912033693, 0.02732886, 'random', 47, 5, 'bear', 8, 0, 1, 1, 16181, 5259, 612732.12, 119.84, 'slow_death', 0.02622712, 17120643.75, 58, 'dead'),
  ('GoldChain', 'GOL', 657531895, 0.09782123, 'random', 15, 3, 'bull', 5, 1, 1, 0, 4599, 290, 901758.72, -200.73, 'rug', 0.32898890, 145585958.00, 9, 'scam'),
  ('SilverDAO', 'SIL', 141512847, 0.09393096, 'random', 14, 2, 'bear', 1, 1, 1, 0, 11251, 1764, 453425.69, 128.58, 'stable', 2.22376518, 263365435.60, 49, 'active'),
  ('OceanChain', 'OCE', 795765030, 0.03136231, 'random', 29, 5, 'bear', 10, 1, 1, 0, 7452, 4109, 347303.34, -79.12, 'rug', 0.01729206, 11253433.72, 4, 'dead'),
  ('MoonToken', 'MOO', 946682143, 0.00176556, 'random', 50, 0, 'sideways', 5, 1, 1, 1, 2679, 9678, 653945.90, -421.34, 'rug', 0.00169649, 1372968.37, 13, 'scam'),
  ('FireSwap', 'FIRES', 647205509, 0.00681389, 'random', 35, 4, 'bull', 2, 1, 1, 1, 4563, 6480, 604890.78, -137.74, 'rug', 0.00562497, 3216178.22, 8, 'scam'),
  ('SilverToken', 'SILVE', 375713367, 0.01463698, 'random', 43, 1, 'bull', 1, 1, 1, 1, 3827, 6667, 782816.74, -318.55, 'rug', 0.02269449, 7448818.76, 9, 'scam'),
  ('OceanChain', 'OCE', 230031186, 0.02028521, 'random', 44, 0, 'bear', 3, 0, 1, 1, 4110, 7641, 825969.42, -102.87, 'stable', 0.83830851, 165601543.85, 22, 'active'),
  ('GoldFinance', 'GOL', 881342604, 0.03657625, 'random', 35, 0, 'sideways', 1, 0, 1, 0, 1586, 5692, 753803.66, 171.66, 'stable', 0.82554114, 499450931.99, 35, 'active'),
  ('OceanNetwork', 'OCEAN', 626696801, 0.02789446, 'random', 53, 2, 'bull', 1, 1, 1, 1, 5053, 4805, 27026.82, 20.18, 'stable', 0.63031863, 342482694.16, 79, 'active'),
  ('RocketCoin', 'ROC', 693271551, 0.06800885, 'random', 46, 1, 'bull', 9, 1, 0, 1, 4129, 2287, 403718.72, -76.95, 'rug', 0.26700357, 156279959.27, 4, 'dead'),
  ('SilverFinance', 'SIL', 667651458, 0.04406988, 'random', 1, 4, 'sideways', 4, 1, 1, 1, 3526, 6465, 915040.60, 404.10, 'rug', 0.03621099, 20835443.32, 10, 'dead'),
  ('SunChain', 'SUN', 473855010, 0.03367495, 'random', 38, 0, 'sideways', 10, 0, 0, 0, 2289, 7261, 630916.83, 241.23, 'slow_death', 0.06131437, 18941611.47, 52, 'dead'),
  ('GoldMoon', 'GOLDM', 278992423, 0.00514608, 'random', 94, 0, 'bull', 8, 1, 0, 1, 2026, 4387, 503031.94, 381.99, 'rug', 0.01032089, 1931375.00, 13, 'scam'),
  ('RocketInu', 'ROCK', 936175437, 0.05134627, 'random', 33, 7, 'sideways', 4, 1, 1, 1, 8606, 7803, 544741.41, -17.71, 'moon', 488.63614279, 430839838577.52, 24, 'dead'),
  ('SkyNetwork', 'SKYNE', 244225703, 0.01977485, 'random', 29, 0, 'bear', 9, 1, 0, 1, 731, 5479, 22491.29, -72.06, 'slow_death', 0.01928227, 3270225.20, 36, 'dead'),
  ('RocketProtocol', 'ROC', 480786971, 0.04373102, 'random', 18, 2, 'bull', 4, 1, 0, 0, 15779, 5226, 326959.01, 278.68, 'rug', 0.19024599, 61411646.10, 9, 'dead'),
  ('StarChain', 'STAR', 34429511, 0.02060308, 'random', 43, 0, 'bear', 8, 0, 1, 1, 18855, 8518, 937873.35, 58.68, 'moon', 30.04391474, 925418032.86, 23, 'active'),
  ('FireToken', 'FIRET', 910728684, 0.04251174, 'random', 25, 0, 'sideways', 4, 0, 0, 0, 4209, 4820, 160351.49, 364.35, 'rug', 0.11152092, 93464453.37, 6, 'scam'),
  ('SkyMoon', 'SKYM', 731160674, 0.04453730, 'random', 54, 6, 'bull', 1, 1, 1, 0, 891, 8444, 284460.62, 50.01, 'rug', 0.22253959, 108723216.53, 2, 'dead'),
  ('GoldToken', 'GOLD', 492749700, 0.00933592, 'random', 71, 4, 'sideways', 10, 1, 0, 1, 5690, 7512, 14719.69, 223.71, 'stable', 0.45354392, 200289366.98, 19, 'active'),
  ('RocketFinance', 'ROCKE', 322770356, 0.00408884, 'random', 17, 0, 'bear', 6, 0, 0, 1, 1685, 1940, 753250.37, 27.74, 'rug', 0.01151640, 2890249.93, 12, 'dead'),
  ('SilverSwap', 'SIL', 582149809, 0.04719088, 'random', 22, 0, 'bear', 1, 1, 0, 0, 5870, 3450, 426466.91, 208.93, 'slow_death', 0.06689115, 32225415.84, 36, 'active'),
  ('SunToken', 'SUNTO', 554679806, 0.06947014, 'random', 22, 0, 'bull', 2, 1, 0, 1, 13939, 3296, 789437.22, 71.45, 'slow_death', 0.12595901, 65671368.86, 57, 'dead'),
  ('SkyMoon', 'SKYM', 573500041, 0.09395205, 'random', 47, 1, 'sideways', 8, 1, 1, 1, 293, 2663, 558769.67, -63.61, 'stable', 2.55485783, 1110086115.71, 41, 'active'),
  ('StarSwap', 'STAR', 823018431, 0.07781944, 'random', 18, 0, 'bull', 9, 1, 0, 1, 1749, 8554, 504954.87, -133.57, 'slow_death', 0.17809298, 143760101.44, 60, 'active'),
  ('FireCoin', 'FIR', 32975891, 0.00067346, 'random', 60, 2, 'sideways', 10, 1, 1, 0, 16802, 8796, 561618.39, -287.81, 'stable', 0.01445860, 296921.25, 19, 'active'),
  ('SkyToken', 'SKYT', 589095419, 0.04948875, 'random', 79, 1, 'sideways', 2, 1, 1, 1, 12568, 1108, 967515.25, 41.75, 'moon', 331.12249065, 164249225616.98, 23, 'active'),
  ('OceanToken', 'OCEAN', 291257319, 0.03930686, 'random', 40, 9, 'bull', 9, 1, 1, 1, 2944, 9568, 760158.86, 24.10, 'slow_death', 0.08672066, 22221519.01, 19, 'dead'),
  ('OceanInu', 'OCEAN', 997244511, 0.07976840, 'random', 51, 3, 'bull', 3, 0, 1, 1, 12557, 9475, 574182.22, 227.85, 'slow_death', 0.09017906, 80045394.84, 11, 'dead'),
  ('MoonMoon', 'MOONM', 563723016, 0.03299075, 'random', 46, 3, 'sideways', 8, 1, 0, 0, 2450, 9056, 823693.11, -263.12, 'rug', 0.13008060, 58544011.51, 2, 'scam'),
  ('SkyNetwork', 'SKYN', 973976427, 0.06415553, 'random', 2, 0, 'bull', 2, 0, 1, 1, 4397, 70, 980518.46, -3.25, 'slow_death', 0.08178144, 48810961.83, 26, 'active'),
  ('StarChain', 'STARC', 760569007, 0.04547758, 'random', 52, 2, 'bull', 5, 1, 1, 1, 2079, 8220, 827459.81, -121.33, 'moon', 107.30946447, 77318212673.61, 18, 'active'),
  ('FireProtocol', 'FIREP', 643649839, 0.03684419, 'random', 40, 2, 'sideways', 4, 0, 1, 1, 13634, 6949, 494659.87, -30.65, 'rug', 0.08442999, 49759120.03, 12, 'dead'),
  ('SilverInu', 'SILV', 795625471, 0.06947003, 'random', 34, 6, 'sideways', 7, 1, 0, 0, 3837, 3391, 269347.96, -275.23, 'moon', 271.93890425, 148834357332.01, 22, 'active'),
  ('DiamondDAO', 'DIA', 198386359, 0.01993504, 'random', 43, 0, 'sideways', 2, 1, 0, 0, 8259, 9955, 100791.86, 176.53, 'moon', 41.66880823, 7405157529.72, 15, 'active'),
  ('SunNetwork', 'SUNNE', 352121727, 0.08607741, 'random', 78, 0, 'bull', 6, 1, 1, 0, 2423, 2789, 770219.57, 360.88, 'rug', 0.28201701, 68496706.58, 1, 'scam'),
  ('OceanInu', 'OCE', 962254544, 0.00282610, 'random', 73, 4, 'sideways', 8, 0, 0, 1, 1057, 2483, 199524.91, -82.36, 'stable', 0.12773931, 95296121.38, 19, 'active'),
  ('RocketSwap', 'ROCKE', 979994982, 0.02514175, 'random', 32, 2, 'bull', 4, 1, 1, 0, 84, 7563, 329617.87, 96.13, 'slow_death', 0.03032128, 28808371.50, 28, 'active'),
  ('SunSwap', 'SUN', 595102564, 0.04972315, 'random', 45, 9, 'bull', 2, 1, 1, 1, 8742, 9021, 89632.03, 57.47, 'stable', 1.04397161, 392792164.14, 85, 'active'),
  ('RocketInu', 'ROCK', 680115495, 0.09681463, 'random', 46, 0, 'bear', 2, 0, 0, 1, 12574, 5445, 986506.08, 239.26, 'rug', 0.25219441, 103194865.49, 4, 'scam'),
  ('SunFinance', 'SUNF', 582221974, 0.07658189, 'random', 15, 9, 'bear', 3, 1, 1, 0, 3951, 2869, 594162.86, 97.80, 'slow_death', 0.16571020, 60912597.45, 42, 'active'),
  ('FireDAO', 'FIR', 704799035, 0.08968542, 'random', 54, 7, 'bear', 8, 0, 1, 0, 482, 4791, 793868.53, 15.62, 'stable', 4.06600601, 2480468303.45, 18, 'active'),
  ('StarFinance', 'STARF', 798765066, 0.00285565, 'random', 43, 3, 'bull', 8, 0, 0, 1, 725, 4241, 889967.36, -472.12, 'slow_death', 0.00503190, 3418642.80, 43, 'dead'),
  ('RocketCoin', 'ROCKE', 326104660, 0.03183239, 'random', 22, 1, 'bear', 2, 1, 0, 1, 2505, 1840, 135534.75, -98.49, 'rug', 0.02458833, 6228914.54, 3, 'dead'),
  ('MoonInu', 'MOO', 581687905, 0.07294503, 'random', 37, 0, 'bull', 9, 1, 1, 1, 5066, 9609, 246077.83, -147.67, 'stable', 0.80631209, 285850236.31, 37, 'active'),
  ('OceanInu', 'OCEAN', 476132072, 0.03858278, 'random', 0, 1, 'sideways', 8, 0, 1, 1, 5087, 5102, 814017.31, -138.56, 'rug', 0.16089061, 48890540.60, 1, 'dead'),
  ('FireFinance', 'FIREF', 505265003, 0.05454692, 'random', 52, 2, 'bear', 1, 0, 1, 0, 11660, 7793, 178342.58, -250.86, 'slow_death', 0.08258891, 32571251.48, 19, 'dead'),
  ('SkyChain', 'SKYC', 978464107, 0.09990814, 'random', 28, 5, 'bear', 1, 1, 0, 1, 1354, 4909, 930920.92, 150.73, 'slow_death', 0.28756555, 271204244.25, 53, 'dead'),
  ('FireCoin', 'FIR', 157521489, 0.08958772, 'random', 33, 5, 'bull', 7, 0, 0, 1, 7330, 2788, 105008.24, -62.60, 'stable', 1.64342318, 236636442.94, 24, 'active'),
  ('RocketProtocol', 'ROCKE', 769073316, 0.02605169, 'random', 23, 5, 'sideways', 1, 1, 1, 1, 300, 6127, 349964.88, 126.62, 'rug', 0.07209372, 37286050.32, 13, 'scam'),
  ('MoonSwap', 'MOONS', 83669022, 0.04550302, 'random', 25, 5, 'bear', 8, 1, 1, 0, 2694, 4811, 690161.14, -241.69, 'stable', 1.06233545, 88237255.98, 43, 'active'),
  ('SunSwap', 'SUNS', 200678349, 0.04247885, 'random', 37, 0, 'bull', 9, 1, 1, 0, 3832, 1653, 217183.12, -89.58, 'slow_death', 0.06557489, 8855830.06, 45, 'dead'),
  ('DiamondCoin', 'DIA', 815553316, 0.04165050, 'random', 11, 5, 'bear', 1, 1, 1, 1, 5668, 2852, 177847.33, 87.14, 'stable', 2.01036914, 1456032611.25, 14, 'active'),
  ('SilverNetwork', 'SILVE', 530608164, 0.03497887, 'random', 78, 2, 'bear', 7, 0, 1, 1, 2702, 8983, 161241.36, 54.34, 'slow_death', 0.06893495, 22543193.07, 28, 'active'),
  ('SunToken', 'SUNT', 375752321, 0.07592776, 'random', 52, 0, 'bear', 4, 1, 1, 0, 4995, 7669, 865410.01, 317.94, 'rug', 0.04719995, 17178958.13, 10, 'scam'),
  ('DiamondMoon', 'DIAMO', 124085674, 0.00854707, 'random', 0, 0, 'bull', 5, 1, 1, 0, 1214, 2674, 436603.09, -156.44, 'slow_death', 0.00489952, 537035.26, 16, 'dead'),
  ('RocketSwap', 'ROC', 663227350, 0.00318465, 'random', 44, 1, 'bear', 5, 1, 0, 1, 3063, 7615, 635560.46, -45.15, 'rug', 0.00429797, 2451956.24, 3, 'scam'),
  ('SkyDAO', 'SKYD', 829810502, 0.00638777, 'random', 44, 5, 'bear', 4, 0, 1, 1, 3859, 1371, 60620.39, 9.81, 'rug', 0.03143542, 23570977.63, 12, 'scam'),
  ('OceanMoon', 'OCEA', 160900266, 0.05456009, 'random', 74, 6, 'bear', 7, 1, 0, 1, 1397, 3887, 85310.54, 20.87, 'stable', 0.47597186, 70238635.68, 40, 'active'),
  ('MoonCoin', 'MOO', 770346348, 0.05471224, 'random', 15, 0, 'bear', 7, 0, 0, 1, 3128, 200, 81579.56, -203.36, 'rug', 0.24774218, 167551346.62, 6, 'dead'),
  ('FireMoon', 'FIR', 120805837, 0.06383527, 'random', 81, 2, 'bear', 3, 1, 0, 0, 4086, 5871, 271118.82, 75.33, 'slow_death', 0.04853167, 4889296.52, 36, 'active'),
  ('SunMoon', 'SUN', 763345803, 0.05937651, 'random', 25, 0, 'bear', 5, 1, 1, 0, 464, 8190, 327069.87, 240.41, 'rug', 0.21981612, 142331757.87, 13, 'scam'),
  ('RocketMoon', 'ROCKE', 406561578, 0.05247678, 'random', 89, 1, 'bull', 9, 1, 0, 0, 796, 4244, 834778.69, 10.97, 'rug', 0.24269794, 97731121.38, 13, 'scam'),
  ('SilverSwap', 'SIL', 142238615, 0.06682638, 'random', 98, 2, 'bull', 7, 0, 0, 1, 3469, 8856, 814121.50, 172.06, 'rug', 0.17125308, 22178957.10, 3, 'dead'),
  ('DiamondToken', 'DIAM', 748002903, 0.08907796, 'random', 49, 0, 'bull', 3, 1, 1, 0, 925, 1494, 49162.39, 311.45, 'slow_death', 0.24998164, 131822656.10, 7, 'dead'),
  ('MoonProtocol', 'MOON', 284239619, 0.06149426, 'random', 57, 3, 'bull', 2, 1, 1, 1, 20649, 7574, 413074.20, 141.89, 'slow_death', 0.09237815, 20112539.19, 4, 'dead'),
  ('SkyDAO', 'SKYDA', 145445793, 0.01891969, 'random', 29, 0, 'sideways', 8, 0, 1, 1, 1680, 5960, 389345.50, -213.65, 'slow_death', 0.04081262, 5242921.47, 36, 'dead'),
  ('SkyChain', 'SKYC', 359505900, 0.09418540, 'random', 91, 1, 'sideways', 1, 1, 1, 1, 2585, 9894, 761320.76, 371.07, 'stable', 0.69179432, 241171444.44, 83, 'active');

-- Batch 198 (98501 to 99000)
INSERT INTO coin_history_cases (
  coin_name, coin_symbol, initial_supply, initial_price, category,
  creator_reputation, creator_previous_coins, market_trend, competition_level,
  has_website, has_twitter, has_telegram, marketing_budget,
  initial_holders, initial_volume, first_week_growth,
  outcome, max_price, max_market_cap, days_to_peak, final_status
) VALUES
  ('MoonToken', 'MOON', 113241094, 0.07733467, 'random', 31, 0, 'sideways', 3, 0, 1, 0, 9035, 5691, 676593.38, -124.87, 'stable', 0.68970198, 75134444.47, 43, 'active'),
  ('StarMoon', 'STARM', 465094478, 0.02807674, 'random', 35, 7, 'bear', 9, 1, 1, 0, 10977, 6308, 992371.37, -97.83, 'stable', 0.43706309, 150722329.71, 8, 'active'),
  ('MoonDAO', 'MOO', 338161205, 0.07511755, 'random', 29, 0, 'bull', 6, 1, 1, 1, 4466, 5105, 12156.12, 20.49, 'rug', 0.08123377, 23700510.24, 7, 'scam'),
  ('StarInu', 'STA', 305774592, 0.02043085, 'random', 54, 0, 'bear', 10, 1, 1, 1, 15409, 9895, 468446.27, -54.54, 'rug', 0.08556797, 19622632.26, 5, 'scam'),
  ('SilverSwap', 'SIL', 340712547, 0.01875355, 'random', 7, 2, 'bear', 8, 1, 1, 0, 6952, 2614, 268367.03, -253.60, 'rug', 0.08426851, 19370225.39, 10, 'scam'),
  ('OceanMoon', 'OCE', 612664951, 0.04192595, 'random', 18, 10, 'sideways', 3, 1, 1, 1, 9447, 7916, 891804.99, -164.99, 'stable', 0.16678592, 95259369.08, 90, 'active'),
  ('RocketSwap', 'ROCKE', 828856110, 0.03016803, 'random', 43, 2, 'sideways', 7, 1, 0, 0, 830, 8968, 276737.96, -121.08, 'moon', 181.72376709, 145210678046.47, 23, 'active'),
  ('OceanMoon', 'OCE', 395353208, 0.06102878, 'random', 33, 2, 'sideways', 8, 0, 1, 1, 1860, 6443, 122225.69, 57.26, 'slow_death', 0.05190721, 17062184.98, 9, 'dead'),
  ('OceanNetwork', 'OCEA', 679612466, 0.01944026, 'random', 39, 2, 'bull', 9, 1, 1, 1, 1680, 3502, 285775.59, -130.46, 'stable', 0.50985028, 281833431.80, 83, 'active'),
  ('FireMoon', 'FIREM', 815312079, 0.06436917, 'random', 41, 0, 'sideways', 9, 1, 1, 1, 3269, 3613, 134507.05, -84.52, 'stable', 0.55053649, 408392997.69, 15, 'active'),
  ('GoldCoin', 'GOLDC', 512569104, 0.03170006, 'random', 41, 0, 'bear', 1, 0, 1, 0, 19732, 7452, 782624.61, 200.85, 'rug', 0.11422828, 44015372.91, 14, 'dead'),
  ('SunToken', 'SUN', 945385250, 0.02874494, 'random', 50, 0, 'bear', 1, 0, 1, 0, 5433, 2169, 61837.88, 212.79, 'slow_death', 0.03752204, 23344776.57, 41, 'dead'),
  ('StarInu', 'STAR', 326605421, 0.06052344, 'random', 41, 9, 'sideways', 3, 1, 1, 1, 2128, 6712, 845051.13, 82.87, 'rug', 0.11300103, 35149414.74, 2, 'dead'),
  ('SkyChain', 'SKYCH', 709740744, 0.02193202, 'random', 57, 0, 'sideways', 8, 0, 0, 0, 4869, 2627, 181373.27, -162.93, 'rug', 0.04913107, 23735686.70, 8, 'dead'),
  ('OceanProtocol', 'OCE', 328012976, 0.00578281, 'random', 42, 2, 'sideways', 3, 0, 1, 1, 12957, 2705, 894163.89, -99.60, 'rug', 0.02793374, 6880391.11, 13, 'scam'),
  ('DiamondFinance', 'DIAMO', 676087370, 0.02223237, 'random', 67, 3, 'bull', 7, 1, 1, 0, 1388, 6738, 245681.25, 233.71, 'slow_death', 0.01307096, 8559257.03, 23, 'active'),
  ('SkyDAO', 'SKYDA', 53247637, 0.04470269, 'random', 70, 3, 'bear', 1, 1, 1, 1, 2227, 9478, 711068.00, 15.53, 'stable', 1.20913659, 47306824.53, 27, 'active'),
  ('OceanNetwork', 'OCE', 183759093, 0.08382577, 'random', 55, 1, 'bear', 7, 0, 1, 1, 6145, 4293, 184928.67, 176.19, 'rug', 0.17778412, 30307057.64, 2, 'dead'),
  ('SilverCoin', 'SIL', 378294547, 0.05805377, 'random', 59, 0, 'sideways', 3, 1, 1, 0, 2396, 361, 459612.76, 299.98, 'rug', 0.16880995, 45197785.79, 14, 'scam'),
  ('OceanNetwork', 'OCEA', 873376863, 0.03912318, 'random', 20, 0, 'sideways', 5, 1, 0, 1, 1935, 1033, 168041.34, 175.54, 'rug', 0.01777725, 14377178.11, 1, 'scam'),
  ('StarSwap', 'STA', 595400497, 0.09198278, 'random', 41, 3, 'bear', 9, 0, 0, 1, 4666, 4371, 855969.42, 212.69, 'rug', 0.33484580, 154284665.75, 13, 'scam'),
  ('OceanChain', 'OCE', 72299936, 0.01029757, 'random', 41, 0, 'bear', 6, 1, 1, 1, 4186, 8767, 829336.28, 374.32, 'rug', 0.03359135, 2018995.27, 14, 'scam'),
  ('FireToken', 'FIRE', 391658314, 0.00899217, 'random', 57, 1, 'bull', 6, 1, 0, 0, 2840, 6050, 909561.22, 92.04, 'stable', 0.14813910, 45818355.28, 27, 'active'),
  ('FireChain', 'FIREC', 280998868, 0.04736316, 'random', 27, 0, 'bear', 3, 1, 1, 0, 15609, 5189, 129363.10, -70.14, 'rug', 0.22434272, 39797551.53, 2, 'scam'),
  ('MoonMoon', 'MOO', 747970508, 0.01731242, 'random', 63, 5, 'sideways', 6, 0, 1, 1, 8478, 5500, 338440.62, 260.66, 'stable', 0.54887574, 255200950.44, 37, 'active'),
  ('SilverSwap', 'SILV', 856335270, 0.05490656, 'random', 50, 4, 'sideways', 7, 1, 1, 1, 340, 3440, 467168.78, 9.14, 'stable', 0.76502238, 589758593.92, 90, 'active'),
  ('SunNetwork', 'SUNN', 487476349, 0.05122665, 'random', 43, 7, 'sideways', 9, 1, 1, 1, 2318, 3756, 144942.86, -17.24, 'rug', 0.02213862, 8908730.10, 12, 'dead'),
  ('OceanInu', 'OCE', 670499797, 0.06831682, 'random', 39, 1, 'sideways', 1, 0, 1, 0, 8206, 3518, 482233.88, -0.72, 'rug', 0.01321837, 5702606.02, 5, 'scam'),
  ('SkyCoin', 'SKY', 764644910, 0.03217305, 'random', 35, 2, 'bear', 5, 0, 0, 0, 23, 108, 776828.01, -46.42, 'slow_death', 0.03074926, 19076852.00, 9, 'dead'),
  ('MoonInu', 'MOONI', 158257857, 0.01665691, 'random', 49, 0, 'bear', 2, 0, 1, 0, 6071, 6093, 653242.82, 74.77, 'moon', 4.39222832, 621967665.12, 16, 'active'),
  ('GoldCoin', 'GOLD', 150138098, 0.00321865, 'random', 5, 5, 'bear', 10, 1, 0, 0, 13455, 3779, 729894.33, 26.60, 'slow_death', 0.00948943, 1134015.03, 11, 'dead'),
  ('SkyCoin', 'SKY', 63567303, 0.04292134, 'random', 36, 6, 'sideways', 8, 0, 0, 0, 723, 1919, 744687.36, 42.82, 'stable', 0.10946704, 6230337.64, 63, 'active'),
  ('RocketInu', 'ROC', 213515169, 0.03266172, 'random', 55, 7, 'bear', 5, 1, 1, 0, 6585, 9490, 442406.21, 77.42, 'rug', 0.12735318, 17184019.32, 11, 'dead'),
  ('StarSwap', 'STARS', 815228866, 0.05116666, 'random', 50, 0, 'bull', 4, 0, 1, 0, 3178, 1116, 374174.43, -287.59, 'stable', 0.93805858, 575020363.10, 27, 'active'),
  ('MoonInu', 'MOONI', 412754416, 0.05125291, 'random', 48, 2, 'sideways', 8, 0, 0, 0, 3565, 7243, 681128.22, 111.55, 'rug', 0.13905826, 42360841.73, 8, 'scam'),
  ('OceanMoon', 'OCEA', 568653851, 0.04576308, 'random', 11, 3, 'bear', 2, 0, 1, 1, 8724, 8121, 708194.79, -206.43, 'moon', 194.86264381, 86466267402.70, 24, 'dead'),
  ('FireNetwork', 'FIREN', 129779233, 0.00042167, 'random', 45, 1, 'bull', 7, 1, 1, 0, 1750, 2810, 634390.10, -188.52, 'slow_death', 0.00103872, 91276.70, 40, 'dead'),
  ('RocketProtocol', 'ROCK', 488530779, 0.03130356, 'random', 31, 0, 'sideways', 1, 1, 1, 0, 6713, 8441, 835837.90, 26.45, 'moon', 166.55764600, 67029323204.89, 26, 'dead'),
  ('OceanProtocol', 'OCEA', 64836437, 0.00526078, 'random', 38, 1, 'bear', 4, 1, 1, 0, 1360, 1688, 347265.34, 365.82, 'rug', 0.00732851, 419789.70, 12, 'dead'),
  ('SilverChain', 'SIL', 768287585, 0.08914256, 'random', 38, 4, 'bull', 1, 1, 1, 0, 1663, 3252, 151659.65, -158.06, 'rug', 0.14288655, 77516354.38, 3, 'dead'),
  ('FireMoon', 'FIR', 332931865, 0.09360452, 'random', 79, 1, 'bear', 1, 0, 0, 1, 318, 6091, 410393.25, 622.80, 'slow_death', 0.16223199, 34081587.15, 28, 'dead'),
  ('RocketChain', 'ROCK', 913281710, 0.02066386, 'random', 40, 1, 'bear', 6, 1, 0, 0, 12453, 1944, 246295.81, 79.46, 'rug', 0.08199675, 73271150.11, 5, 'dead'),
  ('OceanNetwork', 'OCEA', 189965002, 0.02640729, 'random', 47, 0, 'bull', 5, 0, 1, 0, 418, 8709, 506245.83, 145.79, 'rug', 0.08908491, 15714770.81, 2, 'scam'),
  ('MoonChain', 'MOONC', 653549885, 0.07846699, 'random', 19, 9, 'sideways', 8, 1, 1, 1, 41372, 1805, 301089.21, 154.63, 'stable', 0.76213547, 481363553.49, 14, 'active'),
  ('MoonSwap', 'MOO', 618585989, 0.08195463, 'random', 70, 2, 'bear', 10, 1, 1, 0, 2473, 3286, 900026.22, 26.71, 'rug', 0.40898609, 157203919.60, 11, 'dead'),
  ('SilverChain', 'SIL', 902101661, 0.09008445, 'random', 31, 4, 'sideways', 5, 0, 1, 0, 352, 3413, 423428.60, -387.15, 'slow_death', 0.22249972, 199325698.83, 48, 'active'),
  ('FireToken', 'FIRET', 907735034, 0.02414568, 'random', 70, 2, 'sideways', 9, 0, 1, 1, 2947, 3596, 790255.10, -105.19, 'rug', 0.06141561, 51287915.80, 2, 'dead'),
  ('SkySwap', 'SKY', 353907088, 0.02550358, 'random', 47, 0, 'sideways', 4, 0, 1, 1, 1262, 8505, 619117.89, 93.63, 'stable', 0.66439383, 150083530.72, 74, 'active'),
  ('OceanFinance', 'OCE', 790722170, 0.07231668, 'random', 52, 4, 'bear', 3, 0, 1, 0, 8913, 8068, 84123.34, 264.63, 'rug', 0.11660742, 77335759.05, 14, 'dead'),
  ('SilverCoin', 'SIL', 606988330, 0.01547840, 'random', 43, 2, 'sideways', 8, 0, 0, 0, 15601, 1957, 44341.83, 182.31, 'slow_death', 0.03346959, 12481922.49, 60, 'dead'),
  ('GoldNetwork', 'GOLD', 375642416, 0.05920115, 'random', 19, 0, 'sideways', 1, 0, 1, 0, 724, 2801, 952896.15, 80.41, 'stable', 0.18944058, 63758121.47, 58, 'active'),
  ('SkyNetwork', 'SKYN', 578301226, 0.09094138, 'random', 53, 7, 'sideways', 3, 1, 0, 1, 1026, 6640, 666115.90, -217.43, 'rug', 0.30393960, 133347578.35, 12, 'dead'),
  ('SkyCoin', 'SKYCO', 254617061, 0.04936470, 'random', 58, 2, 'bull', 2, 1, 0, 0, 3156, 1338, 426289.45, -57.24, 'rug', 0.16738868, 33392059.51, 14, 'dead'),
  ('FireInu', 'FIR', 377828633, 0.01122753, 'random', 58, 1, 'bull', 6, 1, 1, 1, 7860, 7644, 774938.21, -254.88, 'rug', 0.01323542, 3888357.71, 8, 'scam'),
  ('GoldChain', 'GOL', 20574787, 0.00240660, 'random', 57, 4, 'sideways', 3, 1, 0, 0, 6236, 9316, 155381.29, -307.88, 'rug', 0.00405738, 77947.79, 11, 'dead'),
  ('StarFinance', 'STARF', 729072600, 0.01079577, 'random', 14, 0, 'bear', 1, 0, 1, 0, 27095, 501, 487667.01, 490.43, 'slow_death', 0.01887274, 10339427.23, 5, 'dead'),
  ('StarMoon', 'STAR', 396016258, 0.00115275, 'random', 42, 3, 'bull', 9, 0, 1, 0, 8806, 2889, 757276.48, 40.69, 'slow_death', 0.00081428, 215863.52, 54, 'dead'),
  ('StarSwap', 'STARS', 2346143, 0.09208911, 'random', 56, 1, 'sideways', 8, 1, 0, 1, 5530, 6162, 213466.25, 145.36, 'stable', 2.84909522, 4331260.05, 10, 'active'),
  ('RocketInu', 'ROC', 789028311, 0.05507978, 'random', 56, 7, 'bear', 3, 0, 1, 1, 1604, 5403, 903731.17, -56.34, 'slow_death', 0.05175930, 35405741.53, 16, 'dead'),
  ('RocketInu', 'ROCKE', 195546763, 0.02394845, 'random', 40, 0, 'sideways', 1, 1, 1, 1, 6028, 4776, 920500.47, -116.38, 'rug', 0.08744427, 16802646.25, 2, 'scam'),
  ('SkySwap', 'SKY', 873757912, 0.01294964, 'random', 51, 8, 'bull', 2, 1, 0, 1, 3658, 4612, 343521.43, 66.20, 'slow_death', 0.02661513, 22136343.61, 11, 'dead'),
  ('GoldCoin', 'GOL', 461179461, 0.04953078, 'random', 0, 6, 'bear', 5, 1, 1, 0, 2395, 9100, 90743.78, -49.94, 'slow_death', 0.06871817, 25643043.95, 39, 'dead'),
  ('SkyDAO', 'SKY', 489695944, 0.08348907, 'random', 35, 2, 'bull', 7, 0, 1, 1, 353, 843, 976271.83, -32.83, 'slow_death', 0.14370371, 65886196.99, 27, 'dead'),
  ('GoldCoin', 'GOL', 514878333, 0.00717496, 'random', 37, 6, 'bull', 8, 0, 1, 0, 7460, 4151, 535415.49, 90.68, 'rug', 0.03203954, 16219552.98, 14, 'dead'),
  ('MoonInu', 'MOONI', 167010646, 0.07564212, 'random', 30, 0, 'sideways', 6, 1, 0, 0, 1602, 8564, 255171.66, 76.01, 'stable', 1.91589908, 270320789.02, 27, 'active'),
  ('StarDAO', 'STA', 514652717, 0.07759340, 'random', 21, 3, 'bull', 2, 1, 0, 1, 4857, 7511, 672885.18, 67.57, 'slow_death', 0.04851684, 20741975.92, 23, 'dead'),
  ('GoldCoin', 'GOLDC', 567580987, 0.01797743, 'random', 17, 0, 'bear', 1, 1, 0, 1, 6951, 7597, 416831.27, -149.90, 'stable', 0.23375242, 94187041.72, 73, 'active'),
  ('DiamondToken', 'DIAM', 746909699, 0.08718434, 'random', 50, 5, 'bull', 9, 1, 1, 0, 2168, 5873, 245907.99, -46.32, 'moon', 126.10793164, 91565818586.64, 18, 'active'),
  ('SunProtocol', 'SUN', 783661877, 0.02711164, 'random', 44, 0, 'sideways', 1, 1, 1, 1, 4242, 521, 547814.17, 50.37, 'rug', 0.02807032, 20653714.73, 7, 'scam'),
  ('FireChain', 'FIR', 250109800, 0.02224152, 'random', 44, 0, 'sideways', 10, 1, 1, 0, 3291, 6669, 423093.18, 288.63, 'stable', 0.37559708, 80084385.20, 24, 'active'),
  ('FireSwap', 'FIRES', 917955273, 0.08192293, 'random', 17, 1, 'sideways', 1, 1, 1, 1, 1109, 3006, 755632.97, -96.26, 'rug', 0.27639630, 201920863.39, 10, 'scam'),
  ('StarToken', 'START', 199383287, 0.02848183, 'random', 30, 8, 'bear', 9, 1, 1, 0, 5334, 2721, 309464.58, 362.48, 'rug', 0.03898783, 7015135.34, 5, 'dead'),
  ('SilverMoon', 'SIL', 585135015, 0.01189531, 'random', 53, 0, 'bull', 2, 0, 0, 0, 3551, 6539, 670658.41, -17.50, 'stable', 0.42271010, 181899673.91, 68, 'active'),
  ('GoldInu', 'GOLDI', 584380730, 0.08124582, 'random', 19, 2, 'bull', 1, 0, 1, 0, 9318, 1703, 544917.16, 175.20, 'moon', 396.56217929, 167331441756.08, 25, 'active'),
  ('SilverSwap', 'SILV', 494897911, 0.04569459, 'random', 24, 0, 'bull', 8, 1, 1, 0, 4132, 2066, 810173.37, 89.28, 'rug', 0.11734182, 52105290.81, 2, 'scam'),
  ('FireMoon', 'FIRE', 288658116, 0.06292795, 'random', 22, 2, 'sideways', 8, 0, 1, 0, 1573, 8684, 448171.41, 332.75, 'stable', 0.77375811, 179316899.66, 19, 'active'),
  ('RocketDAO', 'ROCKE', 105860257, 0.00724979, 'random', 82, 6, 'sideways', 4, 0, 1, 0, 2422, 9514, 505367.48, 99.29, 'slow_death', 0.01892622, 1358458.70, 24, 'active'),
  ('SilverInu', 'SIL', 709932573, 0.09709892, 'random', 54, 0, 'bull', 9, 1, 1, 0, 5940, 6591, 658854.68, 151.17, 'moon', 406.87347892, 253392436030.14, 20, 'active'),
  ('GoldMoon', 'GOL', 481060309, 0.03015971, 'random', 49, 10, 'bull', 7, 1, 1, 1, 3534, 4115, 878810.24, 62.25, 'rug', 0.02069467, 8691199.68, 1, 'scam'),
  ('FireToken', 'FIRET', 314257258, 0.00517884, 'random', 48, 0, 'bull', 1, 1, 1, 0, 11821, 1079, 716971.10, -8.80, 'slow_death', 0.00867988, 2683068.44, 48, 'dead'),
  ('SkyProtocol', 'SKYP', 855601090, 0.04635233, 'random', 28, 4, 'sideways', 9, 1, 1, 0, 4834, 1085, 916587.29, 209.68, 'rug', 0.01671846, 12366650.63, 9, 'scam'),
  ('GoldNetwork', 'GOL', 500471941, 0.09299012, 'random', 57, 7, 'bull', 1, 1, 1, 1, 27304, 9062, 920727.74, -172.50, 'rug', 0.28823178, 98072615.80, 6, 'dead'),
  ('StarDAO', 'STAR', 251176021, 0.03669803, 'random', 56, 2, 'sideways', 6, 1, 0, 0, 2281, 1979, 142576.46, -341.42, 'stable', 1.67548376, 261967138.54, 77, 'active'),
  ('FireChain', 'FIR', 792091867, 0.06224197, 'random', 88, 1, 'sideways', 5, 1, 0, 0, 9446, 1459, 777249.47, 399.83, 'slow_death', 0.13541962, 92826736.78, 53, 'dead'),
  ('DiamondChain', 'DIAM', 663505564, 0.06587342, 'random', 48, 2, 'bull', 6, 1, 0, 0, 17240, 4749, 507752.14, 14.61, 'slow_death', 0.16031655, 80483152.76, 28, 'dead'),
  ('GoldSwap', 'GOLD', 221309773, 0.05914340, 'random', 11, 3, 'sideways', 5, 0, 1, 1, 2227, 8564, 283887.65, 176.93, 'moon', 17.68343328, 2745703929.36, 28, 'active'),
  ('SunInu', 'SUN', 899566706, 0.05882734, 'random', 26, 0, 'bull', 5, 0, 1, 0, 2740, 9789, 594968.12, 128.64, 'stable', 0.17068974, 111835130.66, 83, 'active'),
  ('SilverNetwork', 'SILV', 842638602, 0.06940519, 'random', 27, 0, 'sideways', 7, 0, 1, 0, 163, 1599, 42692.38, 286.70, 'rug', 0.29815579, 209295490.00, 7, 'scam'),
  ('OceanFinance', 'OCE', 698964262, 0.05531414, 'random', 27, 1, 'sideways', 8, 1, 1, 1, 5009, 6457, 520326.48, -165.96, 'stable', 2.34605613, 1503992380.22, 48, 'active'),
  ('DiamondSwap', 'DIAM', 246495285, 0.01730977, 'random', 57, 5, 'bear', 10, 0, 1, 0, 10566, 3674, 511128.45, -78.94, 'stable', 0.06017479, 11652434.53, 27, 'active'),
  ('FireSwap', 'FIR', 692035251, 0.06168750, 'random', 42, 2, 'bull', 5, 1, 1, 0, 1146, 6056, 942370.42, -70.19, 'stable', 1.96900917, 1062302427.55, 8, 'active'),
  ('SkyChain', 'SKY', 594559032, 0.04384915, 'random', 54, 3, 'sideways', 5, 0, 1, 1, 8032, 8103, 954122.88, 136.70, 'rug', 0.01875452, 9488728.35, 5, 'dead'),
  ('FireMoon', 'FIR', 562710596, 0.07545882, 'random', 32, 1, 'bull', 7, 1, 0, 0, 118, 9351, 616740.03, -171.56, 'stable', 1.53271242, 709688364.13, 55, 'active'),
  ('SunToken', 'SUNT', 840731461, 0.00065231, 'random', 31, 0, 'bull', 7, 1, 0, 0, 755, 2459, 472462.90, 152.65, 'slow_death', 0.00168403, 1242631.62, 28, 'active'),
  ('SkyChain', 'SKYC', 957497027, 0.02404115, 'random', 38, 1, 'bear', 2, 0, 0, 1, 212, 8892, 907852.21, -100.60, 'slow_death', 0.03400125, 20441622.49, 51, 'dead'),
  ('SunMoon', 'SUN', 375637823, 0.06289628, 'random', 0, 1, 'sideways', 10, 1, 1, 0, 3600, 4474, 551928.96, 3.58, 'rug', 0.18918656, 69096717.69, 6, 'scam'),
  ('MoonCoin', 'MOON', 253972916, 0.04630283, 'random', 56, 4, 'bull', 8, 0, 1, 0, 12009, 2608, 342585.43, 301.02, 'slow_death', 0.10349787, 25538191.62, 42, 'dead'),
  ('MoonProtocol', 'MOON', 821010372, 0.09603232, 'random', 28, 6, 'bear', 8, 0, 0, 1, 342, 3605, 246116.66, 1.06, 'rug', 0.36042569, 241606956.31, 4, 'scam'),
  ('MoonFinance', 'MOONF', 876246415, 0.00494087, 'random', 77, 0, 'bear', 1, 0, 1, 0, 1647, 7983, 265302.30, -233.41, 'slow_death', 0.00605960, 4289137.98, 14, 'dead'),
  ('DiamondToken', 'DIAMO', 340549208, 0.08614490, 'random', 52, 3, 'sideways', 10, 1, 1, 1, 1770, 7290, 505554.49, 175.18, 'moon', 490.30054552, 165960086848.48, 4, 'active'),
  ('MoonSwap', 'MOONS', 11416193, 0.00272099, 'random', 39, 10, 'sideways', 10, 0, 1, 1, 2883, 6972, 539604.06, 287.14, 'slow_death', 0.00324641, 27692.04, 59, 'dead'),
  ('FireSwap', 'FIRES', 744630632, 0.08480124, 'random', 47, 8, 'bear', 10, 1, 1, 0, 1687, 1644, 764048.37, 84.42, 'rug', 0.11804718, 54350065.33, 4, 'scam'),
  ('SilverCoin', 'SIL', 506699539, 0.09863311, 'random', 48, 3, 'bull', 5, 0, 1, 1, 3988, 4472, 207662.91, 227.31, 'slow_death', 0.07587515, 28397629.33, 14, 'active'),
  ('SunDAO', 'SUND', 569699415, 0.05690821, 'random', 28, 2, 'bull', 5, 0, 0, 1, 5870, 9306, 252247.36, 36.09, 'slow_death', 0.16034314, 73920379.42, 19, 'dead'),
  ('SunProtocol', 'SUN', 519998968, 0.05751226, 'random', 41, 0, 'bear', 10, 1, 0, 1, 10249, 8734, 846150.80, -11.81, 'slow_death', 0.03330987, 13247070.82, 40, 'dead'),
  ('SilverMoon', 'SILVE', 710551395, 0.04647501, 'random', 48, 2, 'bull', 2, 1, 0, 0, 274, 9821, 729258.54, 189.91, 'rug', 0.03741099, 17273027.14, 8, 'dead'),
  ('FireInu', 'FIR', 976751337, 0.06254585, 'random', 46, 5, 'bull', 4, 0, 0, 0, 3153, 2157, 950057.16, 102.36, 'rug', 0.15663758, 111737871.41, 1, 'scam'),
  ('StarNetwork', 'STARN', 496096713, 0.08293907, 'random', 48, 1, 'sideways', 9, 1, 1, 1, 10516, 207, 499099.96, -14.02, 'slow_death', 0.20664579, 63235490.29, 19, 'dead'),
  ('SilverFinance', 'SILVE', 879867753, 0.03819810, 'random', 16, 0, 'sideways', 6, 1, 0, 1, 937, 9662, 204579.11, -309.89, 'rug', 0.09947120, 86784502.45, 4, 'scam'),
  ('GoldChain', 'GOLD', 304841919, 0.04628177, 'random', 39, 4, 'sideways', 9, 1, 0, 0, 1219, 4568, 448223.11, 116.15, 'slow_death', 0.04841003, 12976619.70, 32, 'dead'),
  ('SkyChain', 'SKYC', 516359593, 0.05026607, 'random', 13, 4, 'sideways', 4, 0, 1, 0, 2357, 3849, 135049.04, -175.78, 'stable', 1.35675242, 490715503.90, 66, 'active'),
  ('StarDAO', 'STA', 479575757, 0.03098648, 'random', 34, 2, 'bull', 9, 0, 0, 1, 7833, 614, 795776.90, -138.76, 'slow_death', 0.04549188, 21319298.36, 41, 'dead'),
  ('SilverInu', 'SILV', 436134156, 0.06731763, 'random', 32, 6, 'bear', 10, 1, 1, 1, 5232, 9932, 436217.89, 19.21, 'stable', 2.06860734, 897226345.64, 58, 'active'),
  ('OceanMoon', 'OCEA', 739121606, 0.01571515, 'random', 41, 0, 'sideways', 1, 0, 1, 1, 12610, 2318, 594503.88, -46.18, 'rug', 0.00693621, 3841860.86, 11, 'scam'),
  ('SunDAO', 'SUN', 968687783, 0.02705533, 'random', 29, 3, 'bear', 7, 1, 0, 1, 10693, 4349, 722864.67, -71.21, 'slow_death', 0.04630435, 31456677.47, 46, 'dead'),
  ('DiamondProtocol', 'DIAMO', 711550664, 0.02081641, 'random', 51, 0, 'sideways', 1, 0, 1, 0, 1159, 3947, 497968.54, -277.78, 'moon', 123.23414640, 71428987512.67, 23, 'dead'),
  ('RocketDAO', 'ROC', 30828600, 0.00645108, 'random', 38, 2, 'bear', 5, 1, 1, 1, 11420, 5196, 720952.60, 193.61, 'slow_death', 0.00569893, 169567.37, 43, 'active'),
  ('DiamondDAO', 'DIAMO', 723270963, 0.09848034, 'random', 55, 2, 'sideways', 10, 0, 1, 0, 12471, 2930, 417496.85, 191.63, 'rug', 0.27800190, 134280336.20, 1, 'scam'),
  ('GoldFinance', 'GOL', 383399579, 0.06213498, 'random', 34, 7, 'bull', 2, 1, 1, 1, 2450, 8071, 199616.28, 237.10, 'stable', 0.48284062, 112856877.88, 62, 'active'),
  ('DiamondSwap', 'DIAMO', 815730362, 0.05543031, 'random', 67, 0, 'bull', 7, 1, 1, 0, 467, 4216, 972843.08, 123.29, 'rug', 0.23364401, 132737492.59, 11, 'dead'),
  ('SunMoon', 'SUNM', 467145112, 0.09374797, 'random', 0, 3, 'sideways', 6, 1, 1, 1, 4377, 3204, 440422.54, 103.39, 'rug', 0.36763639, 146503379.28, 14, 'dead'),
  ('MoonChain', 'MOO', 170533171, 0.06776648, 'random', 68, 5, 'bear', 4, 1, 1, 0, 422, 3355, 683121.64, 44.66, 'moon', 588.15246536, 93698513593.52, 4, 'dead'),
  ('SkyDAO', 'SKYDA', 615828620, 0.02479905, 'random', 62, 1, 'bull', 10, 0, 1, 1, 9049, 7536, 553541.96, -256.62, 'slow_death', 0.06107720, 37123130.05, 10, 'dead'),
  ('OceanToken', 'OCEA', 212878778, 0.07670718, 'random', 48, 2, 'bear', 3, 0, 1, 1, 6097, 1263, 730140.73, -119.63, 'slow_death', 0.16556636, 31766815.63, 42, 'active'),
  ('SunChain', 'SUNCH', 264978878, 0.04084932, 'random', 41, 0, 'bear', 6, 0, 1, 0, 17103, 1497, 114352.36, -54.27, 'moon', 299.53507093, 69623945173.39, 27, 'active'),
  ('SunSwap', 'SUNS', 665430373, 0.01582091, 'random', 44, 1, 'bull', 7, 1, 1, 1, 3119, 1878, 624615.97, 410.50, 'slow_death', 0.03292133, 15374611.51, 21, 'dead'),
  ('SilverCoin', 'SIL', 621743090, 0.00800676, 'random', 29, 2, 'bull', 4, 1, 0, 1, 6500, 8044, 169343.20, 123.36, 'moon', 13.61962629, 5614483778.39, 13, 'active'),
  ('SilverProtocol', 'SILV', 520918149, 0.08179567, 'random', 69, 0, 'bear', 9, 0, 0, 0, 4425, 2138, 957607.98, 254.35, 'rug', 0.28137694, 118228852.80, 14, 'scam'),
  ('MoonSwap', 'MOO', 672275692, 0.09386649, 'random', 32, 2, 'bull', 7, 1, 1, 0, 17053, 184, 345360.66, 117.24, 'rug', 0.45849429, 301880332.38, 11, 'dead'),
  ('SkyChain', 'SKY', 631098078, 0.04392422, 'random', 58, 0, 'bull', 4, 1, 1, 0, 729, 7340, 132331.76, -275.63, 'stable', 1.88364928, 1065622649.21, 22, 'active'),
  ('StarToken', 'STAR', 584237970, 0.00561155, 'random', 39, 0, 'sideways', 6, 1, 1, 1, 2576, 6832, 638167.33, 14.14, 'slow_death', 0.01365895, 5696466.29, 36, 'dead'),
  ('StarNetwork', 'STAR', 995594558, 0.01263786, 'random', 23, 0, 'sideways', 7, 1, 1, 0, 1252, 6648, 733820.34, 175.58, 'slow_death', 0.03233406, 25017839.91, 60, 'active'),
  ('OceanInu', 'OCE', 15937485, 0.04065366, 'random', 24, 0, 'bull', 10, 1, 1, 1, 3252, 6040, 421025.57, 96.35, 'stable', 1.97280848, 25321969.55, 9, 'active'),
  ('GoldMoon', 'GOL', 617889014, 0.08527543, 'random', 52, 5, 'bear', 9, 1, 1, 0, 2515, 9666, 946290.81, -84.06, 'slow_death', 0.24511171, 91610447.92, 54, 'dead'),
  ('GoldNetwork', 'GOLDN', 777500648, 0.00391848, 'random', 37, 7, 'sideways', 4, 1, 0, 0, 2248, 262, 824590.12, 333.60, 'slow_death', 0.00230270, 1516934.91, 34, 'dead'),
  ('GoldNetwork', 'GOLDN', 802338038, 0.02767831, 'random', 84, 1, 'bull', 5, 1, 1, 0, 6404, 4492, 45219.28, 40.15, 'rug', 0.02370868, 16393157.52, 11, 'dead'),
  ('RocketNetwork', 'ROC', 177965217, 0.02528718, 'random', 19, 3, 'bear', 2, 1, 1, 0, 2132, 5882, 925739.38, -254.06, 'rug', 0.00653968, 972171.35, 6, 'scam'),
  ('StarChain', 'STAR', 285017071, 0.04032219, 'random', 33, 0, 'sideways', 2, 1, 1, 0, 2649, 7380, 76322.54, 69.23, 'rug', 0.14732098, 33923291.57, 9, 'dead'),
  ('DiamondToken', 'DIA', 829045004, 0.01702798, 'random', 38, 4, 'bear', 3, 1, 0, 0, 10206, 1025, 879641.19, -34.77, 'stable', 0.35035672, 187160490.57, 64, 'active'),
  ('DiamondProtocol', 'DIAMO', 17755604, 0.00120272, 'random', 65, 1, 'sideways', 2, 1, 0, 1, 7478, 7938, 323141.31, -88.38, 'stable', 0.01722328, 190054.38, 50, 'active'),
  ('MoonProtocol', 'MOONP', 252564448, 0.04847485, 'random', 48, 5, 'bull', 7, 0, 1, 1, 7154, 5024, 984368.99, 127.99, 'stable', 2.16939740, 532879686.54, 54, 'active'),
  ('OceanSwap', 'OCEAN', 736883123, 0.08903817, 'random', 24, 0, 'bull', 4, 1, 0, 1, 2357, 1543, 825033.60, 65.59, 'stable', 2.51987990, 1611422500.63, 37, 'active'),
  ('OceanFinance', 'OCEAN', 162745599, 0.07378473, 'random', 45, 1, 'bull', 8, 1, 0, 1, 679, 9867, 704806.23, -81.10, 'rug', 0.30893772, 30349892.71, 13, 'scam'),
  ('OceanProtocol', 'OCEA', 286488629, 0.05516849, 'random', 17, 1, 'bull', 9, 1, 1, 0, 11267, 548, 562857.83, 42.91, 'rug', 0.19938702, 42676907.39, 4, 'scam'),
  ('OceanInu', 'OCE', 16781536, 0.02269644, 'random', 30, 0, 'bull', 7, 1, 0, 0, 44, 652, 645799.37, 28.41, 'slow_death', 0.05809719, 974854.81, 38, 'active'),
  ('MoonToken', 'MOO', 721470812, 0.04674345, 'random', 71, 0, 'bull', 5, 1, 1, 1, 2839, 9153, 414792.57, 407.57, 'moon', 198.65114759, 138948225352.61, 28, 'active'),
  ('StarInu', 'STARI', 871352636, 0.01976870, 'random', 46, 3, 'bull', 1, 0, 1, 1, 5368, 8270, 797866.61, 30.62, 'slow_death', 0.02355361, 16062445.41, 33, 'dead'),
  ('SilverProtocol', 'SIL', 313308074, 0.01895716, 'random', 30, 0, 'bear', 4, 1, 1, 0, 809, 7543, 943049.71, 66.51, 'slow_death', 0.02771528, 7054147.17, 23, 'dead'),
  ('SunSwap', 'SUN', 759996556, 0.02638091, 'random', 25, 2, 'bear', 8, 0, 1, 1, 2871, 5100, 629777.19, 192.74, 'slow_death', 0.01553459, 11306974.11, 55, 'dead'),
  ('StarToken', 'STA', 153313880, 0.09378205, 'random', 73, 2, 'sideways', 5, 1, 1, 1, 10874, 8821, 797266.09, -118.45, 'stable', 2.21611979, 310598082.69, 51, 'active'),
  ('RocketCoin', 'ROCK', 284281180, 0.00417339, 'random', 39, 4, 'sideways', 4, 1, 1, 0, 20888, 3764, 457338.05, 187.03, 'slow_death', 0.00532431, 967736.08, 49, 'dead'),
  ('DiamondMoon', 'DIAMO', 77987819, 0.00474494, 'random', 48, 4, 'sideways', 1, 1, 1, 0, 2463, 5265, 547602.24, 212.28, 'stable', 0.05130755, 2829374.36, 82, 'active'),
  ('MoonDAO', 'MOON', 548181715, 0.06383654, 'random', 43, 1, 'sideways', 7, 1, 1, 0, 1903, 8998, 653998.02, -117.57, 'stable', 2.06351972, 804086342.86, 21, 'active'),
  ('OceanInu', 'OCEAN', 120582438, 0.06734038, 'random', 52, 0, 'bear', 7, 0, 1, 0, 6744, 9189, 63358.51, 506.68, 'stable', 2.87811916, 274018623.06, 79, 'active'),
  ('SilverMoon', 'SILV', 356479278, 0.04397297, 'random', 18, 2, 'bear', 3, 0, 1, 0, 16842, 9080, 484265.02, 230.42, 'moon', 252.46080180, 84782061959.98, 19, 'active'),
  ('MoonNetwork', 'MOON', 701802971, 0.09124170, 'random', 53, 2, 'sideways', 3, 1, 0, 0, 765, 5674, 672995.72, -43.79, 'slow_death', 0.21721683, 95638559.53, 19, 'dead'),
  ('RocketInu', 'ROCK', 336437966, 0.05925541, 'random', 52, 5, 'sideways', 2, 1, 1, 0, 3107, 2426, 652899.37, 408.72, 'slow_death', 0.09955632, 27862098.09, 7, 'active'),
  ('MoonNetwork', 'MOON', 293495414, 0.00588118, 'random', 54, 7, 'sideways', 9, 1, 1, 1, 4070, 9597, 861481.57, 131.62, 'stable', 0.13230196, 24661554.43, 40, 'active'),
  ('MoonProtocol', 'MOO', 759075539, 0.03631268, 'random', 52, 5, 'sideways', 4, 0, 1, 1, 3880, 3232, 840378.75, -233.13, 'rug', 0.07055934, 36454969.75, 12, 'scam'),
  ('MoonFinance', 'MOON', 85099112, 0.00123561, 'random', 25, 2, 'bull', 7, 1, 1, 0, 2270, 3781, 816435.49, -92.11, 'slow_death', 0.00136125, 77240.48, 33, 'dead'),
  ('StarDAO', 'STARD', 606612710, 0.02396824, 'random', 32, 4, 'bull', 6, 0, 1, 0, 770, 1201, 552433.03, -13.19, 'rug', 0.06444688, 26196958.85, 2, 'scam'),
  ('DiamondDAO', 'DIAMO', 735655498, 0.02322363, 'random', 75, 1, 'bear', 1, 1, 0, 0, 1845, 4136, 176796.78, -268.73, 'slow_death', 0.05104872, 25468537.25, 11, 'dead'),
  ('RocketFinance', 'ROCK', 789947975, 0.05274750, 'random', 44, 2, 'sideways', 7, 1, 1, 0, 7292, 1200, 845210.54, -60.01, 'moon', 239.77115748, 185393678128.30, 10, 'active'),
  ('SilverProtocol', 'SILV', 338610336, 0.00595196, 'random', 47, 2, 'bull', 3, 0, 1, 0, 658, 6660, 125790.31, -88.38, 'stable', 0.08437344, 24619325.43, 18, 'active'),
  ('GoldDAO', 'GOLDD', 103193428, 0.05499105, 'random', 30, 0, 'sideways', 5, 1, 0, 1, 3129, 4650, 888114.69, 246.71, 'rug', 0.22832930, 15341494.57, 1, 'dead'),
  ('RocketChain', 'ROCKE', 892201570, 0.04904868, 'random', 43, 0, 'bear', 7, 0, 0, 1, 1045, 9330, 92231.41, 387.69, 'slow_death', 0.05684207, 34766298.17, 13, 'dead'),
  ('FireProtocol', 'FIR', 28761828, 0.08798603, 'random', 29, 5, 'sideways', 1, 0, 1, 1, 7372, 6009, 854602.52, 147.14, 'stable', 0.26637068, 6532944.22, 15, 'active'),
  ('SilverProtocol', 'SIL', 135545534, 0.04650625, 'random', 42, 0, 'bear', 5, 1, 0, 0, 1901, 2526, 216952.05, 284.90, 'slow_death', 0.10109792, 8906181.01, 51, 'dead'),
  ('MoonNetwork', 'MOONN', 267212044, 0.06535072, 'random', 20, 0, 'sideways', 2, 0, 1, 0, 5350, 2620, 362085.60, 150.53, 'rug', 0.29583291, 77328065.13, 8, 'scam'),
  ('RocketFinance', 'ROCK', 37984957, 0.00905358, 'random', 69, 0, 'bull', 5, 0, 1, 0, 2449, 3294, 459116.98, 362.79, 'slow_death', 0.01806331, 469066.63, 33, 'dead'),
  ('SunNetwork', 'SUN', 79449023, 0.03946008, 'random', 60, 0, 'bull', 9, 0, 0, 0, 1149, 5074, 582591.41, 73.59, 'rug', 0.00476634, 328289.84, 10, 'scam'),
  ('SunToken', 'SUN', 443167591, 0.02379662, 'random', 42, 9, 'bear', 8, 1, 0, 1, 5204, 7904, 65746.10, -50.99, 'rug', 0.02261756, 8322263.67, 12, 'scam'),
  ('GoldCoin', 'GOL', 105375949, 0.04872105, 'random', 32, 0, 'bear', 3, 0, 0, 1, 4483, 1519, 748991.14, 227.32, 'rug', 0.14321183, 9493592.89, 2, 'scam'),
  ('OceanNetwork', 'OCEAN', 440733809, 0.07896492, 'random', 77, 1, 'bull', 4, 1, 1, 0, 7622, 7751, 717791.43, -149.32, 'moon', 356.43128593, 100562399667.29, 23, 'active'),
  ('FireProtocol', 'FIR', 359833420, 0.05345431, 'random', 49, 0, 'bull', 6, 1, 0, 1, 4952, 8012, 510729.88, 131.66, 'rug', 0.05071167, 12359680.27, 7, 'scam'),
  ('OceanMoon', 'OCEA', 922353751, 0.07858219, 'random', 40, 2, 'sideways', 1, 1, 1, 1, 6392, 6760, 20670.24, -328.07, 'stable', 1.28395153, 833998398.44, 19, 'active'),
  ('SunCoin', 'SUNC', 613945256, 0.02469816, 'random', 64, 4, 'bear', 2, 1, 1, 1, 15595, 964, 856326.71, 390.46, 'rug', 0.12030064, 61006364.98, 12, 'scam'),
  ('MoonToken', 'MOONT', 760704010, 0.07736733, 'random', 7, 1, 'bull', 3, 1, 1, 1, 3497, 4859, 205954.24, 99.34, 'slow_death', 0.13654542, 77167573.76, 42, 'dead'),
  ('SilverSwap', 'SILVE', 993391996, 0.09860634, 'random', 22, 0, 'bull', 6, 1, 1, 0, 20413, 5830, 771761.64, 113.89, 'stable', 1.52047668, 1129089279.43, 30, 'active'),
  ('SkyInu', 'SKYI', 624020319, 0.08976916, 'random', 34, 4, 'bull', 6, 0, 1, 0, 2688, 9124, 299591.89, -59.28, 'stable', 2.67733380, 1440151697.07, 23, 'active'),
  ('MoonProtocol', 'MOON', 991936454, 0.08855033, 'random', 40, 6, 'bull', 1, 0, 0, 0, 169, 3696, 736991.55, 152.42, 'rug', 0.33752296, 276628147.86, 5, 'scam'),
  ('MoonNetwork', 'MOO', 962841317, 0.09434623, 'random', 16, 0, 'bear', 8, 1, 0, 0, 7589, 5621, 106668.79, 197.20, 'rug', 0.01205497, 10042424.68, 4, 'scam'),
  ('SunToken', 'SUNT', 81386246, 0.03354028, 'random', 79, 3, 'sideways', 5, 1, 1, 0, 407, 6727, 276644.86, 153.05, 'stable', 0.97965172, 50304782.20, 24, 'active'),
  ('SkySwap', 'SKY', 598180425, 0.08992645, 'random', 32, 0, 'sideways', 8, 1, 1, 0, 4954, 7536, 329306.50, 151.35, 'rug', 0.01486715, 6558946.48, 4, 'scam'),
  ('SunInu', 'SUN', 692104173, 0.01915877, 'random', 64, 2, 'sideways', 4, 1, 1, 0, 5636, 5411, 347393.48, 28.04, 'rug', 0.07204594, 46115129.75, 4, 'scam'),
  ('SilverCoin', 'SILVE', 216178611, 0.00171140, 'random', 33, 3, 'bull', 2, 1, 1, 1, 2511, 823, 116994.53, -156.11, 'slow_death', 0.00329373, 564036.62, 33, 'dead'),
  ('DiamondToken', 'DIAM', 372834711, 0.02558985, 'random', 57, 2, 'sideways', 5, 1, 1, 0, 1300, 443, 685755.03, -88.24, 'slow_death', 0.03825848, 11277834.45, 23, 'dead'),
  ('SunSwap', 'SUNS', 761939488, 0.07922259, 'random', 49, 3, 'sideways', 1, 1, 0, 1, 10462, 3058, 985957.27, -109.60, 'stable', 2.15742001, 1202930199.30, 36, 'active'),
  ('MoonFinance', 'MOO', 418707774, 0.00593603, 'random', 28, 0, 'bull', 1, 0, 1, 0, 9088, 309, 767856.32, -151.94, 'moon', 44.13667914, 14557223338.74, 12, 'active'),
  ('GoldDAO', 'GOLD', 415273945, 0.04073293, 'random', 93, 4, 'bear', 8, 1, 1, 0, 4720, 1235, 527937.20, 112.42, 'rug', 0.01518760, 5675976.62, 4, 'dead'),
  ('DiamondFinance', 'DIA', 960149772, 0.06018218, 'random', 35, 3, 'sideways', 5, 0, 0, 1, 2505, 1279, 57931.85, 14.56, 'rug', 0.05925869, 51931374.95, 3, 'dead'),
  ('FireSwap', 'FIRE', 557893063, 0.05413567, 'random', 53, 0, 'sideways', 2, 1, 1, 0, 1090, 8438, 492727.62, -89.82, 'slow_death', 0.07775217, 29812358.85, 40, 'dead'),
  ('RocketProtocol', 'ROC', 115320776, 0.03083411, 'random', 34, 0, 'bull', 1, 0, 1, 0, 9061, 838, 270704.51, 63.79, 'rug', 0.11904197, 13256438.89, 5, 'dead'),
  ('GoldCoin', 'GOLDC', 372804380, 0.01045667, 'random', 11, 3, 'bull', 4, 1, 1, 1, 3172, 3462, 170262.43, 229.54, 'rug', 0.02976260, 10916081.37, 5, 'scam'),
  ('GoldChain', 'GOLDC', 31560222, 0.06326631, 'random', 32, 3, 'bull', 10, 1, 1, 0, 947, 8522, 533969.32, 237.16, 'slow_death', 0.08699319, 1990681.53, 53, 'dead'),
  ('DiamondToken', 'DIA', 187460748, 0.04695278, 'random', 43, 5, 'bull', 5, 0, 1, 1, 8265, 5652, 919996.40, -38.97, 'moon', 417.73600474, 68710310856.12, 26, 'active'),
  ('MoonDAO', 'MOOND', 906595868, 0.08824579, 'random', 29, 1, 'bull', 6, 1, 0, 1, 6512, 1207, 692590.86, -79.43, 'slow_death', 0.06697351, 41127908.34, 50, 'dead'),
  ('SilverFinance', 'SILVE', 732383510, 0.08650693, 'random', 58, 0, 'sideways', 8, 1, 1, 1, 5247, 4620, 54543.21, -121.19, 'rug', 0.01969839, 11688920.23, 5, 'scam'),
  ('SunInu', 'SUN', 660076070, 0.04332864, 'random', 4, 2, 'bear', 7, 1, 1, 1, 8292, 1666, 553738.81, 53.37, 'stable', 1.20914820, 569062343.58, 73, 'active'),
  ('DiamondProtocol', 'DIAM', 77479316, 0.03208292, 'random', 33, 0, 'bull', 9, 1, 0, 0, 5830, 8468, 659800.79, 239.15, 'slow_death', 0.07343198, 3786705.26, 31, 'dead'),
  ('StarChain', 'STA', 8512588, 0.03226387, 'random', 42, 0, 'bear', 6, 1, 1, 0, 3577, 1083, 566483.18, -72.41, 'stable', 0.98322331, 5181226.90, 44, 'active'),
  ('FireCoin', 'FIRE', 441197803, 0.03696013, 'random', 59, 4, 'sideways', 1, 1, 1, 1, 3357, 9805, 931321.40, -247.34, 'slow_death', 0.02764767, 10440152.73, 35, 'active'),
  ('GoldChain', 'GOLDC', 578222900, 0.07729289, 'random', 25, 3, 'bear', 6, 0, 0, 1, 10719, 2164, 250266.71, -148.86, 'stable', 0.96996809, 538968346.16, 72, 'active'),
  ('SilverDAO', 'SIL', 638157097, 0.05091215, 'random', 7, 1, 'bull', 7, 0, 1, 0, 539, 7695, 593762.66, -158.33, 'slow_death', 0.11208092, 61468595.24, 14, 'active'),
  ('DiamondDAO', 'DIAMO', 740253017, 0.05566370, 'random', 0, 2, 'bear', 3, 1, 0, 0, 1697, 3602, 401332.71, -61.50, 'slow_death', 0.09654597, 44252678.20, 41, 'dead'),
  ('OceanFinance', 'OCEAN', 874946787, 0.03676654, 'random', 27, 0, 'bear', 7, 0, 1, 1, 10353, 2229, 628817.42, -47.98, 'slow_death', 0.04819160, 28342696.31, 11, 'dead'),
  ('RocketCoin', 'ROCKE', 162899069, 0.00408856, 'random', 79, 0, 'bull', 10, 0, 1, 0, 333, 7223, 194324.54, 369.44, 'rug', 0.01503669, 2420158.49, 13, 'scam'),
  ('SkyMoon', 'SKYM', 963253038, 0.03802130, 'random', 0, 3, 'bull', 6, 1, 1, 1, 11863, 971, 785038.59, -292.61, 'slow_death', 0.11013745, 100290083.83, 20, 'dead'),
  ('FireInu', 'FIREI', 526703583, 0.07810311, 'random', 17, 6, 'sideways', 4, 1, 0, 0, 1739, 2203, 611219.31, 83.27, 'rug', 0.34731934, 153748639.66, 8, 'scam'),
  ('SunNetwork', 'SUN', 455086094, 0.08896019, 'random', 92, 1, 'sideways', 8, 0, 1, 1, 1614, 6781, 812281.93, -154.45, 'moon', 225.46382006, 84754371665.43, 16, 'active'),
  ('OceanChain', 'OCEA', 794415942, 0.07279095, 'random', 47, 0, 'bull', 3, 0, 1, 1, 5613, 9382, 687584.55, -2.59, 'rug', 0.26325317, 207858122.25, 13, 'dead'),
  ('SilverChain', 'SILVE', 954870396, 0.02217649, 'random', 31, 4, 'sideways', 7, 0, 1, 1, 13643, 838, 851609.85, -54.18, 'slow_death', 0.03022989, 26732866.79, 19, 'dead'),
  ('DiamondSwap', 'DIA', 788104199, 0.03586370, 'random', 20, 0, 'bull', 9, 0, 0, 0, 8217, 2157, 655737.49, 334.47, 'rug', 0.04975829, 34463872.37, 1, 'dead'),
  ('SkyMoon', 'SKYMO', 720572650, 0.00737152, 'random', 53, 1, 'bull', 10, 1, 0, 0, 2445, 3891, 530366.91, -275.05, 'rug', 0.03402970, 23345689.65, 14, 'dead'),
  ('SunCoin', 'SUN', 396388387, 0.09989499, 'random', 26, 0, 'bear', 5, 0, 1, 0, 770, 5660, 30087.22, 156.93, 'rug', 0.25432471, 91596714.11, 11, 'dead'),
  ('RocketProtocol', 'ROC', 284297261, 0.09493506, 'random', 24, 0, 'bear', 10, 1, 0, 1, 565, 2851, 914890.64, 114.54, 'rug', 0.28570437, 53837690.80, 2, 'scam'),
  ('RocketProtocol', 'ROC', 731862139, 0.04324827, 'random', 58, 5, 'sideways', 2, 1, 1, 0, 1358, 6794, 489036.30, 27.74, 'rug', 0.03678104, 17178848.74, 3, 'scam'),
  ('OceanFinance', 'OCEA', 487449923, 0.09698264, 'random', 23, 4, 'sideways', 10, 1, 1, 0, 5155, 2375, 959902.03, 114.58, 'rug', 0.10533421, 46364415.95, 12, 'scam'),
  ('FireInu', 'FIR', 908987155, 0.07453649, 'random', 9, 1, 'bull', 3, 1, 0, 0, 5838, 1546, 207156.92, 208.39, 'rug', 0.15284340, 113670707.20, 3, 'scam'),
  ('DiamondInu', 'DIAM', 783284780, 0.04448480, 'random', 64, 1, 'sideways', 4, 1, 0, 1, 6100, 7304, 78891.86, 185.22, 'stable', 1.01674036, 638641258.73, 53, 'active'),
  ('SkyDAO', 'SKY', 342708482, 0.04195042, 'random', 34, 3, 'sideways', 6, 1, 1, 1, 15197, 3359, 643306.43, 252.14, 'stable', 0.85070166, 231191378.87, 81, 'active'),
  ('GoldMoon', 'GOLDM', 268452402, 0.05517297, 'random', 33, 3, 'bull', 6, 0, 1, 1, 795, 2490, 191238.54, 255.94, 'stable', 0.72561383, 192875817.50, 77, 'active'),
  ('RocketChain', 'ROC', 126932626, 0.03466836, 'random', 27, 1, 'sideways', 10, 1, 1, 1, 579, 2076, 937543.96, 108.37, 'moon', 101.09313428, 11948938466.96, 25, 'active'),
  ('SkyInu', 'SKYIN', 26141719, 0.03132227, 'random', 27, 5, 'sideways', 5, 1, 0, 0, 328, 7809, 842337.91, 174.27, 'rug', 0.02510667, 603487.91, 5, 'dead'),
  ('GoldToken', 'GOLD', 552278289, 0.09481192, 'random', 57, 0, 'bear', 7, 1, 0, 1, 2981, 9997, 603909.74, 182.51, 'rug', 0.15809933, 84149537.76, 9, 'scam'),
  ('StarSwap', 'STAR', 169381716, 0.04185694, 'random', 13, 2, 'bull', 3, 1, 1, 1, 3436, 2568, 432403.20, 8.00, 'stable', 0.28900977, 48791812.94, 59, 'active'),
  ('FireChain', 'FIREC', 459127637, 0.00657944, 'random', 32, 3, 'sideways', 10, 1, 0, 1, 3015, 5872, 680518.61, -21.84, 'stable', 0.08757604, 30587091.76, 69, 'active'),
  ('GoldCoin', 'GOLDC', 997455285, 0.02183313, 'random', 71, 6, 'sideways', 6, 1, 0, 1, 1971, 3722, 173097.17, -73.94, 'rug', 0.08213053, 69784871.80, 5, 'dead'),
  ('GoldToken', 'GOLDT', 352321278, 0.03217687, 'random', 29, 0, 'bull', 8, 1, 1, 0, 1752, 9717, 954471.35, -31.65, 'rug', 0.04410274, 10778442.38, 6, 'dead'),
  ('GoldMoon', 'GOLDM', 5449855, 0.00583894, 'random', 31, 5, 'bear', 8, 0, 0, 1, 10293, 8554, 640215.72, -135.01, 'rug', 0.01754503, 78112.72, 3, 'scam'),
  ('StarInu', 'STA', 50142121, 0.01749571, 'random', 74, 0, 'bull', 7, 1, 1, 1, 6562, 1233, 325107.96, -55.67, 'rug', 0.05835482, 2594479.22, 13, 'dead'),
  ('RocketChain', 'ROCK', 406906673, 0.06319530, 'random', 45, 8, 'bull', 5, 0, 0, 1, 4095, 7125, 890871.23, -144.91, 'rug', 0.06207149, 21157902.52, 13, 'scam'),
  ('FireCoin', 'FIRE', 694455098, 0.02582834, 'random', 24, 2, 'sideways', 8, 1, 0, 1, 11665, 2708, 904957.63, 161.55, 'stable', 1.27689917, 762609546.89, 36, 'active'),
  ('SilverMoon', 'SILV', 403072078, 0.06564889, 'random', 80, 0, 'bear', 1, 1, 0, 0, 293, 870, 6598.98, -97.04, 'stable', 1.44045234, 418839357.35, 75, 'active'),
  ('SilverInu', 'SIL', 54682803, 0.00147856, 'random', 43, 6, 'sideways', 1, 0, 1, 1, 2189, 6421, 380811.06, -173.95, 'stable', 0.06282481, 2540200.97, 57, 'active'),
  ('MoonMoon', 'MOO', 917107754, 0.04603419, 'random', 62, 5, 'bull', 4, 1, 1, 0, 354, 7490, 843961.26, 122.42, 'slow_death', 0.03412319, 19531173.27, 20, 'dead'),
  ('StarNetwork', 'STARN', 942243176, 0.00927987, 'random', 39, 3, 'sideways', 5, 0, 0, 1, 396, 5412, 36306.03, 33.99, 'stable', 0.27013201, 172246946.33, 52, 'active'),
  ('OceanToken', 'OCEAN', 71902744, 0.05066118, 'random', 20, 0, 'bull', 6, 1, 1, 0, 17749, 569, 578772.65, 529.36, 'stable', 1.48895597, 87884993.04, 18, 'active'),
  ('SunProtocol', 'SUNPR', 60033834, 0.05282753, 'random', 48, 0, 'sideways', 5, 1, 1, 1, 64, 6582, 953962.67, -207.25, 'slow_death', 0.03598167, 2044444.17, 4, 'dead'),
  ('MoonFinance', 'MOON', 975849815, 0.03314654, 'random', 11, 4, 'sideways', 8, 0, 1, 0, 2768, 8151, 727437.27, 171.56, 'stable', 0.15076487, 111842596.23, 88, 'active'),
  ('DiamondInu', 'DIA', 725787223, 0.05056339, 'random', 34, 3, 'bull', 1, 1, 1, 1, 19939, 7224, 315918.10, -66.09, 'slow_death', 0.13257702, 86438336.50, 6, 'active'),
  ('GoldSwap', 'GOLD', 434208995, 0.02154245, 'random', 37, 1, 'bear', 4, 1, 1, 1, 3797, 102, 120183.86, -114.23, 'slow_death', 0.06430978, 18894685.77, 23, 'dead'),
  ('FireSwap', 'FIRE', 392397800, 0.00582944, 'random', 38, 6, 'bull', 3, 1, 1, 1, 3261, 1047, 119521.29, -26.20, 'rug', 0.00714109, 2782115.85, 6, 'dead'),
  ('FireInu', 'FIR', 39610148, 0.06218004, 'random', 25, 9, 'sideways', 7, 0, 1, 1, 13760, 5645, 167430.33, -8.15, 'stable', 2.44626968, 89006865.98, 65, 'active'),
  ('SilverInu', 'SIL', 273266786, 0.06804245, 'random', 63, 5, 'sideways', 3, 1, 0, 0, 1269, 8017, 859713.61, 8.09, 'slow_death', 0.17547913, 35767145.89, 27, 'active'),
  ('SunMoon', 'SUNMO', 855239912, 0.02728465, 'random', 47, 1, 'sideways', 9, 1, 1, 1, 8136, 1381, 883108.67, 159.52, 'slow_death', 0.02653527, 20916014.72, 47, 'active'),
  ('GoldCoin', 'GOL', 537085337, 0.05975090, 'random', 16, 3, 'sideways', 5, 0, 0, 0, 808, 4399, 931704.41, -177.21, 'rug', 0.24749626, 109562964.22, 14, 'scam'),
  ('MoonMoon', 'MOON', 225524526, 0.03263641, 'random', 43, 4, 'bull', 7, 1, 1, 1, 2161, 5130, 609891.65, 416.03, 'rug', 0.09974038, 17002085.36, 2, 'dead'),
  ('SunDAO', 'SUN', 85523761, 0.01805060, 'random', 53, 4, 'bear', 5, 1, 1, 1, 1799, 3297, 881802.28, 178.10, 'slow_death', 0.02538652, 1762562.06, 45, 'active'),
  ('FireCoin', 'FIRE', 477120129, 0.09160810, 'random', 20, 6, 'sideways', 2, 0, 1, 1, 5777, 6412, 832644.32, -131.95, 'slow_death', 0.06933776, 26750403.12, 60, 'dead'),
  ('SilverChain', 'SILV', 7595433, 0.01860368, 'random', 23, 5, 'bull', 8, 1, 0, 0, 7414, 3039, 474819.25, 216.46, 'rug', 0.00746213, 47538.11, 9, 'scam'),
  ('StarSwap', 'STARS', 766702481, 0.06173695, 'random', 29, 5, 'bear', 6, 0, 1, 1, 1094, 9311, 744476.76, 309.18, 'slow_death', 0.14042263, 81081943.86, 20, 'active'),
  ('DiamondChain', 'DIAM', 475566670, 0.01679194, 'random', 48, 4, 'bull', 9, 0, 0, 1, 4302, 9722, 377136.66, 155.52, 'moon', 88.76069470, 40878152962.29, 15, 'active'),
  ('FireMoon', 'FIREM', 808772909, 0.01544333, 'random', 27, 1, 'sideways', 9, 1, 0, 1, 9417, 1937, 338175.41, 462.33, 'rug', 0.06029035, 41282043.68, 5, 'scam'),
  ('SkyDAO', 'SKYDA', 791555778, 0.02686025, 'random', 66, 6, 'bull', 4, 1, 1, 0, 13490, 4679, 187070.18, -47.86, 'slow_death', 0.01614912, 9447128.13, 51, 'dead'),
  ('SunDAO', 'SUN', 732192023, 0.04135881, 'random', 43, 2, 'bear', 7, 1, 1, 1, 721, 1293, 306331.37, 129.14, 'stable', 1.92031304, 1300446139.78, 45, 'active'),
  ('SunChain', 'SUN', 550419415, 0.03776485, 'random', 39, 2, 'bear', 3, 1, 1, 0, 25, 2348, 777806.32, 378.85, 'slow_death', 0.02535747, 10571032.80, 42, 'dead'),
  ('MoonNetwork', 'MOONN', 318982655, 0.00258683, 'random', 0, 0, 'sideways', 9, 1, 1, 1, 1234, 9148, 137973.42, -276.35, 'slow_death', 0.00680693, 1446870.85, 55, 'active'),
  ('OceanFinance', 'OCE', 274762892, 0.08461893, 'random', 0, 0, 'bull', 10, 0, 0, 0, 6694, 454, 855495.77, 143.44, 'slow_death', 0.20320007, 36012182.39, 18, 'active'),
  ('SkyMoon', 'SKYM', 697583697, 0.08426291, 'random', 60, 6, 'sideways', 7, 0, 0, 1, 3495, 2843, 67172.41, 82.84, 'rug', 0.30654542, 163671902.32, 11, 'scam'),
  ('FireMoon', 'FIR', 268420305, 0.00796819, 'random', 50, 5, 'sideways', 7, 0, 1, 0, 11354, 2986, 590231.14, 17.31, 'stable', 0.38098432, 72606551.47, 58, 'active'),
  ('SkyProtocol', 'SKY', 584442947, 0.04835193, 'random', 64, 2, 'bull', 4, 1, 0, 0, 13861, 901, 426651.15, 499.54, 'slow_death', 0.06043990, 26671105.39, 7, 'dead'),
  ('SkyNetwork', 'SKYNE', 304948400, 0.01947027, 'random', 50, 5, 'bear', 8, 0, 1, 0, 684, 4193, 372543.46, 21.07, 'stable', 0.18311197, 37412793.32, 43, 'active'),
  ('GoldDAO', 'GOLDD', 972020232, 0.08110961, 'random', 26, 0, 'bull', 2, 0, 1, 0, 1987, 4522, 85113.68, 133.80, 'stable', 3.75653945, 3601181000.11, 47, 'active'),
  ('RocketMoon', 'ROCK', 782578989, 0.09786072, 'random', 46, 3, 'bear', 1, 0, 1, 0, 1708, 1087, 80512.26, -52.56, 'rug', 0.33405999, 243278335.10, 1, 'dead'),
  ('DiamondMoon', 'DIA', 90664281, 0.03513492, 'random', 52, 4, 'bear', 4, 0, 1, 0, 8616, 645, 442651.93, 249.12, 'stable', 0.26311293, 15151639.26, 46, 'active'),
  ('GoldCoin', 'GOL', 31914436, 0.02906332, 'random', 50, 1, 'sideways', 10, 1, 1, 1, 2445, 3544, 551756.55, 46.07, 'rug', 0.11395031, 3529630.08, 3, 'dead'),
  ('StarSwap', 'STARS', 209652439, 0.09370090, 'random', 37, 2, 'bear', 7, 0, 1, 0, 12196, 5013, 278665.21, -87.19, 'rug', 0.45345607, 85474317.10, 11, 'scam'),
  ('RocketInu', 'ROCK', 950730856, 0.05454268, 'random', 36, 3, 'bear', 2, 0, 0, 1, 3087, 8871, 529281.84, -13.44, 'rug', 0.06832877, 61380132.99, 12, 'dead'),
  ('SkyMoon', 'SKYM', 508411756, 0.09665440, 'random', 8, 2, 'bear', 8, 1, 1, 0, 204, 859, 210773.65, 367.33, 'stable', 1.87695693, 857963480.18, 17, 'active'),
  ('SunFinance', 'SUNFI', 807517585, 0.00851420, 'random', 25, 1, 'bull', 5, 0, 0, 0, 8091, 103, 832514.74, 269.96, 'rug', 0.03165370, 17508997.46, 10, 'dead'),
  ('RocketSwap', 'ROC', 670238166, 0.09353004, 'random', 65, 0, 'bear', 4, 1, 1, 1, 2561, 7940, 633653.64, 193.54, 'slow_death', 0.27706368, 159065534.09, 55, 'dead'),
  ('OceanChain', 'OCEAN', 204467574, 0.05623915, 'random', 49, 5, 'sideways', 9, 0, 0, 0, 5099, 2870, 47436.37, -230.09, 'stable', 2.13065911, 310997823.35, 84, 'active'),
  ('RocketNetwork', 'ROCK', 819416973, 0.08455655, 'random', 30, 0, 'sideways', 7, 1, 0, 1, 364, 8646, 128590.70, 351.67, 'stable', 2.34175572, 1690700266.95, 49, 'active'),
  ('SilverToken', 'SILV', 410984196, 0.05105154, 'random', 31, 0, 'bull', 10, 1, 0, 1, 3912, 6379, 858294.85, -365.80, 'slow_death', 0.12783984, 48597622.19, 41, 'dead'),
  ('OceanDAO', 'OCEA', 847865273, 0.05355386, 'random', 61, 2, 'sideways', 5, 1, 1, 1, 1714, 2833, 255529.76, 74.58, 'rug', 0.13797550, 83818125.72, 7, 'scam'),
  ('SilverToken', 'SILVE', 96575540, 0.08788668, 'random', 47, 0, 'bull', 6, 1, 1, 0, 1988, 557, 845928.36, -95.09, 'stable', 3.98793603, 328592121.59, 71, 'active'),
  ('MoonProtocol', 'MOONP', 136982485, 0.08629389, 'random', 24, 4, 'bear', 2, 1, 1, 0, 1264, 2759, 686540.45, 174.78, 'rug', 0.14102110, 15728806.93, 7, 'scam'),
  ('MoonInu', 'MOON', 841188534, 0.01084410, 'random', 18, 0, 'bear', 4, 1, 1, 0, 3784, 8774, 91297.62, -486.46, 'stable', 0.04256639, 30918505.14, 60, 'active'),
  ('RocketMoon', 'ROC', 851627084, 0.05900431, 'random', 70, 2, 'bull', 9, 1, 1, 1, 17795, 1535, 929862.18, 18.48, 'rug', 0.03502804, 18895440.21, 1, 'scam'),
  ('MoonNetwork', 'MOON', 119626433, 0.02132922, 'random', 28, 3, 'sideways', 9, 0, 1, 1, 6128, 1306, 922702.86, -232.00, 'rug', 0.08524585, 9489478.54, 11, 'scam'),
  ('StarMoon', 'STA', 564059725, 0.06581761, 'random', 20, 1, 'bear', 9, 0, 1, 1, 3585, 1845, 656175.11, 0.52, 'stable', 2.55922341, 1260480011.32, 66, 'active'),
  ('FireMoon', 'FIR', 749778340, 0.05297721, 'random', 7, 0, 'bear', 5, 1, 1, 0, 2168, 4929, 844019.53, -141.86, 'stable', 2.49208373, 1277221289.37, 36, 'active'),
  ('MoonToken', 'MOO', 753424319, 0.05895564, 'random', 34, 2, 'sideways', 9, 0, 0, 1, 4683, 3211, 781811.39, 7.76, 'slow_death', 0.07220567, 48084804.71, 17, 'dead'),
  ('SkyMoon', 'SKY', 61185435, 0.01058802, 'random', 21, 8, 'bull', 10, 1, 1, 0, 4370, 4562, 51411.84, 148.16, 'slow_death', 0.02459463, 917417.84, 36, 'dead'),
  ('OceanChain', 'OCE', 611006444, 0.02449706, 'random', 39, 6, 'bull', 1, 0, 1, 0, 1962, 2881, 707151.79, 294.03, 'slow_death', 0.07032382, 29161161.80, 57, 'dead'),
  ('SilverCoin', 'SILV', 56268902, 0.03838723, 'random', 50, 0, 'bull', 3, 1, 1, 0, 3290, 5548, 484208.19, 19.91, 'rug', 0.15605595, 6021483.26, 9, 'scam'),
  ('DiamondMoon', 'DIAMO', 529857249, 0.03848795, 'random', 33, 0, 'bear', 9, 1, 1, 1, 4450, 5970, 560241.46, 339.82, 'slow_death', 0.03203145, 11210230.00, 44, 'active'),
  ('RocketSwap', 'ROCK', 44350582, 0.00148526, 'random', 76, 1, 'bull', 1, 1, 1, 0, 8157, 1660, 603104.40, 316.96, 'rug', 0.00054438, 22043.72, 7, 'dead'),
  ('SunFinance', 'SUNF', 542798321, 0.06715228, 'random', 10, 0, 'sideways', 2, 1, 0, 0, 951, 613, 770650.60, 215.93, 'slow_death', 0.18167575, 79716950.17, 41, 'dead'),
  ('RocketCoin', 'ROCKE', 117528978, 0.03721026, 'random', 61, 3, 'sideways', 5, 0, 1, 1, 2905, 5825, 784811.65, 174.93, 'slow_death', 0.06075228, 6066747.70, 30, 'active'),
  ('GoldInu', 'GOLDI', 501113228, 0.07382761, 'random', 24, 3, 'sideways', 6, 0, 1, 1, 7297, 1798, 818369.94, -17.09, 'stable', 0.19702162, 75616383.52, 76, 'active'),
  ('SilverCoin', 'SILV', 846642858, 0.06096810, 'random', 6, 0, 'bull', 9, 0, 1, 1, 3579, 1062, 325769.00, 256.64, 'stable', 0.58759575, 437068543.80, 49, 'active'),
  ('SunChain', 'SUNCH', 41929831, 0.08440369, 'random', 30, 0, 'bear', 7, 0, 1, 1, 557, 6435, 114219.51, 392.01, 'rug', 0.29591815, 9633668.99, 4, 'scam'),
  ('RocketToken', 'ROCK', 284658789, 0.01103912, 'random', 50, 7, 'sideways', 7, 0, 0, 1, 6006, 889, 263080.09, -98.09, 'rug', 0.04336604, 11951346.85, 13, 'scam'),
  ('GoldInu', 'GOLD', 438119045, 0.00799054, 'random', 29, 2, 'bear', 7, 1, 1, 0, 5933, 3054, 574325.75, 83.62, 'rug', 0.00341209, 1484851.39, 10, 'dead'),
  ('SilverChain', 'SILV', 518665238, 0.01614716, 'random', 5, 2, 'sideways', 10, 1, 1, 0, 1585, 2703, 197100.97, -444.34, 'rug', 0.03315804, 14246961.60, 1, 'scam'),
  ('OceanCoin', 'OCE', 743633432, 0.07059981, 'random', 26, 2, 'sideways', 3, 1, 1, 0, 4527, 6815, 331049.04, 114.83, 'rug', 0.15464648, 83536428.56, 1, 'scam'),
  ('SunFinance', 'SUNFI', 640717116, 0.00314857, 'random', 47, 0, 'bear', 10, 0, 1, 1, 11835, 502, 431389.95, -227.49, 'moon', 17.84901891, 10151843798.44, 7, 'dead'),
  ('OceanProtocol', 'OCEAN', 194664274, 0.08541878, 'random', 30, 0, 'sideways', 4, 1, 1, 0, 2132, 57, 322548.40, 200.28, 'slow_death', 0.23207022, 35280852.85, 34, 'dead'),
  ('SkyDAO', 'SKYD', 670998334, 0.03530399, 'random', 65, 2, 'bear', 10, 1, 1, 0, 4982, 2933, 417128.49, 43.02, 'slow_death', 0.01899224, 7857318.89, 54, 'dead'),
  ('StarMoon', 'STAR', 173312160, 0.05183397, 'random', 24, 0, 'bear', 9, 1, 1, 1, 906, 208, 146103.62, 47.54, 'rug', 0.22818052, 39434142.45, 1, 'scam'),
  ('DiamondToken', 'DIAMO', 709387508, 0.04882855, 'random', 11, 4, 'bull', 9, 0, 0, 0, 11651, 6884, 161315.40, -26.56, 'stable', 0.22201590, 146439316.11, 70, 'active'),
  ('StarInu', 'STARI', 81681964, 0.07182942, 'random', 9, 0, 'bull', 1, 0, 0, 1, 481, 5099, 726339.52, -61.28, 'stable', 2.05798327, 165494680.14, 17, 'active'),
  ('FireDAO', 'FIRED', 267408494, 0.03336920, 'random', 47, 0, 'bear', 4, 1, 1, 1, 9381, 8988, 569680.55, 389.65, 'stable', 0.33272907, 85218628.46, 32, 'active'),
  ('SunMoon', 'SUN', 152079585, 0.00186202, 'random', 43, 1, 'sideways', 7, 1, 1, 1, 12026, 5921, 370206.76, 199.69, 'stable', 0.04312684, 5722434.52, 53, 'active'),
  ('RocketProtocol', 'ROC', 357458162, 0.00310419, 'random', 23, 1, 'bull', 1, 0, 1, 1, 27549, 7826, 654752.55, 283.19, 'slow_death', 0.00574898, 1590898.55, 52, 'dead'),
  ('SkyMoon', 'SKYMO', 399079674, 0.09563895, 'random', 20, 3, 'sideways', 8, 0, 0, 0, 2334, 8820, 10845.31, -387.67, 'slow_death', 0.25949762, 76769175.49, 12, 'dead'),
  ('SkyChain', 'SKY', 898011796, 0.09338362, 'random', 55, 0, 'bear', 8, 1, 0, 1, 2846, 1787, 462918.26, 180.48, 'rug', 0.21283860, 131501130.15, 7, 'scam'),
  ('SilverNetwork', 'SILVE', 630178168, 0.05740046, 'random', 22, 2, 'sideways', 7, 1, 1, 0, 1050, 6263, 803774.11, 132.28, 'slow_death', 0.08509036, 51976213.46, 32, 'active'),
  ('StarToken', 'START', 68651497, 0.02374701, 'random', 13, 0, 'bull', 2, 1, 1, 0, 3749, 75, 616795.77, -101.25, 'moon', 30.58629010, 1271849223.63, 22, 'active'),
  ('RocketInu', 'ROCK', 848965360, 0.03224156, 'random', 42, 3, 'bull', 2, 1, 1, 1, 90, 6758, 462887.58, -251.79, 'stable', 0.54654132, 397506824.88, 68, 'active'),
  ('FireInu', 'FIREI', 618632633, 0.05555558, 'random', 2, 2, 'bull', 7, 0, 1, 0, 1012, 3501, 552334.58, 86.68, 'rug', 0.19153069, 77476086.97, 3, 'dead'),
  ('MoonFinance', 'MOO', 777088565, 0.08224618, 'random', 33, 4, 'bear', 7, 1, 0, 1, 2980, 6076, 179669.90, 349.15, 'slow_death', 0.19679990, 131533023.82, 27, 'dead'),
  ('GoldSwap', 'GOLDS', 340798364, 0.04396937, 'random', 41, 0, 'bear', 4, 0, 1, 1, 299, 4994, 230737.62, 124.89, 'rug', 0.03831377, 12400741.50, 1, 'scam'),
  ('GoldDAO', 'GOLD', 311151355, 0.00867155, 'random', 4, 5, 'sideways', 6, 1, 1, 1, 1403, 9097, 153155.62, 25.27, 'stable', 0.16800562, 38880549.97, 39, 'active'),
  ('GoldSwap', 'GOL', 828021688, 0.02487308, 'random', 50, 4, 'bull', 8, 1, 1, 1, 1703, 6736, 195861.61, 59.60, 'slow_death', 0.06950346, 43110807.77, 44, 'dead'),
  ('StarMoon', 'STARM', 259064562, 0.07770125, 'random', 54, 1, 'bull', 5, 0, 1, 0, 1206, 7321, 944082.28, 72.83, 'rug', 0.22412323, 46120096.92, 7, 'dead'),
  ('MoonCoin', 'MOON', 83030359, 0.08867959, 'random', 51, 0, 'bull', 9, 1, 0, 0, 7750, 6017, 437331.26, 122.29, 'rug', 0.04878571, 2457100.93, 14, 'scam'),
  ('SunProtocol', 'SUNPR', 953203963, 0.01739847, 'random', 46, 5, 'bull', 2, 1, 1, 1, 1736, 5841, 864631.01, -18.11, 'slow_death', 0.04640755, 30567389.22, 55, 'dead'),
  ('StarDAO', 'STAR', 264488972, 0.03693624, 'random', 42, 1, 'bull', 1, 1, 0, 0, 7000, 9023, 493474.45, 99.29, 'stable', 1.48608376, 245096124.85, 90, 'active'),
  ('OceanDAO', 'OCE', 139216076, 0.09350889, 'random', 45, 0, 'bull', 4, 1, 1, 1, 14725, 3782, 851800.06, 286.90, 'rug', 0.40608833, 37668245.54, 14, 'scam'),
  ('MoonNetwork', 'MOON', 975547393, 0.07851312, 'random', 91, 0, 'bull', 2, 0, 1, 1, 3210, 4413, 427821.99, -175.88, 'rug', 0.23096619, 195789219.68, 5, 'dead'),
  ('StarProtocol', 'STARP', 593475159, 0.06410563, 'random', 68, 0, 'sideways', 8, 1, 1, 0, 1179, 5684, 823156.90, 172.78, 'slow_death', 0.07064999, 30491416.96, 32, 'dead'),
  ('StarInu', 'STAR', 777534310, 0.03558581, 'random', 41, 1, 'bear', 5, 0, 1, 0, 3010, 3032, 840293.89, 200.91, 'slow_death', 0.03451508, 20388504.41, 39, 'dead'),
  ('SunProtocol', 'SUN', 904326551, 0.09285261, 'random', 35, 1, 'bull', 6, 0, 1, 0, 4825, 1331, 374789.51, 52.19, 'slow_death', 0.25240232, 167953760.17, 53, 'dead'),
  ('GoldProtocol', 'GOLD', 944590814, 0.06685368, 'random', 40, 4, 'bear', 8, 1, 1, 1, 200, 9190, 801609.88, -331.70, 'stable', 3.22269726, 2903194680.22, 68, 'active'),
  ('OceanMoon', 'OCEAN', 864795152, 0.02718520, 'random', 12, 2, 'bull', 9, 0, 1, 1, 160, 9702, 202093.73, -124.78, 'rug', 0.09529049, 60796242.52, 9, 'dead'),
  ('StarInu', 'STAR', 821616106, 0.05745966, 'random', 44, 0, 'bear', 5, 0, 1, 1, 13251, 8792, 956182.33, 201.40, 'stable', 2.25688025, 1800439202.73, 66, 'active'),
  ('GoldInu', 'GOLDI', 844836840, 0.08745924, 'random', 32, 0, 'bear', 6, 0, 0, 1, 80, 2976, 565574.61, 380.95, 'stable', 1.89875016, 1110847477.86, 67, 'active'),
  ('DiamondChain', 'DIAM', 56480607, 0.08590896, 'random', 74, 0, 'bull', 1, 0, 1, 0, 191, 5811, 133777.97, 136.95, 'moon', 98.98211003, 4815561753.33, 10, 'active'),
  ('SilverInu', 'SILV', 106576039, 0.02012270, 'random', 27, 3, 'sideways', 4, 0, 1, 0, 7589, 5004, 242174.90, -132.37, 'rug', 0.04481430, 3958895.35, 11, 'scam'),
  ('OceanToken', 'OCE', 577152499, 0.05463378, 'random', 30, 0, 'sideways', 5, 0, 0, 1, 1273, 6757, 90997.93, -156.61, 'rug', 0.22338322, 94881423.87, 10, 'scam'),
  ('SunFinance', 'SUNF', 330726127, 0.08163632, 'random', 55, 1, 'sideways', 1, 0, 1, 1, 7702, 8239, 714540.25, 78.43, 'slow_death', 0.12264869, 32896698.64, 28, 'dead'),
  ('SilverNetwork', 'SILVE', 173997197, 0.05183875, 'random', 31, 1, 'bull', 1, 1, 1, 1, 2045, 2916, 485259.71, 185.49, 'rug', 0.01236662, 1971123.37, 9, 'dead'),
  ('MoonInu', 'MOONI', 586378197, 0.00062865, 'random', 32, 4, 'sideways', 6, 0, 1, 1, 358, 3204, 807494.64, -30.44, 'rug', 0.00117805, 652137.37, 14, 'dead'),
  ('SkyProtocol', 'SKY', 258620041, 0.05090970, 'random', 44, 9, 'bull', 6, 0, 1, 0, 10725, 7789, 871846.44, -30.82, 'rug', 0.18341113, 45466513.29, 1, 'scam'),
  ('FireDAO', 'FIR', 145952807, 0.02618458, 'random', 53, 2, 'bull', 9, 1, 1, 1, 2776, 2937, 89462.74, -34.79, 'stable', 0.64933199, 62414910.61, 14, 'active'),
  ('DiamondChain', 'DIAMO', 440434451, 0.00559129, 'random', 13, 0, 'bear', 4, 1, 1, 0, 1500, 3887, 573206.49, -304.19, 'rug', 0.00923687, 3289615.42, 12, 'dead'),
  ('RocketChain', 'ROCK', 884181989, 0.08381954, 'random', 40, 1, 'bear', 5, 1, 1, 0, 4395, 3265, 749345.15, -312.74, 'rug', 0.24729033, 201343523.20, 12, 'scam'),
  ('SkyDAO', 'SKY', 528350607, 0.07341363, 'random', 45, 1, 'bear', 10, 1, 1, 1, 10531, 3230, 784405.04, 349.97, 'rug', 0.20646001, 108889445.05, 4, 'dead'),
  ('RocketSwap', 'ROC', 319187993, 0.07851933, 'random', 59, 1, 'sideways', 7, 1, 1, 0, 5113, 716, 31831.55, 216.64, 'rug', 0.27159861, 79439346.69, 2, 'dead'),
  ('MoonSwap', 'MOON', 280877988, 0.01892928, 'random', 52, 0, 'sideways', 1, 1, 1, 1, 3979, 845, 206660.10, -175.31, 'moon', 79.17074334, 18672258450.33, 20, 'active'),
  ('SkyNetwork', 'SKY', 751691781, 0.09363266, 'random', 26, 3, 'bear', 7, 1, 1, 0, 5548, 8894, 35577.81, 25.38, 'rug', 0.40252964, 243759890.43, 4, 'scam'),
  ('RocketToken', 'ROCK', 312481453, 0.02046471, 'random', 53, 0, 'bull', 5, 1, 1, 0, 5781, 12, 356500.80, -199.20, 'slow_death', 0.01239476, 3230211.27, 30, 'dead'),
  ('SkyInu', 'SKY', 875653524, 0.07262119, 'random', 32, 0, 'bear', 1, 1, 1, 1, 7084, 1612, 992508.12, 244.87, 'rug', 0.07462844, 50647033.08, 12, 'dead'),
  ('RocketCoin', 'ROCKE', 36486226, 0.07309828, 'random', 30, 4, 'bull', 3, 1, 1, 0, 6431, 8627, 991864.74, -204.94, 'slow_death', 0.18010145, 5646504.89, 56, 'active'),
  ('DiamondDAO', 'DIA', 622127680, 0.05667944, 'random', 47, 5, 'bull', 6, 0, 1, 0, 1774, 6577, 746152.91, -88.56, 'stable', 0.72461347, 447321925.22, 88, 'active'),
  ('FireNetwork', 'FIR', 603345190, 0.04251301, 'random', 45, 5, 'bull', 3, 0, 1, 0, 1366, 7843, 466309.78, -12.27, 'rug', 0.13253266, 69585289.80, 12, 'scam'),
  ('MoonInu', 'MOO', 656891103, 0.03388096, 'random', 32, 1, 'bull', 2, 1, 0, 1, 7224, 9973, 660503.33, -104.60, 'rug', 0.02332455, 10691752.08, 13, 'scam'),
  ('OceanToken', 'OCEA', 102550170, 0.07517414, 'random', 31, 1, 'bear', 1, 1, 1, 0, 3185, 2025, 427947.78, 301.21, 'slow_death', 0.13403635, 8707827.91, 14, 'active'),
  ('SkyNetwork', 'SKY', 388106160, 0.09702707, 'random', 33, 3, 'sideways', 1, 0, 0, 0, 2599, 4090, 159933.97, -147.71, 'moon', 190.62143386, 72719129888.34, 11, 'active'),
  ('SunSwap', 'SUN', 429670441, 0.04195474, 'random', 51, 2, 'bull', 2, 1, 1, 0, 5323, 4974, 272723.81, 293.70, 'rug', 0.00795618, 2892962.35, 9, 'scam'),
  ('GoldMoon', 'GOL', 893382475, 0.09203889, 'random', 34, 1, 'bear', 2, 1, 1, 1, 6335, 9694, 214309.25, -177.26, 'rug', 0.01836007, 10197882.06, 4, 'dead'),
  ('StarMoon', 'STAR', 655509495, 0.01422703, 'random', 48, 1, 'sideways', 3, 0, 1, 1, 5964, 8096, 260132.09, -216.99, 'rug', 0.01002267, 5903095.12, 8, 'dead'),
  ('GoldProtocol', 'GOLD', 936682158, 0.00504392, 'random', 21, 1, 'bull', 6, 1, 1, 0, 165, 7920, 712489.56, 254.14, 'slow_death', 0.00924941, 6050109.87, 6, 'active'),
  ('OceanNetwork', 'OCEAN', 829877022, 0.02412756, 'random', 29, 2, 'bear', 10, 1, 0, 1, 3151, 2556, 402605.38, -356.15, 'rug', 0.11354461, 83543790.95, 3, 'scam'),
  ('StarChain', 'STAR', 949808311, 0.09436430, 'random', 34, 3, 'bear', 9, 1, 1, 1, 475, 2320, 316758.10, -262.99, 'slow_death', 0.27624444, 243059035.73, 41, 'dead'),
  ('MoonCoin', 'MOONC', 955386722, 0.08406310, 'random', 5, 1, 'sideways', 3, 1, 1, 0, 11281, 124, 734167.46, 359.22, 'rug', 0.28252064, 221761169.68, 3, 'scam'),
  ('FireSwap', 'FIR', 453760255, 0.02061243, 'random', 39, 2, 'bear', 8, 1, 1, 0, 4225, 7148, 541931.99, 150.62, 'slow_death', 0.03118217, 11671492.03, 14, 'active'),
  ('RocketSwap', 'ROC', 360277085, 0.01259326, 'random', 47, 0, 'bear', 9, 1, 1, 1, 682, 1630, 371081.75, -94.29, 'rug', 0.03378862, 8618291.06, 5, 'scam'),
  ('MoonMoon', 'MOON', 162139631, 0.02640267, 'random', 29, 6, 'bear', 1, 0, 1, 0, 10897, 1782, 968686.33, 24.35, 'rug', 0.12328982, 15476189.90, 7, 'scam'),
  ('SkyDAO', 'SKY', 917766622, 0.01339418, 'random', 77, 0, 'sideways', 2, 1, 1, 1, 11565, 6840, 718449.43, 264.32, 'stable', 0.13062263, 80912103.96, 34, 'active'),
  ('FireToken', 'FIRE', 176612839, 0.01610932, 'random', 43, 2, 'sideways', 7, 0, 1, 1, 7833, 3176, 617317.53, 22.29, 'rug', 0.05960510, 8987724.89, 3, 'scam'),
  ('MoonCoin', 'MOON', 989442409, 0.09504766, 'random', 36, 6, 'bull', 5, 1, 0, 1, 4386, 8504, 42364.91, -174.03, 'rug', 0.17176702, 131141164.97, 11, 'scam'),
  ('GoldNetwork', 'GOLDN', 499967222, 0.07418032, 'random', 38, 2, 'bear', 5, 0, 0, 1, 2985, 438, 720737.53, 215.02, 'slow_death', 0.13957774, 52184043.93, 39, 'active'),
  ('SkyChain', 'SKY', 255573141, 0.07832350, 'random', 68, 5, 'bull', 2, 0, 1, 1, 1080, 9597, 938468.15, -28.55, 'slow_death', 0.19236796, 37330071.75, 45, 'active'),
  ('RocketMoon', 'ROC', 769895570, 0.09113106, 'random', 50, 5, 'sideways', 3, 0, 1, 1, 3589, 3998, 858948.60, -418.27, 'rug', 0.13272916, 100451423.53, 8, 'scam'),
  ('SilverFinance', 'SIL', 621658672, 0.06691795, 'random', 39, 0, 'bull', 9, 1, 1, 0, 4406, 5279, 179871.00, -325.20, 'rug', 0.33278255, 192474638.36, 12, 'scam'),
  ('SunFinance', 'SUNFI', 502445119, 0.04776889, 'random', 47, 0, 'bear', 8, 0, 1, 1, 4380, 3415, 488944.13, -263.67, 'slow_death', 0.10804023, 34057400.17, 54, 'dead'),
  ('StarInu', 'STAR', 465470048, 0.03445118, 'random', 41, 2, 'bull', 1, 1, 0, 1, 2329, 5498, 693983.74, 30.10, 'slow_death', 0.03053080, 13967467.31, 11, 'dead'),
  ('RocketNetwork', 'ROC', 602882584, 0.00396551, 'random', 27, 6, 'bear', 2, 1, 1, 0, 2890, 7961, 955192.87, 456.78, 'stable', 0.19578829, 117649092.04, 61, 'active'),
  ('SkyCoin', 'SKY', 54038690, 0.01134816, 'random', 35, 1, 'bull', 1, 1, 1, 1, 21855, 5742, 959595.11, 56.42, 'stable', 0.43188118, 15114572.03, 36, 'active'),
  ('OceanToken', 'OCEAN', 549886260, 0.02021281, 'random', 69, 3, 'sideways', 6, 1, 1, 0, 12444, 5301, 353758.64, -65.35, 'rug', 0.04595781, 20519711.94, 1, 'scam'),
  ('GoldFinance', 'GOLDF', 579687587, 0.08819360, 'random', 2, 1, 'bull', 4, 1, 1, 0, 3456, 5721, 569997.82, 6.64, 'slow_death', 0.06051167, 26113431.94, 52, 'dead'),
  ('RocketProtocol', 'ROCK', 595106183, 0.07083341, 'random', 61, 0, 'bull', 5, 1, 1, 0, 2357, 9999, 28036.83, 128.29, 'moon', 289.45304186, 146036885315.56, 25, 'active'),
  ('SilverSwap', 'SIL', 51289875, 0.08531880, 'random', 64, 4, 'bull', 4, 1, 0, 1, 1250, 9033, 12184.14, -67.22, 'slow_death', 0.24506811, 7767264.17, 50, 'dead'),
  ('SunMoon', 'SUNMO', 592411878, 0.03912530, 'random', 57, 4, 'sideways', 4, 1, 0, 0, 6238, 6154, 401547.24, -52.60, 'slow_death', 0.04840118, 20057698.83, 28, 'dead'),
  ('SunSwap', 'SUN', 837951222, 0.03453988, 'random', 69, 0, 'bull', 4, 1, 1, 1, 4821, 5010, 476565.27, 89.18, 'rug', 0.14071855, 73019863.84, 3, 'dead'),
  ('FireProtocol', 'FIRE', 117585678, 0.04139890, 'random', 28, 2, 'sideways', 8, 1, 1, 1, 1317, 5002, 23671.45, -10.66, 'slow_death', 0.05109820, 5115538.11, 48, 'active'),
  ('StarProtocol', 'STAR', 396330993, 0.01934143, 'random', 58, 1, 'sideways', 1, 1, 1, 0, 2736, 3221, 627001.70, 82.33, 'slow_death', 0.01549601, 4012549.98, 25, 'dead'),
  ('StarToken', 'START', 772035051, 0.06245179, 'random', 8, 0, 'bear', 3, 1, 0, 1, 496, 4975, 856950.44, 209.65, 'rug', 0.28160168, 214830822.24, 9, 'scam'),
  ('DiamondFinance', 'DIAM', 272319912, 0.01462542, 'random', 48, 5, 'bear', 6, 1, 1, 1, 1820, 2621, 287539.62, 167.55, 'stable', 0.23104523, 52706593.73, 73, 'active'),
  ('SkySwap', 'SKYS', 271818849, 0.01537243, 'random', 32, 0, 'bear', 5, 0, 0, 1, 1111, 6847, 97175.66, -39.32, 'stable', 0.60299864, 143879107.91, 82, 'active'),
  ('SkySwap', 'SKYS', 875075902, 0.07367938, 'random', 57, 0, 'bear', 1, 1, 1, 0, 18161, 4222, 691331.30, 242.93, 'stable', 1.78701659, 1429507166.42, 45, 'active'),
  ('StarNetwork', 'STA', 769108797, 0.00170800, 'random', 42, 2, 'sideways', 9, 0, 1, 1, 401, 4995, 295366.98, 82.89, 'slow_death', 0.00381958, 1931755.37, 32, 'active'),
  ('StarProtocol', 'STAR', 858947242, 0.00918712, 'random', 31, 2, 'sideways', 2, 0, 1, 0, 4049, 3496, 784490.73, -2.30, 'slow_death', 0.00468666, 3075751.36, 6, 'dead'),
  ('MoonDAO', 'MOOND', 195969388, 0.06762951, 'random', 33, 4, 'bull', 3, 1, 1, 1, 2239, 2002, 380596.36, -126.81, 'stable', 0.53625025, 80473340.02, 47, 'active'),
  ('StarInu', 'STARI', 146867200, 0.06144297, 'random', 55, 0, 'sideways', 7, 0, 0, 0, 1164, 8336, 996478.78, -120.09, 'rug', 0.02446199, 2196929.96, 14, 'scam'),
  ('SkyNetwork', 'SKYNE', 681767356, 0.08393541, 'random', 45, 1, 'sideways', 10, 1, 0, 0, 13693, 3562, 166580.19, -107.76, 'rug', 0.12922975, 68171972.11, 7, 'dead'),
  ('OceanMoon', 'OCEA', 196796853, 0.04992305, 'random', 45, 6, 'bull', 3, 1, 1, 0, 2405, 6946, 793097.92, 168.89, 'rug', 0.01227692, 2110706.58, 12, 'scam'),
  ('StarChain', 'STARC', 991820763, 0.00844616, 'random', 44, 0, 'bull', 3, 0, 0, 0, 3318, 4746, 110650.56, -148.52, 'rug', 0.01755628, 16532624.42, 9, 'scam'),
  ('SkyToken', 'SKY', 245925807, 0.02512867, 'random', 43, 2, 'sideways', 5, 1, 1, 1, 2075, 3806, 437349.55, 81.44, 'stable', 0.43746437, 90509492.02, 82, 'active'),
  ('FireFinance', 'FIREF', 993674076, 0.08526594, 'random', 26, 2, 'bear', 4, 0, 1, 1, 2738, 7893, 429361.12, -65.85, 'slow_death', 0.17011586, 152292751.47, 21, 'dead'),
  ('SilverInu', 'SILV', 840064120, 0.03928990, 'random', 47, 3, 'sideways', 2, 1, 0, 0, 9001, 961, 554276.62, 249.69, 'stable', 1.33910162, 702081374.50, 62, 'active'),
  ('DiamondMoon', 'DIAMO', 106504414, 0.00741366, 'random', 18, 1, 'bull', 9, 0, 1, 0, 2041, 3366, 808590.01, -222.42, 'slow_death', 0.01032391, 1025653.55, 20, 'active'),
  ('SunCoin', 'SUNC', 881950402, 0.03580131, 'random', 48, 3, 'bull', 4, 1, 0, 1, 3516, 7709, 903988.76, 67.18, 'slow_death', 0.03071389, 24581845.19, 30, 'dead'),
  ('SkyProtocol', 'SKYPR', 456918202, 0.00808374, 'random', 43, 2, 'sideways', 10, 1, 1, 1, 15174, 4705, 95241.25, 305.82, 'slow_death', 0.02196407, 9164940.92, 48, 'dead'),
  ('GoldSwap', 'GOLD', 811298966, 0.04900533, 'random', 37, 2, 'sideways', 6, 1, 1, 1, 57, 3700, 807231.14, -120.56, 'slow_death', 0.04011104, 20709832.10, 57, 'active'),
  ('RocketProtocol', 'ROCKE', 264378154, 0.05309819, 'random', 10, 0, 'bear', 9, 1, 0, 1, 3479, 3157, 16735.57, 8.34, 'rug', 0.17207681, 41546538.71, 12, 'scam'),
  ('FireNetwork', 'FIR', 867365776, 0.06747101, 'random', 3, 0, 'bull', 9, 0, 1, 1, 4315, 7454, 276023.93, -232.05, 'slow_death', 0.06853377, 37476481.91, 55, 'active'),
  ('GoldInu', 'GOLD', 814571037, 0.01458258, 'random', 46, 3, 'bear', 5, 0, 1, 0, 2393, 8109, 735979.97, 220.27, 'slow_death', 0.01127068, 7982762.83, 59, 'dead'),
  ('SunCoin', 'SUNCO', 571307460, 0.02939655, 'random', 40, 4, 'sideways', 7, 0, 1, 0, 2917, 6375, 172992.14, 36.28, 'slow_death', 0.07663929, 42580039.56, 14, 'dead'),
  ('SunChain', 'SUNCH', 168796939, 0.00263235, 'random', 25, 1, 'bull', 8, 1, 1, 1, 3319, 994, 777354.50, 36.47, 'rug', 0.01293220, 1911847.56, 7, 'scam'),
  ('GoldSwap', 'GOLDS', 391338776, 0.04946200, 'random', 35, 0, 'bull', 7, 1, 1, 0, 18490, 7471, 808184.25, 106.37, 'slow_death', 0.03963211, 14927810.87, 31, 'active'),
  ('OceanMoon', 'OCEA', 816553556, 0.01459834, 'random', 15, 0, 'sideways', 10, 0, 1, 0, 2330, 2184, 93700.15, 99.54, 'slow_death', 0.01997576, 11644374.11, 13, 'active'),
  ('SilverToken', 'SILV', 520876911, 0.08105734, 'random', 60, 0, 'bear', 2, 1, 1, 0, 10517, 9651, 901554.61, 195.53, 'rug', 0.28355203, 124717538.60, 10, 'dead'),
  ('DiamondNetwork', 'DIAMO', 988525852, 0.00595327, 'random', 59, 1, 'bear', 3, 0, 0, 1, 2813, 5475, 20977.17, -33.84, 'rug', 0.02933946, 24044887.30, 7, 'dead'),
  ('OceanCoin', 'OCEAN', 737409673, 0.02658121, 'random', 14, 0, 'bear', 5, 1, 1, 0, 8767, 2073, 471023.82, 11.04, 'slow_death', 0.03888083, 25716637.18, 9, 'dead'),
  ('SkyNetwork', 'SKYNE', 345089981, 0.09486816, 'random', 23, 6, 'sideways', 5, 0, 1, 0, 3637, 1814, 718407.26, 133.85, 'rug', 0.02762501, 6362584.50, 12, 'scam'),
  ('OceanChain', 'OCEA', 291748111, 0.02271343, 'random', 37, 1, 'bull', 2, 1, 1, 0, 1668, 9603, 567976.20, -112.04, 'rug', 0.04028258, 8428247.92, 13, 'scam'),
  ('GoldToken', 'GOLDT', 536949503, 0.05711134, 'random', 53, 2, 'bear', 6, 0, 1, 0, 3899, 5956, 850631.10, 179.51, 'rug', 0.05485401, 26881256.92, 4, 'dead'),
  ('OceanProtocol', 'OCEA', 358315591, 0.02776949, 'random', 19, 4, 'bear', 5, 0, 1, 0, 5418, 3053, 476300.51, 133.42, 'slow_death', 0.06761532, 19462995.15, 3, 'dead'),
  ('SunMoon', 'SUNM', 644124125, 0.07787794, 'random', 32, 0, 'sideways', 8, 0, 1, 0, 3439, 4816, 672711.03, 8.60, 'rug', 0.33973723, 152504929.60, 3, 'scam'),
  ('SilverProtocol', 'SILV', 502652926, 0.04935430, 'random', 4, 0, 'sideways', 10, 1, 1, 0, 1149, 8744, 182113.32, 23.29, 'slow_death', 0.03465786, 17310233.82, 22, 'dead'),
  ('RocketProtocol', 'ROCKE', 433776298, 0.01340301, 'random', 30, 1, 'sideways', 10, 1, 1, 0, 7, 6510, 169253.44, 92.37, 'rug', 0.03825114, 10689562.53, 3, 'scam'),
  ('SunSwap', 'SUN', 840863686, 0.07090471, 'random', 21, 1, 'bull', 3, 1, 1, 0, 3171, 8340, 453370.68, 137.22, 'stable', 1.29174685, 1011656675.11, 89, 'active'),
  ('SunProtocol', 'SUNPR', 495355039, 0.04967382, 'random', 30, 0, 'sideways', 4, 1, 0, 1, 2238, 9074, 185170.96, 133.58, 'stable', 0.97291110, 409121711.10, 45, 'active'),
  ('GoldMoon', 'GOLDM', 763371356, 0.01700108, 'random', 9, 1, 'sideways', 3, 1, 1, 1, 9125, 634, 265653.53, 277.08, 'rug', 0.00674190, 3499265.81, 11, 'dead'),
  ('FireToken', 'FIRET', 216753304, 0.09944975, 'random', 76, 2, 'bull', 8, 1, 1, 1, 2402, 5945, 610850.55, -85.98, 'stable', 1.98735793, 376848922.62, 90, 'active'),
  ('FireToken', 'FIRE', 113895787, 0.04486540, 'random', 28, 1, 'bear', 2, 1, 1, 1, 684, 3422, 432473.07, 2.50, 'stable', 0.75335532, 55800145.77, 67, 'active'),
  ('RocketMoon', 'ROC', 283818729, 0.08734199, 'random', 51, 8, 'bear', 4, 0, 1, 1, 6852, 9226, 487949.39, 87.68, 'stable', 1.26548284, 257985189.43, 33, 'active'),
  ('GoldCoin', 'GOL', 651590517, 0.09099799, 'random', 24, 4, 'sideways', 10, 0, 1, 1, 4395, 5246, 193253.89, 308.79, 'slow_death', 0.21115184, 125347337.38, 29, 'dead'),
  ('SkyDAO', 'SKYD', 371669021, 0.01152803, 'random', 64, 0, 'sideways', 1, 1, 1, 0, 1592, 891, 401157.54, 48.75, 'rug', 0.01407144, 5096777.64, 12, 'scam'),
  ('RocketFinance', 'ROCK', 708101808, 0.01362419, 'random', 30, 10, 'sideways', 10, 1, 1, 1, 330, 9143, 634379.54, -117.51, 'slow_death', 0.03338367, 19867877.62, 17, 'active'),
  ('GoldFinance', 'GOLDF', 305058572, 0.09690541, 'random', 12, 4, 'sideways', 4, 0, 1, 0, 1730, 3995, 52415.35, -7.41, 'rug', 0.04907395, 13096712.08, 7, 'scam'),
  ('SkyToken', 'SKY', 993418929, 0.08433979, 'random', 64, 1, 'bear', 7, 0, 0, 1, 2617, 3684, 42644.71, -85.69, 'slow_death', 0.14923962, 97328166.89, 27, 'active'),
  ('OceanInu', 'OCEA', 556234080, 0.00291165, 'random', 37, 1, 'bull', 8, 0, 1, 0, 5407, 8861, 246631.24, 387.53, 'rug', 0.00080010, 268734.13, 13, 'scam'),
  ('OceanFinance', 'OCEAN', 286212146, 0.00199573, 'random', 25, 3, 'sideways', 7, 1, 1, 1, 5209, 5279, 584884.96, 143.14, 'rug', 0.00574600, 1217515.58, 1, 'scam'),
  ('RocketMoon', 'ROCK', 918771014, 0.08996899, 'random', 64, 7, 'sideways', 7, 0, 0, 1, 3341, 678, 278064.54, -0.18, 'slow_death', 0.25181123, 190743196.97, 15, 'dead'),
  ('StarToken', 'STAR', 535591571, 0.04813702, 'random', 10, 4, 'bear', 7, 0, 1, 0, 10451, 1632, 529412.89, -256.34, 'rug', 0.02770645, 14078766.33, 9, 'scam'),
  ('SunToken', 'SUN', 18903037, 0.08716101, 'random', 37, 3, 'bear', 3, 1, 0, 0, 1795, 9481, 516950.48, -28.58, 'stable', 1.52135556, 24644488.42, 33, 'active'),
  ('OceanDAO', 'OCEA', 531611953, 0.01310549, 'random', 62, 3, 'sideways', 8, 1, 0, 0, 6558, 5953, 464997.49, -138.69, 'stable', 0.34531122, 180897071.19, 33, 'active'),
  ('SkyFinance', 'SKYFI', 42226961, 0.05368231, 'random', 34, 1, 'sideways', 6, 0, 1, 0, 3204, 5219, 808014.51, 250.87, 'rug', 0.10346474, 3985335.09, 3, 'dead'),
  ('MoonSwap', 'MOO', 930724968, 0.00069236, 'random', 65, 2, 'bear', 9, 1, 1, 1, 8843, 1611, 859245.01, 329.53, 'rug', 0.00029994, 224841.25, 14, 'scam'),
  ('RocketFinance', 'ROCK', 558220810, 0.01388202, 'random', 49, 0, 'sideways', 10, 1, 1, 1, 2979, 359, 418962.80, 391.42, 'rug', 0.05931967, 25798123.98, 6, 'scam'),
  ('RocketChain', 'ROCKE', 881027098, 0.02459951, 'random', 71, 0, 'bear', 6, 1, 0, 0, 3181, 2481, 913257.45, 296.31, 'rug', 0.10785863, 66969963.27, 10, 'scam'),
  ('MoonFinance', 'MOO', 384159546, 0.05675996, 'random', 35, 2, 'bull', 4, 1, 0, 1, 1500, 6542, 117720.60, 122.49, 'rug', 0.04289948, 9941254.86, 5, 'dead'),
  ('StarSwap', 'STARS', 354960176, 0.03397696, 'random', 43, 3, 'sideways', 9, 0, 0, 0, 80, 3701, 479333.25, 167.85, 'rug', 0.08046104, 22697105.78, 3, 'scam'),
  ('MoonSwap', 'MOONS', 521683481, 0.09703915, 'random', 68, 7, 'sideways', 5, 0, 1, 1, 2166, 4275, 796907.66, -93.01, 'moon', 201.51246880, 86681748985.76, 28, 'dead'),
  ('SilverNetwork', 'SIL', 378496564, 0.03896397, 'random', 35, 0, 'bull', 6, 1, 1, 0, 564, 7326, 929969.34, -111.50, 'slow_death', 0.10230006, 35334670.88, 15, 'active'),
  ('DiamondFinance', 'DIAM', 835947987, 0.05352212, 'random', 58, 3, 'bull', 2, 1, 1, 0, 164, 2831, 492265.79, 48.39, 'rug', 0.01471676, 10258683.33, 13, 'scam'),
  ('GoldNetwork', 'GOL', 360164950, 0.09416313, 'random', 29, 6, 'sideways', 2, 0, 0, 1, 6419, 4027, 275561.46, 456.35, 'rug', 0.21248784, 73131368.64, 4, 'scam'),
  ('MoonNetwork', 'MOON', 360924677, 0.05792297, 'random', 27, 4, 'bull', 6, 0, 0, 0, 2888, 7897, 738676.47, -221.43, 'slow_death', 0.15323243, 38916869.60, 26, 'dead'),
  ('StarInu', 'STAR', 973345287, 0.00534015, 'random', 44, 1, 'bear', 10, 0, 0, 1, 355, 2581, 153194.94, 117.67, 'rug', 0.02571272, 21006731.04, 4, 'dead'),
  ('DiamondNetwork', 'DIA', 37520223, 0.02149592, 'random', 20, 2, 'bull', 4, 1, 1, 1, 23061, 1726, 866894.61, 107.61, 'rug', 0.06925183, 2175733.83, 2, 'scam'),
  ('StarSwap', 'STA', 808276291, 0.08285241, 'random', 60, 2, 'bear', 6, 1, 0, 1, 5501, 8925, 537814.69, 206.04, 'rug', 0.32492461, 164029640.32, 3, 'scam'),
  ('SkySwap', 'SKYS', 620641450, 0.06725135, 'random', 47, 5, 'sideways', 3, 1, 0, 1, 2354, 8524, 88794.41, 114.37, 'rug', 0.29025312, 172276504.42, 11, 'dead'),
  ('MoonProtocol', 'MOO', 618486397, 0.03240912, 'random', 45, 1, 'bull', 10, 1, 1, 0, 501, 9898, 887751.66, 130.74, 'rug', 0.09108182, 44476638.57, 8, 'scam'),
  ('DiamondCoin', 'DIAMO', 316745567, 0.03841442, 'random', 28, 5, 'bear', 6, 0, 0, 0, 26894, 7000, 140711.96, 59.89, 'rug', 0.09969517, 23659304.65, 9, 'dead'),
  ('OceanProtocol', 'OCEA', 92513448, 0.02661184, 'random', 17, 3, 'bear', 6, 1, 1, 1, 6995, 7986, 927259.65, 184.29, 'rug', 0.03583850, 2511931.85, 1, 'dead'),
  ('SunToken', 'SUNTO', 305646477, 0.09843409, 'random', 54, 1, 'bull', 1, 1, 0, 1, 197, 7912, 310684.56, 60.40, 'slow_death', 0.21356096, 47931084.42, 41, 'dead'),
  ('FireProtocol', 'FIREP', 530819309, 0.06501237, 'random', 21, 0, 'sideways', 2, 0, 0, 1, 102, 9074, 225001.84, 170.85, 'slow_death', 0.11200547, 48755835.27, 40, 'dead'),
  ('OceanChain', 'OCEA', 771430637, 0.00194090, 'random', 71, 7, 'bear', 9, 0, 0, 0, 5699, 8888, 445854.02, 141.91, 'stable', 0.05269920, 33273719.38, 53, 'active'),
  ('StarNetwork', 'STA', 736034673, 0.05890504, 'random', 33, 3, 'sideways', 9, 1, 1, 1, 1929, 4526, 722467.85, 32.49, 'rug', 0.23703530, 140783951.33, 7, 'scam'),
  ('StarMoon', 'STA', 300316360, 0.07516525, 'random', 48, 5, 'bull', 3, 0, 0, 1, 281, 3400, 332958.17, 257.20, 'stable', 2.75930389, 654377043.36, 65, 'active'),
  ('RocketFinance', 'ROC', 743612678, 0.03172044, 'random', 12, 1, 'bull', 9, 1, 0, 0, 5752, 6046, 639110.74, -173.63, 'slow_death', 0.03097912, 20625944.81, 31, 'active'),
  ('RocketMoon', 'ROCKE', 611372429, 0.05173839, 'random', 56, 0, 'bull', 10, 1, 0, 0, 4654, 7672, 236942.44, 129.51, 'rug', 0.14186811, 67190773.97, 2, 'scam'),
  ('MoonProtocol', 'MOON', 442893412, 0.05926554, 'random', 46, 6, 'sideways', 7, 1, 1, 0, 375, 8254, 14132.84, 426.47, 'rug', 0.27536245, 96689908.17, 4, 'scam'),
  ('SilverCoin', 'SILV', 682727916, 0.02735773, 'random', 15, 0, 'bear', 1, 0, 1, 1, 2223, 5011, 591048.43, 219.08, 'stable', 0.45291693, 224566113.51, 66, 'active'),
  ('MoonFinance', 'MOO', 676623830, 0.07276127, 'random', 60, 3, 'bull', 1, 1, 0, 1, 929, 6563, 642498.27, 69.53, 'slow_death', 0.17460831, 96588901.77, 28, 'active'),
  ('DiamondFinance', 'DIAM', 251172301, 0.03446438, 'random', 13, 3, 'bear', 1, 1, 1, 1, 10907, 9466, 214301.33, -93.87, 'stable', 1.01883874, 253919465.08, 62, 'active'),
  ('OceanInu', 'OCEAN', 696820078, 0.01634058, 'random', 52, 2, 'sideways', 1, 0, 0, 1, 6455, 8943, 601403.06, -31.22, 'stable', 0.21425850, 128492481.65, 89, 'active'),
  ('RocketSwap', 'ROCK', 302833415, 0.06900154, 'random', 46, 5, 'sideways', 5, 0, 0, 0, 6115, 215, 479532.77, 84.17, 'stable', 2.16542137, 604625535.20, 39, 'active'),
  ('StarDAO', 'STARD', 870836362, 0.02466072, 'random', 39, 1, 'sideways', 7, 1, 0, 0, 7638, 3145, 945726.71, -31.00, 'slow_death', 0.06270700, 39494663.12, 29, 'dead'),
  ('StarNetwork', 'STA', 214812104, 0.07186081, 'random', 30, 2, 'sideways', 3, 0, 1, 0, 2921, 2072, 480103.12, 96.88, 'slow_death', 0.18933657, 37743601.48, 59, 'active'),
  ('RocketCoin', 'ROC', 477358085, 0.03067331, 'random', 35, 4, 'bear', 6, 1, 1, 0, 4771, 7351, 537542.56, -31.91, 'rug', 0.00438394, 1560583.30, 12, 'scam'),
  ('DiamondSwap', 'DIAMO', 67105018, 0.09713936, 'random', 21, 0, 'bull', 10, 1, 0, 1, 4951, 8734, 737148.09, -572.61, 'slow_death', 0.08198964, 3563828.57, 24, 'active'),
  ('MoonDAO', 'MOO', 82931073, 0.04164323, 'random', 9, 2, 'bull', 8, 0, 0, 0, 2010, 9879, 192400.71, 262.67, 'rug', 0.03402370, 2620922.39, 6, 'scam'),
  ('GoldFinance', 'GOLDF', 387729724, 0.09283381, 'random', 45, 0, 'bull', 7, 1, 0, 0, 4809, 6291, 216662.87, 126.21, 'stable', 3.12707132, 754712456.48, 71, 'active'),
  ('GoldChain', 'GOL', 71963067, 0.05763292, 'random', 22, 2, 'bull', 7, 1, 0, 1, 3348, 2911, 965817.50, 133.56, 'slow_death', 0.06740163, 4074834.40, 26, 'dead'),
  ('DiamondInu', 'DIAMO', 26145462, 0.05691486, 'random', 62, 4, 'bull', 4, 1, 1, 1, 2667, 8304, 525724.42, -2.01, 'moon', 70.41108789, 1394049899.46, 28, 'active'),
  ('StarCoin', 'STARC', 960974883, 0.09427509, 'random', 25, 3, 'bull', 6, 0, 1, 0, 6436, 328, 781335.32, 155.95, 'stable', 1.84219223, 1098032218.75, 19, 'active'),
  ('StarMoon', 'STAR', 113078944, 0.05238811, 'random', 52, 3, 'sideways', 7, 1, 1, 1, 3400, 4805, 592108.86, 306.96, 'slow_death', 0.13336202, 13747453.72, 54, 'dead'),
  ('MoonSwap', 'MOONS', 513041636, 0.01922282, 'random', 4, 2, 'sideways', 1, 1, 1, 0, 14268, 3392, 139088.23, 12.92, 'slow_death', 0.03047642, 11061304.02, 34, 'dead'),
  ('GoldFinance', 'GOLDF', 419281445, 0.02625599, 'random', 0, 1, 'bull', 6, 1, 1, 1, 1053, 1984, 444567.30, 37.69, 'rug', 0.09699879, 28405078.12, 11, 'dead'),
  ('SkyDAO', 'SKY', 266384993, 0.01232705, 'random', 68, 0, 'bear', 10, 0, 1, 0, 2678, 8365, 903551.48, 18.27, 'slow_death', 0.03646660, 8031801.13, 16, 'dead'),
  ('SunDAO', 'SUND', 699809628, 0.08729614, 'random', 52, 0, 'bull', 4, 1, 1, 0, 13507, 1861, 512598.06, 71.29, 'stable', 2.89715026, 1970229562.12, 9, 'active'),
  ('DiamondInu', 'DIA', 458620466, 0.06759387, 'random', 22, 1, 'bull', 9, 0, 1, 1, 1272, 1827, 352479.21, 442.58, 'rug', 0.23857169, 72336919.90, 1, 'scam'),
  ('OceanChain', 'OCE', 85901457, 0.02547256, 'random', 26, 4, 'bear', 10, 1, 0, 0, 829, 303, 214360.26, 62.79, 'rug', 0.06612000, 5218486.06, 8, 'scam'),
  ('SkyDAO', 'SKYDA', 803591133, 0.07779054, 'random', 71, 0, 'bull', 7, 1, 1, 1, 10005, 9760, 526447.96, -473.71, 'rug', 0.12725405, 97028765.68, 1, 'scam'),
  ('StarDAO', 'STARD', 913177016, 0.03924348, 'random', 26, 0, 'sideways', 5, 1, 1, 1, 34834, 2358, 564176.43, 291.92, 'moon', 161.74907870, 107707158090.76, 9, 'active'),
  ('SunProtocol', 'SUNPR', 198956346, 0.00160250, 'random', 66, 3, 'sideways', 3, 1, 0, 1, 850, 330, 752897.79, 81.02, 'rug', 0.00095595, 136926.66, 14, 'scam'),
  ('GoldCoin', 'GOL', 685128298, 0.04822884, 'random', 16, 0, 'bull', 3, 0, 1, 0, 7614, 6147, 406057.66, 49.59, 'slow_death', 0.04572691, 24100671.22, 45, 'dead'),
  ('OceanChain', 'OCEA', 281522924, 0.00083925, 'random', 53, 0, 'bull', 5, 1, 0, 0, 784, 8382, 764527.68, -121.56, 'slow_death', 0.00249004, 602629.06, 57, 'active'),
  ('RocketNetwork', 'ROCK', 926536385, 0.01697867, 'random', 65, 1, 'sideways', 2, 0, 1, 0, 7442, 8152, 590495.39, -273.17, 'rug', 0.04058816, 31834205.01, 4, 'scam'),
  ('GoldFinance', 'GOL', 102887690, 0.01093280, 'random', 34, 0, 'bull', 9, 1, 1, 1, 7621, 2725, 276427.39, -173.07, 'rug', 0.04768463, 4098485.56, 13, 'scam'),
  ('OceanInu', 'OCE', 821564817, 0.02687340, 'random', 27, 1, 'sideways', 2, 0, 0, 1, 74, 983, 202460.69, 135.91, 'rug', 0.08390042, 44243305.07, 3, 'scam'),
  ('GoldToken', 'GOL', 874110397, 0.06780918, 'random', 7, 1, 'sideways', 1, 0, 0, 1, 1459, 8135, 339428.65, 241.24, 'slow_death', 0.11121033, 60147520.65, 10, 'dead'),
  ('OceanChain', 'OCE', 966078628, 0.08927903, 'random', 86, 1, 'bear', 4, 0, 1, 1, 1005, 5962, 581834.92, 145.67, 'stable', 3.39257334, 2328248248.17, 74, 'active'),
  ('MoonChain', 'MOONC', 405128610, 0.03458892, 'random', 57, 1, 'bull', 8, 1, 1, 1, 6004, 3677, 92115.38, 349.48, 'rug', 0.08328931, 32963417.87, 7, 'dead'),
  ('DiamondChain', 'DIA', 846140310, 0.05138398, 'random', 73, 0, 'sideways', 5, 1, 1, 1, 10953, 4543, 736864.85, -415.12, 'stable', 1.07386442, 609429829.40, 44, 'active'),
  ('SunInu', 'SUN', 154847428, 0.03473935, 'random', 71, 2, 'bear', 4, 1, 0, 0, 7730, 5500, 367877.45, -11.55, 'rug', 0.12232549, 14312921.05, 12, 'scam'),
  ('MoonToken', 'MOON', 879694489, 0.05255435, 'random', 35, 1, 'sideways', 10, 0, 0, 1, 4659, 7328, 751111.53, -64.85, 'stable', 1.87136570, 1042918413.93, 18, 'active'),
  ('StarMoon', 'STAR', 199500227, 0.08128686, 'random', 43, 6, 'bull', 5, 1, 1, 0, 1394, 1884, 613345.65, -237.06, 'slow_death', 0.16930388, 22120077.59, 56, 'dead'),
  ('SunCoin', 'SUN', 129021358, 0.08165958, 'random', 19, 1, 'bear', 3, 1, 1, 0, 3157, 8553, 902305.62, 163.36, 'rug', 0.11046972, 12162354.78, 1, 'scam'),
  ('OceanInu', 'OCEAN', 723878416, 0.09522596, 'random', 35, 1, 'bull', 1, 0, 1, 0, 5038, 8770, 323576.15, 125.84, 'slow_death', 0.19086472, 121646276.85, 28, 'dead'),
  ('DiamondInu', 'DIA', 943014957, 0.02920969, 'random', 62, 0, 'sideways', 4, 0, 0, 1, 32749, 7576, 3277.55, 58.66, 'slow_death', 0.07599565, 64444390.18, 36, 'dead'),
  ('RocketProtocol', 'ROCK', 469338720, 0.03450547, 'random', 24, 2, 'bear', 5, 1, 1, 1, 5737, 630, 949344.13, -61.07, 'rug', 0.09757882, 40200618.31, 4, 'scam'),
  ('FireNetwork', 'FIREN', 937945338, 0.02721733, 'random', 28, 5, 'sideways', 2, 1, 1, 1, 7355, 7785, 565133.24, 173.27, 'slow_death', 0.03126926, 18781292.34, 22, 'active');

-- Batch 199 (99001 to 99500)
INSERT INTO coin_history_cases (
  coin_name, coin_symbol, initial_supply, initial_price, category,
  creator_reputation, creator_previous_coins, market_trend, competition_level,
  has_website, has_twitter, has_telegram, marketing_budget,
  initial_holders, initial_volume, first_week_growth,
  outcome, max_price, max_market_cap, days_to_peak, final_status
) VALUES
  ('GoldSwap', 'GOLDS', 356395864, 0.07684460, 'random', 42, 2, 'bull', 6, 1, 0, 0, 25, 2938, 47279.38, 394.73, 'stable', 0.30787045, 109433832.21, 18, 'active'),
  ('MoonCoin', 'MOON', 187904453, 0.00137396, 'random', 50, 4, 'bear', 3, 0, 1, 1, 756, 3522, 630531.13, 473.90, 'rug', 0.00278179, 432305.48, 12, 'scam'),
  ('SilverSwap', 'SILV', 975743449, 0.00277536, 'random', 29, 5, 'bull', 5, 0, 0, 1, 586, 4840, 516549.97, 20.53, 'slow_death', 0.00341080, 3242100.47, 9, 'dead'),
  ('SilverNetwork', 'SILVE', 78689503, 0.00399104, 'random', 22, 2, 'sideways', 6, 1, 1, 1, 139, 2527, 888785.81, 160.26, 'slow_death', 0.00467594, 307969.34, 37, 'dead'),
  ('SilverFinance', 'SIL', 210710855, 0.09969744, 'random', 59, 0, 'sideways', 5, 1, 1, 0, 755, 6214, 372168.82, -135.61, 'stable', 0.66356171, 97298824.23, 81, 'active'),
  ('SunToken', 'SUNT', 946132918, 0.01093901, 'random', 69, 1, 'sideways', 2, 1, 1, 1, 2323, 2941, 728931.94, 119.79, 'rug', 0.05459238, 42088192.93, 3, 'dead'),
  ('SilverDAO', 'SILVE', 73403927, 0.01859848, 'random', 17, 0, 'sideways', 6, 0, 0, 1, 3885, 3751, 204366.18, 330.81, 'slow_death', 0.02676797, 1494690.66, 50, 'dead'),
  ('MoonSwap', 'MOONS', 641636682, 0.05513150, 'random', 58, 7, 'bull', 10, 0, 1, 0, 4057, 3393, 357131.15, 2.33, 'slow_death', 0.03220379, 13956267.07, 23, 'active'),
  ('FireProtocol', 'FIREP', 32420718, 0.09394716, 'random', 27, 1, 'sideways', 3, 1, 0, 1, 5914, 2109, 779209.32, 405.79, 'slow_death', 0.08933848, 2158068.00, 13, 'dead'),
  ('DiamondNetwork', 'DIAM', 441433343, 0.07803418, 'random', 15, 0, 'bull', 9, 1, 1, 0, 12594, 467, 392817.01, -103.66, 'slow_death', 0.05358745, 16435246.73, 54, 'dead'),
  ('RocketChain', 'ROCKE', 782654590, 0.08968343, 'random', 32, 2, 'sideways', 1, 1, 1, 1, 2715, 8616, 129340.99, 196.01, 'stable', 0.90683721, 530491484.70, 64, 'active'),
  ('MoonFinance', 'MOO', 824945587, 0.06694981, 'random', 10, 3, 'bear', 5, 0, 1, 1, 4709, 5277, 241447.51, -20.65, 'slow_death', 0.07783824, 52420324.95, 6, 'active'),
  ('OceanChain', 'OCEAN', 437243675, 0.08584186, 'random', 16, 2, 'bear', 8, 1, 1, 1, 8695, 179, 924829.53, -362.79, 'rug', 0.40452235, 157797143.16, 12, 'scam'),
  ('RocketChain', 'ROC', 101410287, 0.06929027, 'random', 78, 9, 'sideways', 2, 1, 1, 1, 1382, 8777, 183178.66, 218.01, 'rug', 0.11864910, 9794877.31, 6, 'scam'),
  ('StarInu', 'STA', 403920006, 0.06513716, 'random', 40, 1, 'bear', 5, 1, 1, 0, 16112, 8326, 501274.36, 38.92, 'rug', 0.22950145, 76563372.67, 6, 'scam'),
  ('StarInu', 'STAR', 216643849, 0.07320706, 'random', 37, 1, 'bear', 6, 0, 0, 0, 4489, 4303, 913501.32, 86.04, 'stable', 0.28773940, 53046965.26, 58, 'active'),
  ('SunCoin', 'SUNCO', 822267991, 0.05376477, 'random', 22, 0, 'sideways', 10, 0, 1, 0, 2168, 4431, 442741.87, 163.29, 'rug', 0.05887895, 33761512.00, 3, 'scam'),
  ('StarProtocol', 'STAR', 478071037, 0.04138267, 'random', 45, 0, 'sideways', 2, 1, 1, 1, 725, 7892, 24975.03, 28.82, 'moon', 189.07595716, 82671560758.79, 9, 'active'),
  ('SilverMoon', 'SILVE', 492100995, 0.05983045, 'random', 33, 0, 'sideways', 5, 0, 0, 1, 583, 962, 460190.28, 159.78, 'slow_death', 0.11596764, 47164115.69, 28, 'active'),
  ('SkyDAO', 'SKYD', 524268699, 0.08904470, 'random', 17, 0, 'bull', 7, 0, 1, 0, 244, 1780, 452219.44, 440.23, 'rug', 0.07202827, 26654289.65, 9, 'scam'),
  ('SkyFinance', 'SKYFI', 132500571, 0.08985071, 'random', 11, 0, 'sideways', 8, 1, 1, 1, 1638, 6197, 72274.65, -59.02, 'rug', 0.13032612, 10923963.21, 7, 'scam'),
  ('GoldCoin', 'GOLD', 199678690, 0.08944353, 'random', 40, 5, 'bear', 9, 1, 1, 0, 6640, 496, 644001.37, 164.30, 'rug', 0.04353823, 8475290.29, 4, 'scam'),
  ('MoonMoon', 'MOO', 892725150, 0.01634945, 'random', 17, 7, 'bear', 10, 1, 1, 0, 11175, 7058, 547793.79, 429.17, 'slow_death', 0.01268995, 9790768.09, 38, 'dead'),
  ('SkyCoin', 'SKYCO', 78784708, 0.00741678, 'random', 80, 0, 'bear', 2, 0, 1, 0, 692, 4930, 264586.42, 64.10, 'stable', 0.18887077, 9750282.11, 66, 'active'),
  ('StarChain', 'STARC', 198807050, 0.06399855, 'random', 43, 0, 'bull', 3, 0, 1, 0, 9968, 3801, 15526.97, 262.02, 'rug', 0.00966120, 1167046.29, 12, 'scam'),
  ('StarMoon', 'STA', 550335887, 0.04330128, 'random', 32, 3, 'bear', 10, 1, 1, 0, 5948, 5242, 543836.11, 198.13, 'slow_death', 0.09479335, 44645850.09, 19, 'active'),
  ('RocketMoon', 'ROCK', 647215988, 0.03444502, 'random', 66, 4, 'sideways', 8, 1, 1, 1, 3490, 6740, 105800.09, -109.63, 'slow_death', 0.07818201, 44577895.98, 40, 'active'),
  ('GoldMoon', 'GOL', 413796045, 0.00821718, 'random', 11, 5, 'sideways', 1, 1, 1, 0, 811, 5255, 838343.38, -131.35, 'stable', 0.15888203, 49458446.93, 16, 'active'),
  ('MoonInu', 'MOONI', 897749254, 0.06150610, 'random', 49, 1, 'sideways', 6, 0, 0, 0, 1476, 2666, 67603.45, -179.78, 'stable', 0.92851120, 761912678.15, 70, 'active'),
  ('SunNetwork', 'SUNN', 687144929, 0.07833080, 'random', 42, 0, 'sideways', 1, 1, 1, 1, 2748, 8639, 12022.80, -369.34, 'moon', 696.73924889, 474041461394.64, 29, 'dead'),
  ('GoldMoon', 'GOL', 110843553, 0.03908908, 'random', 48, 0, 'bear', 10, 0, 0, 0, 1485, 8753, 208661.22, -77.66, 'stable', 1.03120912, 70924921.14, 49, 'active'),
  ('RocketProtocol', 'ROC', 425163768, 0.07398113, 'random', 51, 2, 'bear', 6, 1, 0, 1, 3867, 6284, 148799.70, 294.52, 'rug', 0.27564635, 103791358.10, 6, 'scam'),
  ('DiamondSwap', 'DIAMO', 418657898, 0.05676626, 'random', 46, 2, 'bear', 1, 1, 1, 1, 15351, 2009, 933716.09, -328.81, 'slow_death', 0.09559269, 24640181.42, 30, 'dead'),
  ('DiamondNetwork', 'DIA', 498793166, 0.05645631, 'random', 14, 3, 'sideways', 4, 1, 1, 0, 2063, 2210, 505005.98, 369.68, 'slow_death', 0.07490330, 25815044.40, 50, 'dead'),
  ('MoonFinance', 'MOONF', 461227725, 0.05320285, 'random', 67, 0, 'sideways', 3, 1, 1, 0, 7933, 9163, 742877.75, -88.13, 'stable', 2.62780247, 963181209.90, 32, 'active'),
  ('StarToken', 'START', 73248460, 0.00249545, 'random', 29, 1, 'bear', 4, 1, 1, 0, 835, 57, 123455.52, -179.17, 'rug', 0.00426749, 241854.45, 4, 'scam'),
  ('FireCoin', 'FIR', 688586675, 0.01423445, 'random', 41, 0, 'bear', 7, 0, 1, 1, 531, 2643, 288268.21, 138.94, 'slow_death', 0.02511063, 13624993.19, 11, 'dead'),
  ('StarInu', 'STARI', 340251464, 0.08433878, 'random', 35, 6, 'bear', 1, 0, 0, 0, 636, 4132, 175675.55, -122.72, 'rug', 0.36255775, 106635593.86, 1, 'scam'),
  ('GoldNetwork', 'GOLDN', 720297546, 0.03804009, 'random', 40, 1, 'bull', 9, 0, 1, 0, 6709, 7984, 947292.77, -24.10, 'rug', 0.05841082, 35566073.15, 3, 'scam'),
  ('FireCoin', 'FIREC', 24725210, 0.04180402, 'random', 50, 6, 'bull', 9, 1, 1, 0, 7223, 9064, 130997.26, 543.98, 'slow_death', 0.08932397, 1423308.12, 58, 'dead'),
  ('RocketChain', 'ROCKE', 656239527, 0.00281480, 'random', 28, 7, 'bear', 4, 1, 1, 1, 6022, 2237, 454310.95, 175.70, 'stable', 0.06945994, 44270946.55, 55, 'active'),
  ('DiamondFinance', 'DIAMO', 451848303, 0.01740565, 'random', 41, 0, 'bull', 4, 1, 0, 0, 1252, 4162, 729089.86, 91.35, 'slow_death', 0.02134069, 5855690.83, 34, 'dead'),
  ('SkyInu', 'SKY', 989660398, 0.04958143, 'random', 17, 6, 'sideways', 10, 0, 1, 1, 1575, 4455, 435813.88, 215.12, 'rug', 0.08858233, 87496882.50, 3, 'dead'),
  ('StarProtocol', 'STARP', 807495266, 0.06742502, 'random', 40, 0, 'sideways', 1, 1, 1, 1, 5243, 8182, 930701.74, 459.66, 'stable', 0.60539829, 311602304.61, 16, 'active'),
  ('StarCoin', 'STAR', 460550243, 0.08192138, 'random', 49, 0, 'bull', 10, 1, 1, 1, 6332, 1733, 717222.06, -104.13, 'rug', 0.12282504, 41230767.01, 3, 'scam'),
  ('SunProtocol', 'SUNPR', 228652992, 0.05045343, 'random', 43, 0, 'bear', 2, 1, 0, 1, 436, 1451, 956713.39, 100.18, 'slow_death', 0.11628085, 23040944.87, 59, 'dead'),
  ('SunDAO', 'SUNDA', 616004988, 0.03091294, 'random', 11, 1, 'sideways', 7, 1, 0, 0, 12720, 348, 91778.14, -9.45, 'slow_death', 0.07349932, 34685491.40, 49, 'dead'),
  ('DiamondSwap', 'DIA', 665588427, 0.04163811, 'random', 44, 0, 'sideways', 10, 1, 1, 1, 84, 6701, 641832.75, 0.26, 'slow_death', 0.12392712, 75369800.79, 31, 'dead'),
  ('DiamondCoin', 'DIA', 474608478, 0.01642665, 'random', 52, 0, 'bear', 3, 1, 1, 0, 6980, 5624, 489235.78, -269.14, 'rug', 0.07317415, 28604182.61, 10, 'scam'),
  ('DiamondMoon', 'DIAM', 569329153, 0.01495680, 'random', 27, 1, 'bull', 2, 0, 1, 0, 11538, 392, 184807.27, -24.46, 'slow_death', 0.00897891, 4467007.49, 53, 'active'),
  ('SkyToken', 'SKYTO', 502451862, 0.01396383, 'random', 64, 0, 'sideways', 9, 0, 1, 0, 2766, 1357, 982891.38, 381.76, 'slow_death', 0.01025035, 4552415.82, 16, 'active'),
  ('DiamondNetwork', 'DIA', 563858065, 0.02728965, 'random', 63, 3, 'bull', 8, 0, 1, 0, 6289, 9203, 155233.74, 217.25, 'stable', 0.24237702, 94585331.39, 75, 'active'),
  ('SilverProtocol', 'SIL', 631196137, 0.00626105, 'random', 19, 1, 'bull', 4, 1, 1, 1, 20763, 6009, 223168.14, -34.61, 'slow_death', 0.01301281, 5043723.52, 55, 'active'),
  ('GoldToken', 'GOLDT', 250109855, 0.07900334, 'random', 46, 5, 'sideways', 6, 0, 1, 1, 441, 7636, 777961.84, 344.51, 'slow_death', 0.13520563, 30610072.30, 25, 'active'),
  ('DiamondSwap', 'DIAMO', 632226709, 0.06712068, 'random', 4, 4, 'sideways', 10, 1, 1, 0, 6692, 4455, 912143.52, -6.74, 'rug', 0.33469374, 175694167.92, 14, 'scam'),
  ('RocketChain', 'ROCK', 963719901, 0.03398281, 'random', 59, 0, 'sideways', 8, 0, 0, 0, 4388, 6559, 735888.81, 10.79, 'rug', 0.16901220, 108128679.81, 14, 'scam'),
  ('OceanFinance', 'OCE', 726993414, 0.07913177, 'random', 36, 2, 'bull', 8, 1, 1, 0, 17558, 7336, 623468.03, 102.53, 'moon', 326.17195233, 169811107821.47, 12, 'dead'),
  ('DiamondDAO', 'DIA', 494325366, 0.03323174, 'random', 21, 0, 'bear', 6, 0, 0, 0, 2431, 3643, 251946.35, 26.13, 'slow_death', 0.04228726, 16293450.58, 7, 'active'),
  ('FireDAO', 'FIRE', 116816728, 0.04029109, 'random', 37, 0, 'sideways', 3, 1, 1, 1, 464, 5179, 607934.26, 265.89, 'moon', 221.44495181, 22107253908.03, 25, 'dead'),
  ('MoonChain', 'MOO', 854751437, 0.00225631, 'random', 27, 2, 'bear', 5, 1, 0, 1, 96, 1506, 547170.18, 366.62, 'rug', 0.00797111, 5900127.97, 7, 'scam'),
  ('MoonChain', 'MOONC', 591920704, 0.04193634, 'random', 60, 1, 'bull', 7, 1, 1, 0, 6188, 7624, 302366.00, 704.98, 'stable', 1.48272504, 726588965.22, 74, 'active'),
  ('DiamondMoon', 'DIA', 494905358, 0.09460525, 'random', 37, 3, 'sideways', 5, 1, 1, 0, 351, 9916, 42242.11, -221.88, 'rug', 0.11494460, 40440529.32, 9, 'scam'),
  ('SilverChain', 'SILV', 567093797, 0.05355401, 'random', 52, 0, 'sideways', 3, 0, 1, 1, 902, 7524, 37883.95, 37.67, 'rug', 0.06694186, 32030869.49, 13, 'dead'),
  ('StarCoin', 'STAR', 876801452, 0.01949543, 'random', 23, 3, 'bull', 5, 0, 1, 1, 5007, 2997, 957006.79, 26.52, 'rug', 0.02717172, 20286057.76, 13, 'scam'),
  ('SilverFinance', 'SIL', 305500935, 0.08816442, 'random', 52, 2, 'sideways', 7, 1, 1, 0, 8386, 9870, 354480.01, -118.50, 'slow_death', 0.06873884, 12603015.12, 54, 'dead'),
  ('MoonProtocol', 'MOO', 378537218, 0.02305474, 'random', 42, 6, 'bull', 10, 1, 1, 1, 26052, 788, 639502.32, 108.25, 'rug', 0.07954134, 26711977.03, 7, 'dead'),
  ('FireChain', 'FIREC', 415096500, 0.04737469, 'random', 46, 1, 'sideways', 3, 1, 0, 0, 1953, 8379, 386074.80, 27.21, 'rug', 0.05116622, 17906967.55, 3, 'scam'),
  ('FireSwap', 'FIRES', 146748832, 0.08264211, 'random', 52, 4, 'bear', 7, 1, 1, 0, 12296, 5872, 510626.64, -122.91, 'rug', 0.25586135, 26354275.21, 14, 'scam'),
  ('DiamondCoin', 'DIAMO', 397348954, 0.04175685, 'random', 73, 5, 'bull', 7, 1, 1, 0, 19063, 9250, 327913.07, -214.04, 'stable', 1.01909271, 378113754.82, 56, 'active'),
  ('DiamondDAO', 'DIAMO', 41192434, 0.02935368, 'random', 21, 1, 'bull', 3, 1, 1, 1, 2539, 1007, 157670.83, -90.31, 'moon', 121.44100934, 4959985682.21, 21, 'dead'),
  ('OceanInu', 'OCE', 46839551, 0.00613443, 'random', 68, 0, 'bear', 6, 0, 0, 0, 4095, 3719, 271901.33, 118.65, 'moon', 48.36084559, 1926807888.63, 4, 'active'),
  ('GoldChain', 'GOLD', 896665105, 0.07063740, 'random', 37, 0, 'bull', 8, 0, 1, 0, 329, 3249, 341462.06, -235.63, 'stable', 0.18610344, 130477180.16, 74, 'active'),
  ('SkySwap', 'SKYSW', 105407450, 0.08325332, 'random', 69, 2, 'bull', 10, 1, 1, 1, 1080, 3367, 712608.91, -83.45, 'rug', 0.13233197, 13473402.53, 12, 'scam'),
  ('SkyFinance', 'SKY', 244117491, 0.04217154, 'random', 38, 10, 'bear', 9, 1, 0, 0, 1093, 6430, 997676.28, -241.26, 'moon', 93.54315993, 20225174637.50, 3, 'dead'),
  ('SunProtocol', 'SUNPR', 645948499, 0.05635081, 'random', 53, 0, 'sideways', 8, 1, 1, 1, 343, 9356, 546434.16, 200.67, 'stable', 1.84639187, 795026910.24, 84, 'active'),
  ('SkyChain', 'SKYCH', 49269394, 0.04357547, 'random', 28, 1, 'sideways', 7, 0, 1, 1, 142, 401, 343936.01, -89.64, 'stable', 0.89125582, 32822038.51, 42, 'active'),
  ('MoonInu', 'MOONI', 955807765, 0.01686048, 'random', 27, 0, 'bull', 2, 0, 0, 0, 1413, 2380, 789708.91, 6.43, 'rug', 0.06091124, 56981717.28, 5, 'scam'),
  ('OceanMoon', 'OCEAN', 545122948, 0.02868539, 'random', 33, 3, 'bear', 10, 1, 1, 1, 2939, 6851, 799813.94, -70.54, 'rug', 0.08962566, 30533651.31, 13, 'scam'),
  ('DiamondToken', 'DIAM', 911368488, 0.03145243, 'random', 88, 5, 'bear', 4, 0, 1, 0, 2923, 11, 927065.60, -9.76, 'slow_death', 0.02249499, 19370160.04, 32, 'active'),
  ('FireProtocol', 'FIREP', 63354504, 0.08460119, 'random', 53, 3, 'bull', 4, 0, 1, 0, 197, 2450, 261462.61, 358.71, 'rug', 0.35882814, 21938627.32, 8, 'dead'),
  ('RocketDAO', 'ROCKE', 192400489, 0.00558202, 'random', 14, 3, 'bear', 1, 1, 1, 1, 12453, 7626, 418292.14, -43.49, 'rug', 0.00576290, 911790.35, 10, 'scam'),
  ('StarFinance', 'STA', 749189409, 0.07650441, 'random', 31, 1, 'bull', 1, 0, 1, 0, 1094, 7275, 807948.55, -137.99, 'stable', 3.44615408, 1594161033.92, 59, 'active'),
  ('SunSwap', 'SUNS', 98512779, 0.01465208, 'random', 13, 1, 'bull', 9, 0, 1, 0, 1583, 9271, 679512.51, -75.10, 'slow_death', 0.00778664, 666088.61, 55, 'dead'),
  ('GoldCoin', 'GOL', 999084093, 0.09816366, 'random', 16, 0, 'bull', 8, 1, 1, 1, 1063, 6179, 889232.76, 373.54, 'slow_death', 0.27555610, 256227605.72, 22, 'dead'),
  ('MoonInu', 'MOON', 258880063, 0.08545589, 'random', 36, 4, 'bear', 2, 1, 1, 1, 461, 6234, 71350.89, -14.83, 'rug', 0.19703747, 33429230.95, 13, 'scam'),
  ('SunInu', 'SUN', 42114635, 0.07666028, 'random', 75, 0, 'sideways', 4, 1, 1, 0, 1609, 888, 25776.95, -229.55, 'slow_death', 0.15281179, 4961631.97, 56, 'dead'),
  ('SunChain', 'SUNCH', 307344070, 0.08385821, 'random', 27, 5, 'sideways', 4, 1, 1, 0, 4346, 5262, 711641.99, 371.23, 'rug', 0.31326348, 68467967.20, 8, 'scam'),
  ('GoldNetwork', 'GOL', 128602628, 0.00322649, 'random', 36, 2, 'bull', 7, 1, 1, 0, 6464, 5848, 72717.79, -52.49, 'rug', 0.01314369, 1548922.09, 1, 'scam'),
  ('OceanMoon', 'OCEA', 231938166, 0.07738520, 'random', 21, 0, 'sideways', 6, 1, 1, 0, 8516, 5185, 437335.94, 243.53, 'moon', 453.06924937, 68858540142.10, 13, 'active'),
  ('FireFinance', 'FIREF', 496196442, 0.02971898, 'random', 33, 3, 'sideways', 7, 1, 1, 1, 698, 7897, 84218.48, 33.43, 'rug', 0.04036134, 17897816.12, 3, 'scam'),
  ('OceanDAO', 'OCE', 219579986, 0.04824077, 'random', 49, 7, 'bull', 3, 0, 1, 1, 213, 6417, 210860.07, 74.16, 'stable', 0.12636969, 19019688.51, 58, 'active'),
  ('OceanSwap', 'OCEA', 161235437, 0.00798570, 'random', 18, 1, 'sideways', 5, 0, 1, 0, 7067, 2941, 797742.68, -99.33, 'slow_death', 0.01608877, 2013048.78, 49, 'dead'),
  ('OceanDAO', 'OCE', 794298021, 0.03813939, 'random', 90, 1, 'sideways', 10, 0, 1, 1, 8498, 1911, 237773.52, 263.75, 'moon', 146.80554550, 106023244841.79, 13, 'active'),
  ('SkyInu', 'SKY', 834694479, 0.07272925, 'random', 22, 2, 'bull', 8, 1, 1, 1, 3502, 792, 985714.03, -82.91, 'stable', 1.84363422, 1351354074.68, 64, 'active'),
  ('SunFinance', 'SUNF', 651589239, 0.06586036, 'random', 40, 2, 'sideways', 5, 1, 1, 1, 1890, 1355, 89703.06, 36.96, 'stable', 3.03964027, 1876774594.70, 48, 'active'),
  ('StarDAO', 'STAR', 610220117, 0.00719203, 'random', 63, 0, 'sideways', 1, 1, 1, 1, 12019, 7762, 719469.72, 37.06, 'rug', 0.02719470, 13130788.87, 6, 'scam'),
  ('OceanMoon', 'OCE', 141877717, 0.08868082, 'random', 47, 1, 'bull', 7, 1, 1, 1, 526, 7905, 225287.75, 254.03, 'slow_death', 0.20552039, 18769842.86, 4, 'dead'),
  ('SkyNetwork', 'SKY', 63269114, 0.07910672, 'random', 60, 1, 'bear', 5, 1, 0, 0, 22204, 6185, 722347.79, -154.02, 'rug', 0.02076949, 1045667.17, 7, 'dead'),
  ('SkyInu', 'SKYIN', 707032272, 0.01524454, 'random', 58, 9, 'sideways', 6, 1, 1, 0, 2120, 6684, 457436.73, 37.65, 'slow_death', 0.01065914, 7105097.01, 46, 'dead'),
  ('SkySwap', 'SKYSW', 663535116, 0.03629589, 'random', 52, 0, 'bull', 2, 1, 0, 0, 23, 4505, 384271.74, -331.64, 'slow_death', 0.02159752, 13466845.05, 40, 'active'),
  ('MoonProtocol', 'MOONP', 233462064, 0.02392474, 'random', 55, 0, 'sideways', 2, 1, 0, 0, 2758, 7687, 301503.72, -69.44, 'rug', 0.09745217, 21283649.79, 13, 'scam'),
  ('SkyFinance', 'SKYFI', 844704552, 0.08133557, 'random', 0, 2, 'sideways', 1, 0, 1, 1, 11939, 8864, 473916.63, -227.72, 'rug', 0.33736957, 269381445.91, 5, 'dead'),
  ('SunFinance', 'SUN', 536398168, 0.07458127, 'random', 24, 1, 'bull', 7, 1, 1, 1, 13, 4736, 16694.72, -37.79, 'slow_death', 0.18406256, 86565249.67, 23, 'dead'),
  ('RocketToken', 'ROCK', 10897401, 0.07926544, 'random', 30, 6, 'sideways', 9, 0, 1, 0, 76, 9415, 650773.15, 152.72, 'rug', 0.30782372, 2086243.77, 4, 'dead'),
  ('FireToken', 'FIR', 254008092, 0.09019201, 'random', 63, 1, 'bear', 4, 0, 1, 1, 6397, 5877, 432009.18, -4.38, 'slow_death', 0.11320317, 19417603.94, 55, 'dead'),
  ('SkyMoon', 'SKYMO', 490435718, 0.04487944, 'random', 12, 0, 'bear', 3, 1, 1, 0, 4974, 4232, 401105.08, -114.30, 'stable', 1.67912930, 757952019.05, 74, 'active'),
  ('SilverInu', 'SIL', 166086830, 0.00304459, 'random', 61, 0, 'bull', 5, 1, 0, 1, 10195, 4410, 405027.28, 353.32, 'stable', 0.08475495, 10716692.91, 37, 'active'),
  ('GoldToken', 'GOL', 857405551, 0.04446343, 'random', 12, 2, 'bear', 9, 1, 1, 1, 2903, 9450, 423736.26, -79.50, 'rug', 0.12870101, 95740546.34, 10, 'scam'),
  ('DiamondMoon', 'DIAM', 451032243, 0.00896452, 'random', 36, 3, 'bull', 3, 1, 1, 0, 4605, 6577, 549557.06, 98.07, 'rug', 0.02458762, 9249304.16, 10, 'dead'),
  ('GoldToken', 'GOLD', 399005496, 0.00863217, 'random', 32, 1, 'bear', 4, 0, 0, 0, 3246, 9151, 677525.14, -134.04, 'rug', 0.01365141, 4850863.83, 12, 'scam'),
  ('SilverToken', 'SILV', 121773756, 0.03162108, 'random', 73, 2, 'bull', 3, 1, 0, 1, 3420, 8571, 508064.34, -92.93, 'rug', 0.02073706, 1542694.17, 1, 'scam'),
  ('OceanMoon', 'OCEAN', 539055747, 0.00875843, 'random', 79, 6, 'bear', 8, 0, 1, 0, 12272, 1194, 942732.78, 84.70, 'stable', 0.32043423, 124730615.54, 89, 'active'),
  ('SunChain', 'SUN', 998458671, 0.09720788, 'random', 39, 1, 'bull', 2, 1, 0, 0, 4539, 5776, 522195.45, 129.50, 'rug', 0.30709584, 200542248.06, 5, 'scam'),
  ('GoldProtocol', 'GOLDP', 575040593, 0.03536888, 'random', 0, 4, 'bull', 9, 1, 1, 0, 1131, 8214, 325875.21, 163.75, 'stable', 0.58874723, 261427298.34, 56, 'active'),
  ('SunMoon', 'SUN', 482259269, 0.02571442, 'random', 82, 1, 'sideways', 9, 1, 0, 0, 1627, 8207, 662525.41, -50.86, 'slow_death', 0.01639264, 7204619.43, 26, 'dead'),
  ('DiamondSwap', 'DIAM', 259628353, 0.03683727, 'random', 51, 6, 'bull', 2, 1, 1, 0, 6582, 237, 742364.28, -24.90, 'rug', 0.13393336, 33200685.79, 6, 'scam'),
  ('RocketToken', 'ROC', 939374605, 0.05796217, 'random', 33, 2, 'sideways', 1, 1, 1, 1, 9455, 331, 522931.57, 35.16, 'rug', 0.12427245, 93197681.59, 13, 'scam'),
  ('StarFinance', 'STA', 940952271, 0.02567563, 'random', 19, 0, 'bull', 8, 1, 1, 1, 4182, 7540, 339478.33, -390.92, 'rug', 0.05087402, 37384002.12, 8, 'scam'),
  ('FireProtocol', 'FIR', 834753447, 0.06408728, 'random', 7, 5, 'bear', 10, 0, 1, 0, 3433, 3764, 339039.06, -73.14, 'moon', 315.02640244, 220653902111.49, 13, 'active'),
  ('SkyMoon', 'SKYMO', 992464244, 0.05792238, 'random', 20, 4, 'bull', 1, 0, 1, 0, 12624, 641, 689346.35, -47.82, 'stable', 2.61284073, 2384798033.86, 17, 'active'),
  ('DiamondNetwork', 'DIAMO', 87021116, 0.01192097, 'random', 0, 2, 'sideways', 4, 0, 0, 1, 6376, 121, 690198.21, -78.75, 'stable', 0.17100867, 10803348.79, 85, 'active'),
  ('SkyInu', 'SKYI', 954152851, 0.04985120, 'random', 22, 5, 'sideways', 5, 1, 0, 0, 5631, 6397, 513474.79, -355.44, 'stable', 1.00771792, 803859416.63, 26, 'active'),
  ('MoonSwap', 'MOO', 108960701, 0.07457263, 'random', 39, 1, 'sideways', 5, 1, 0, 1, 9845, 6576, 448035.23, -27.56, 'slow_death', 0.11478059, 11773673.63, 51, 'dead'),
  ('StarDAO', 'STARD', 714524987, 0.00069898, 'random', 45, 0, 'sideways', 7, 1, 1, 1, 5184, 6783, 319941.47, -8.76, 'slow_death', 0.00107994, 740331.50, 14, 'dead'),
  ('SilverFinance', 'SIL', 546841292, 0.08258195, 'random', 14, 0, 'bull', 4, 1, 1, 0, 2133, 9650, 525658.87, 86.66, 'stable', 1.96033043, 950120798.59, 42, 'active'),
  ('SunCoin', 'SUN', 674242736, 0.06502690, 'random', 37, 1, 'bull', 8, 1, 1, 1, 2311, 3781, 124554.49, -403.66, 'slow_death', 0.06295920, 27847071.50, 51, 'dead'),
  ('SilverToken', 'SILV', 319740132, 0.08116153, 'random', 43, 1, 'sideways', 8, 1, 0, 1, 5036, 8106, 276999.20, 104.94, 'stable', 3.58725559, 784672296.06, 10, 'active'),
  ('SilverChain', 'SILV', 179361174, 0.09481845, 'random', 38, 0, 'bull', 10, 0, 1, 1, 5267, 370, 96864.80, -38.23, 'stable', 0.24537550, 33728200.28, 52, 'active'),
  ('SilverInu', 'SILVE', 351769838, 0.09569607, 'random', 25, 1, 'sideways', 4, 1, 1, 1, 1056, 4315, 930956.27, 161.15, 'stable', 0.51525321, 158110852.22, 10, 'active'),
  ('StarMoon', 'STA', 726252128, 0.07213623, 'random', 34, 3, 'sideways', 2, 0, 0, 0, 1795, 5861, 191464.86, 188.22, 'slow_death', 0.03812141, 23401601.18, 56, 'dead'),
  ('OceanProtocol', 'OCEA', 371418898, 0.09794747, 'random', 60, 0, 'bear', 4, 0, 0, 1, 927, 2016, 414648.49, -167.52, 'moon', 716.88487025, 160034496587.94, 1, 'active'),
  ('SkyDAO', 'SKYDA', 456326634, 0.00944261, 'random', 78, 8, 'sideways', 4, 1, 1, 0, 1034, 5939, 80377.32, -102.10, 'stable', 0.27957165, 99626179.32, 83, 'active'),
  ('MoonFinance', 'MOO', 381718020, 0.01867377, 'random', 36, 0, 'bear', 2, 0, 0, 0, 3409, 5653, 149870.93, -99.03, 'slow_death', 0.01698967, 4775977.66, 22, 'dead'),
  ('SunNetwork', 'SUN', 657980674, 0.06617944, 'random', 6, 1, 'bull', 2, 1, 1, 0, 9619, 9029, 101292.97, -17.13, 'rug', 0.06764704, 30755887.15, 8, 'scam'),
  ('DiamondCoin', 'DIA', 710117555, 0.05483289, 'random', 27, 0, 'bear', 1, 1, 1, 1, 5020, 8650, 595767.24, -299.06, 'rug', 0.05691212, 37285696.66, 6, 'scam'),
  ('OceanChain', 'OCEAN', 249152852, 0.00903501, 'random', 41, 2, 'sideways', 1, 1, 1, 0, 2350, 5221, 906952.51, 548.66, 'slow_death', 0.00789781, 1613274.71, 38, 'dead'),
  ('FireMoon', 'FIRE', 105454940, 0.07171712, 'random', 88, 2, 'sideways', 5, 0, 1, 1, 43, 9003, 665251.78, -138.05, 'rug', 0.20161592, 20255276.84, 9, 'scam'),
  ('SkySwap', 'SKYS', 25386950, 0.08721594, 'random', 26, 1, 'sideways', 3, 0, 0, 0, 4043, 4023, 455611.13, 244.84, 'rug', 0.28807259, 5514427.35, 3, 'scam'),
  ('RocketToken', 'ROCKE', 188828523, 0.01934242, 'random', 43, 3, 'bear', 8, 1, 1, 0, 10859, 4797, 454322.05, -66.65, 'rug', 0.05463160, 7571977.41, 10, 'scam'),
  ('RocketCoin', 'ROC', 971957548, 0.09260084, 'random', 54, 1, 'sideways', 7, 1, 1, 0, 1608, 7397, 359013.18, 267.86, 'rug', 0.38198202, 347706678.97, 13, 'dead'),
  ('StarProtocol', 'STA', 511080952, 0.05928172, 'random', 67, 2, 'sideways', 7, 1, 1, 1, 4445, 5837, 301662.48, 283.04, 'rug', 0.09536189, 33592470.36, 12, 'dead'),
  ('SunInu', 'SUN', 663772740, 0.09119077, 'random', 40, 0, 'bull', 3, 1, 1, 0, 2266, 791, 446549.77, 294.76, 'stable', 3.65675072, 2131374714.29, 38, 'active'),
  ('MoonProtocol', 'MOO', 894335845, 0.03612130, 'random', 67, 0, 'bear', 6, 0, 1, 0, 2796, 9307, 201072.20, 432.42, 'rug', 0.05108717, 37310445.63, 7, 'scam'),
  ('MoonNetwork', 'MOON', 181817594, 0.05742234, 'random', 22, 5, 'bull', 1, 1, 1, 0, 6627, 4954, 723276.89, 282.76, 'rug', 0.09498458, 15232247.81, 12, 'scam'),
  ('FireDAO', 'FIRE', 326785236, 0.04760277, 'random', 71, 2, 'sideways', 8, 1, 1, 1, 3142, 5497, 524120.69, -275.63, 'rug', 0.15740936, 51383865.59, 14, 'scam'),
  ('MoonProtocol', 'MOO', 131090520, 0.05479295, 'random', 48, 2, 'bear', 3, 0, 1, 0, 5308, 1748, 33131.47, -101.58, 'slow_death', 0.03517302, 3708589.86, 49, 'dead'),
  ('GoldChain', 'GOLDC', 934973272, 0.04418793, 'random', 47, 0, 'bull', 9, 1, 1, 0, 7442, 9027, 110038.34, 234.79, 'stable', 0.15475170, 137516541.81, 29, 'active'),
  ('RocketInu', 'ROCK', 250238664, 0.08106922, 'random', 43, 0, 'bull', 6, 1, 1, 1, 24, 7282, 76533.47, 38.29, 'moon', 789.94105844, 156658904895.36, 22, 'active'),
  ('SilverNetwork', 'SIL', 419710829, 0.01917159, 'random', 1, 1, 'bull', 10, 0, 1, 1, 2400, 1462, 715603.73, -70.09, 'stable', 0.40792556, 106159598.17, 39, 'active'),
  ('DiamondCoin', 'DIAMO', 148058247, 0.03148739, 'random', 19, 4, 'bear', 1, 0, 0, 0, 3371, 1555, 757345.07, -46.58, 'slow_death', 0.07454364, 10807125.82, 32, 'dead'),
  ('GoldNetwork', 'GOLD', 966377307, 0.05921870, 'random', 58, 1, 'sideways', 8, 0, 1, 0, 7999, 2530, 825046.30, 85.69, 'rug', 0.22842672, 216960467.71, 3, 'scam'),
  ('MoonSwap', 'MOONS', 873477143, 0.03654695, 'random', 48, 2, 'bull', 2, 0, 1, 0, 2318, 4110, 812556.47, -253.67, 'slow_death', 0.04789466, 29925327.70, 55, 'dead'),
  ('SilverInu', 'SIL', 471570130, 0.00222265, 'random', 31, 1, 'bear', 2, 1, 1, 1, 3026, 4537, 576020.72, 200.41, 'slow_death', 0.00576158, 1734558.41, 21, 'dead'),
  ('RocketCoin', 'ROCKE', 130990917, 0.02175687, 'random', 43, 3, 'sideways', 9, 1, 1, 0, 1821, 8670, 610478.41, 402.58, 'rug', 0.10678661, 10237781.08, 3, 'scam'),
  ('GoldSwap', 'GOL', 88685431, 0.07452523, 'random', 59, 2, 'bull', 9, 1, 0, 0, 3842, 9781, 163744.96, 225.26, 'moon', 24.64274405, 1941916698.05, 10, 'active'),
  ('MoonFinance', 'MOON', 519317291, 0.03878837, 'random', 0, 4, 'bull', 9, 1, 1, 0, 2334, 9470, 396554.64, 246.49, 'stable', 1.16322258, 577257068.30, 90, 'active'),
  ('OceanNetwork', 'OCEAN', 14525579, 0.05162219, 'random', 64, 3, 'bear', 10, 1, 1, 0, 187, 8361, 988621.66, -363.92, 'slow_death', 0.06332596, 743107.01, 57, 'dead'),
  ('SilverProtocol', 'SILVE', 911029614, 0.09518846, 'random', 0, 0, 'sideways', 6, 1, 0, 0, 2877, 2416, 903229.55, 176.97, 'slow_death', 0.17191933, 149045754.26, 42, 'dead'),
  ('SkySwap', 'SKYS', 858749065, 0.03515348, 'random', 31, 5, 'bear', 4, 0, 0, 1, 22175, 5441, 178496.60, 287.81, 'slow_death', 0.04142014, 32392591.86, 15, 'dead'),
  ('SunInu', 'SUN', 714517496, 0.06037250, 'random', 22, 0, 'bear', 7, 1, 1, 0, 6586, 3933, 35293.66, 376.12, 'stable', 2.84403787, 1378080946.50, 90, 'active'),
  ('MoonFinance', 'MOONF', 365422533, 0.05587774, 'random', 25, 0, 'sideways', 2, 1, 1, 0, 1500, 2535, 608105.80, -169.36, 'stable', 2.39839153, 531616032.82, 21, 'active'),
  ('StarMoon', 'STA', 962593705, 0.04970822, 'random', 14, 2, 'bull', 5, 1, 1, 1, 6745, 968, 780567.57, 200.38, 'stable', 2.09820474, 1550392959.70, 81, 'active'),
  ('StarInu', 'STARI', 122997818, 0.06156093, 'random', 85, 4, 'sideways', 2, 0, 0, 0, 4511, 2721, 483366.55, 19.53, 'rug', 0.13432766, 15200329.69, 8, 'scam'),
  ('SkyToken', 'SKY', 176497288, 0.06662783, 'random', 25, 7, 'sideways', 6, 1, 1, 0, 1669, 4622, 888039.66, 164.46, 'rug', 0.23022511, 40488303.88, 13, 'scam'),
  ('RocketMoon', 'ROCKE', 641007400, 0.01113038, 'random', 44, 5, 'bull', 6, 0, 1, 1, 11253, 7841, 101466.65, 34.08, 'rug', 0.05242011, 33426295.16, 8, 'scam'),
  ('FireFinance', 'FIR', 518338704, 0.08317388, 'random', 25, 1, 'sideways', 4, 0, 1, 0, 705, 3178, 771836.11, 446.73, 'slow_death', 0.23043109, 90760225.05, 52, 'dead'),
  ('MoonFinance', 'MOO', 808661109, 0.09996071, 'random', 69, 2, 'sideways', 4, 1, 0, 0, 8279, 8663, 27865.45, -108.81, 'stable', 1.13563978, 598709468.56, 51, 'active'),
  ('SkyChain', 'SKYCH', 832279500, 0.04090245, 'random', 45, 3, 'sideways', 6, 1, 1, 0, 18644, 714, 957920.11, 446.89, 'slow_death', 0.08083380, 65945932.42, 11, 'dead'),
  ('SunProtocol', 'SUNP', 699597488, 0.02710820, 'random', 59, 0, 'sideways', 6, 1, 1, 0, 1838, 9840, 384158.63, 205.39, 'stable', 0.71608477, 335515491.78, 62, 'active'),
  ('SilverSwap', 'SILVE', 972456563, 0.01478828, 'random', 44, 4, 'bull', 4, 1, 0, 0, 7560, 3048, 479217.95, -325.78, 'rug', 0.04812274, 36961373.43, 4, 'scam'),
  ('OceanToken', 'OCEAN', 781967675, 0.07536308, 'random', 52, 8, 'sideways', 6, 0, 0, 0, 9432, 4305, 809398.44, 40.98, 'slow_death', 0.14916306, 109944149.89, 46, 'dead'),
  ('SilverDAO', 'SILVE', 634658819, 0.03833014, 'random', 48, 0, 'bull', 4, 1, 1, 0, 5470, 5133, 181746.20, 359.01, 'stable', 0.55667307, 234442927.96, 79, 'active'),
  ('SilverCoin', 'SILVE', 189145560, 0.08463644, 'random', 49, 6, 'bear', 10, 1, 1, 0, 8616, 29, 950686.53, 180.68, 'moon', 686.86437354, 118754228223.98, 15, 'active'),
  ('StarChain', 'STAR', 251212688, 0.00591252, 'random', 63, 0, 'bear', 7, 1, 1, 0, 4675, 655, 618994.51, -58.99, 'rug', 0.02668589, 6066763.92, 13, 'dead'),
  ('SunCoin', 'SUNC', 776792929, 0.03131011, 'random', 58, 5, 'bear', 1, 0, 0, 0, 3109, 3393, 800134.30, 134.23, 'rug', 0.05956675, 43962865.03, 10, 'scam'),
  ('GoldSwap', 'GOLDS', 824182641, 0.00734002, 'random', 57, 3, 'sideways', 8, 1, 0, 1, 22107, 9416, 419883.89, 341.90, 'rug', 0.03288610, 22590381.21, 11, 'scam'),
  ('DiamondToken', 'DIA', 228027632, 0.00789799, 'random', 60, 2, 'sideways', 2, 1, 0, 1, 2452, 7165, 907035.52, 220.71, 'rug', 0.00212568, 385954.25, 1, 'scam'),
  ('StarSwap', 'STARS', 705726990, 0.05373937, 'random', 7, 8, 'sideways', 5, 0, 0, 1, 854, 9744, 980540.41, 131.96, 'slow_death', 0.13239150, 83045978.47, 50, 'active'),
  ('FireSwap', 'FIRES', 318035385, 0.04818209, 'random', 23, 2, 'bear', 2, 0, 0, 0, 11744, 7997, 576467.54, 240.27, 'slow_death', 0.11832861, 28181069.69, 52, 'dead'),
  ('FireFinance', 'FIR', 520767098, 0.05464146, 'random', 61, 6, 'sideways', 5, 1, 0, 0, 10600, 280, 36583.03, -288.72, 'stable', 1.35901613, 499322401.71, 7, 'active'),
  ('DiamondToken', 'DIA', 400129830, 0.07665598, 'random', 40, 2, 'sideways', 10, 1, 1, 0, 12318, 9167, 249070.71, -161.85, 'rug', 0.16764668, 46701393.00, 6, 'scam'),
  ('FireMoon', 'FIR', 489746840, 0.07888744, 'random', 98, 2, 'sideways', 8, 1, 1, 1, 753, 6563, 741190.17, 15.14, 'stable', 3.84202576, 1635699365.52, 14, 'active'),
  ('GoldMoon', 'GOLD', 742511998, 0.01518768, 'random', 36, 4, 'sideways', 10, 1, 1, 1, 2507, 5425, 16104.02, 67.98, 'moon', 49.64953273, 28352420650.58, 5, 'active'),
  ('RocketDAO', 'ROC', 8823305, 0.05996887, 'random', 28, 2, 'bull', 1, 0, 1, 0, 3352, 8745, 968620.08, 284.22, 'slow_death', 0.17101800, 1226596.44, 40, 'dead'),
  ('DiamondMoon', 'DIAMO', 565651655, 0.05159279, 'random', 53, 0, 'bull', 10, 1, 1, 1, 5824, 481, 615182.32, 32.80, 'stable', 1.98467107, 726462175.00, 49, 'active'),
  ('DiamondFinance', 'DIAM', 876116658, 0.07681321, 'random', 30, 4, 'bull', 5, 0, 1, 1, 60, 7039, 383576.02, -174.63, 'stable', 3.31568583, 2689023409.98, 61, 'active'),
  ('MoonSwap', 'MOON', 308858258, 0.02063330, 'random', 21, 0, 'bull', 2, 0, 0, 0, 1597, 2521, 808740.57, 75.44, 'rug', 0.03468935, 9751023.36, 12, 'dead'),
  ('GoldToken', 'GOLD', 941349370, 0.07243213, 'random', 45, 1, 'bull', 6, 1, 0, 1, 3193, 3709, 9959.39, -138.36, 'rug', 0.16710864, 127078041.64, 8, 'dead'),
  ('OceanCoin', 'OCE', 914532126, 0.06946688, 'random', 52, 0, 'bear', 8, 0, 0, 0, 26484, 5079, 500889.41, -36.27, 'slow_death', 0.20138733, 146396528.44, 33, 'active'),
  ('DiamondMoon', 'DIAM', 138755695, 0.07265391, 'random', 58, 1, 'bull', 5, 1, 1, 0, 5667, 7541, 615053.47, 45.55, 'rug', 0.22568154, 31289026.88, 10, 'scam'),
  ('RocketNetwork', 'ROC', 487029291, 0.05950456, 'random', 18, 0, 'sideways', 7, 1, 1, 0, 5340, 2107, 955196.24, -48.03, 'rug', 0.00902177, 3300812.05, 4, 'dead'),
  ('GoldToken', 'GOLD', 168813305, 0.05106007, 'random', 37, 3, 'bull', 5, 1, 1, 0, 5038, 612, 871703.59, -127.65, 'rug', 0.12881225, 20065851.94, 7, 'scam'),
  ('RocketSwap', 'ROCK', 336952052, 0.08969447, 'random', 65, 5, 'bear', 4, 1, 0, 0, 1659, 3386, 303063.45, 67.33, 'slow_death', 0.15021893, 35235737.50, 51, 'dead'),
  ('StarFinance', 'STAR', 601867482, 0.03119832, 'random', 5, 3, 'sideways', 6, 1, 1, 0, 8384, 9768, 210760.48, -161.39, 'stable', 0.24968928, 112273270.90, 23, 'active'),
  ('OceanToken', 'OCEA', 813242692, 0.05050783, 'random', 22, 1, 'bull', 1, 0, 1, 1, 591, 1253, 156378.28, -34.87, 'slow_death', 0.13352957, 102873209.54, 43, 'active'),
  ('RocketToken', 'ROC', 850082534, 0.08957142, 'random', 29, 0, 'bull', 9, 0, 0, 0, 634, 4120, 89654.88, 83.91, 'rug', 0.37405597, 231657411.08, 4, 'scam'),
  ('DiamondChain', 'DIAM', 922985020, 0.00805003, 'random', 17, 3, 'sideways', 9, 0, 1, 1, 1912, 6840, 775545.10, 258.35, 'slow_death', 0.02248644, 19381918.48, 24, 'dead'),
  ('RocketMoon', 'ROCK', 11883546, 0.02694746, 'random', 18, 0, 'sideways', 1, 0, 0, 1, 685, 8248, 2913.70, 29.74, 'slow_death', 0.04917084, 424715.95, 23, 'dead'),
  ('OceanDAO', 'OCE', 373445425, 0.09981607, 'random', 69, 1, 'bull', 1, 0, 1, 0, 2216, 8439, 863950.74, 599.45, 'rug', 0.37450894, 88638612.15, 13, 'dead'),
  ('FireToken', 'FIRET', 594275433, 0.08118675, 'random', 55, 3, 'bull', 4, 1, 0, 0, 2519, 2934, 72278.96, -118.48, 'slow_death', 0.13896820, 79653052.03, 10, 'dead'),
  ('SkyInu', 'SKYIN', 550686405, 0.00135992, 'random', 56, 0, 'sideways', 6, 1, 1, 1, 2891, 1040, 477105.61, 241.21, 'rug', 0.00604533, 2657551.97, 1, 'scam'),
  ('MoonCoin', 'MOO', 706722519, 0.04879515, 'random', 57, 0, 'bull', 7, 0, 0, 1, 2509, 1451, 823415.12, 39.98, 'rug', 0.21315991, 105479986.01, 4, 'scam'),
  ('FireChain', 'FIR', 446078427, 0.06610475, 'random', 52, 2, 'sideways', 2, 0, 1, 1, 8468, 9265, 272728.73, 1.88, 'rug', 0.06942716, 22060563.75, 2, 'dead'),
  ('MoonProtocol', 'MOONP', 229421235, 0.00647289, 'random', 23, 1, 'sideways', 5, 1, 1, 0, 3653, 7551, 728861.23, 101.59, 'slow_death', 0.01370021, 2214760.74, 31, 'dead'),
  ('RocketDAO', 'ROC', 227081880, 0.08348449, 'random', 83, 2, 'bear', 1, 1, 1, 1, 4210, 5447, 843562.61, -230.86, 'slow_death', 0.24504212, 33485765.95, 29, 'dead'),
  ('SkyMoon', 'SKYM', 403422009, 0.07346474, 'random', 16, 2, 'bear', 8, 1, 1, 0, 3565, 3465, 46967.68, 270.80, 'stable', 2.44369504, 695816002.94, 81, 'active'),
  ('SkyCoin', 'SKYCO', 773119112, 0.06633091, 'random', 90, 4, 'bull', 7, 0, 1, 0, 5315, 4346, 865615.17, 247.79, 'rug', 0.10790296, 78274306.43, 12, 'scam'),
  ('RocketCoin', 'ROCK', 484647747, 0.05263291, 'random', 59, 1, 'bull', 5, 0, 0, 1, 11069, 8971, 630938.33, -43.10, 'rug', 0.02056093, 7168000.06, 5, 'dead'),
  ('StarSwap', 'STARS', 654533840, 0.02312846, 'random', 27, 1, 'bull', 10, 0, 0, 1, 9531, 5806, 136307.76, 92.54, 'rug', 0.05867994, 25049356.21, 3, 'scam'),
  ('StarFinance', 'STA', 1122874, 0.04915808, 'random', 24, 2, 'sideways', 7, 0, 0, 0, 4904, 9191, 428759.87, -245.47, 'slow_death', 0.12347773, 97132.26, 46, 'dead'),
  ('StarProtocol', 'STAR', 267861741, 0.09411993, 'random', 38, 0, 'bull', 8, 1, 0, 0, 2389, 4402, 517313.82, -244.17, 'rug', 0.17404704, 29312714.00, 12, 'scam'),
  ('SkyMoon', 'SKY', 268763769, 0.00696471, 'random', 20, 3, 'sideways', 1, 1, 1, 0, 5387, 2431, 534326.88, -216.38, 'stable', 0.19449043, 46131525.03, 30, 'active'),
  ('OceanMoon', 'OCEA', 200999130, 0.06978295, 'random', 61, 5, 'bull', 8, 0, 1, 1, 1387, 5728, 136994.31, 250.51, 'stable', 2.40102031, 291227608.40, 73, 'active'),
  ('DiamondToken', 'DIAM', 325343874, 0.04849939, 'random', 44, 1, 'bull', 10, 1, 1, 0, 2081, 9360, 604256.20, 10.02, 'stable', 1.64141760, 375363463.96, 66, 'active'),
  ('MoonCoin', 'MOO', 665722120, 0.08693943, 'random', 42, 0, 'bull', 7, 0, 0, 1, 3107, 1657, 490226.11, 60.35, 'stable', 3.30926677, 1712705244.67, 45, 'active'),
  ('OceanMoon', 'OCEA', 365603404, 0.09242389, 'random', 61, 0, 'bull', 3, 1, 1, 0, 4093, 9487, 842170.07, 74.30, 'stable', 0.56685667, 181961285.16, 56, 'active'),
  ('StarNetwork', 'STA', 876823450, 0.06520012, 'random', 35, 0, 'bull', 6, 1, 1, 0, 9062, 9322, 412884.10, -55.80, 'stable', 1.45750122, 902955299.18, 66, 'active'),
  ('RocketChain', 'ROC', 780267737, 0.09868741, 'random', 63, 5, 'sideways', 7, 1, 0, 0, 552, 8602, 340715.53, 99.78, 'slow_death', 0.25675776, 136546281.19, 27, 'active'),
  ('SilverInu', 'SIL', 591194931, 0.07374890, 'random', 39, 7, 'bull', 1, 0, 0, 1, 10898, 8557, 503531.14, 79.78, 'rug', 0.19083006, 91558624.23, 4, 'dead'),
  ('FireProtocol', 'FIR', 931668923, 0.03768411, 'random', 14, 7, 'bear', 7, 1, 1, 1, 60979, 7875, 443088.86, -82.43, 'rug', 0.08001899, 66079195.30, 14, 'dead'),
  ('GoldProtocol', 'GOL', 793977193, 0.04186872, 'random', 34, 2, 'bull', 6, 0, 1, 0, 4454, 3009, 171180.50, -433.92, 'rug', 0.10264726, 50823775.58, 7, 'scam'),
  ('SilverChain', 'SIL', 680429911, 0.08326001, 'random', 58, 0, 'sideways', 9, 1, 1, 0, 1663, 7707, 997784.37, 106.20, 'slow_death', 0.13201580, 80727650.70, 45, 'dead'),
  ('DiamondChain', 'DIA', 195091484, 0.04956243, 'random', 29, 1, 'bull', 4, 0, 1, 1, 2758, 9030, 996784.82, 110.07, 'stable', 1.97832018, 251508571.36, 31, 'active'),
  ('DiamondDAO', 'DIA', 572699438, 0.03384134, 'random', 42, 1, 'bull', 1, 0, 1, 1, 6387, 8592, 861368.65, -44.79, 'slow_death', 0.07065570, 36013758.05, 19, 'dead'),
  ('SilverProtocol', 'SILVE', 703419616, 0.08666730, 'random', 28, 3, 'bear', 1, 1, 0, 0, 2422, 6024, 98824.56, -191.59, 'slow_death', 0.21504748, 142741585.44, 37, 'active'),
  ('StarDAO', 'STAR', 243557229, 0.05522384, 'random', 50, 5, 'bull', 1, 1, 0, 1, 11803, 1780, 633168.43, 206.92, 'slow_death', 0.15766772, 34196808.35, 23, 'dead'),
  ('MoonFinance', 'MOO', 343379759, 0.04265727, 'random', 71, 0, 'bear', 6, 0, 0, 1, 5413, 4201, 298711.40, 72.54, 'rug', 0.11147167, 35010163.01, 4, 'scam'),
  ('StarFinance', 'STAR', 799485581, 0.06084707, 'random', 52, 2, 'sideways', 4, 0, 1, 0, 14788, 1046, 710244.47, -68.25, 'stable', 0.33499359, 202183843.57, 80, 'active'),
  ('RocketChain', 'ROC', 304917003, 0.00235229, 'random', 21, 1, 'bull', 4, 0, 0, 0, 9012, 6802, 131199.30, 168.65, 'rug', 0.00764699, 2075962.47, 10, 'scam'),
  ('FireFinance', 'FIR', 168341297, 0.00322368, 'random', 34, 8, 'sideways', 5, 1, 1, 1, 9749, 4527, 947615.76, 216.31, 'rug', 0.00328963, 405884.17, 9, 'dead'),
  ('SilverChain', 'SIL', 15243543, 0.01647007, 'random', 0, 3, 'sideways', 4, 0, 1, 0, 4484, 1219, 636727.35, 265.04, 'slow_death', 0.01272318, 138753.03, 52, 'dead'),
  ('GoldMoon', 'GOLDM', 945545458, 0.08626717, 'random', 37, 0, 'bull', 4, 1, 1, 0, 6497, 7353, 430510.73, 433.34, 'slow_death', 0.13218335, 94602042.59, 14, 'dead'),
  ('SkyInu', 'SKYIN', 633811668, 0.00675522, 'random', 29, 1, 'sideways', 10, 0, 1, 0, 22751, 8094, 458992.68, 82.54, 'rug', 0.00981918, 5886549.94, 9, 'scam'),
  ('FireMoon', 'FIR', 270947206, 0.06012762, 'random', 33, 1, 'bear', 10, 1, 1, 1, 4249, 1917, 836283.58, -99.21, 'rug', 0.15806046, 31497626.79, 2, 'scam'),
  ('SunToken', 'SUN', 748256179, 0.09862673, 'random', 15, 2, 'sideways', 8, 1, 1, 1, 3256, 1869, 883775.18, -343.02, 'slow_death', 0.05600843, 30215501.20, 52, 'dead'),
  ('GoldNetwork', 'GOLDN', 558579296, 0.07462120, 'random', 87, 0, 'bull', 2, 1, 0, 0, 4750, 9245, 937021.89, -94.44, 'rug', 0.11587087, 60019103.59, 12, 'scam'),
  ('GoldProtocol', 'GOLD', 826783778, 0.00357710, 'random', 46, 6, 'sideways', 7, 1, 1, 1, 2957, 8197, 281660.49, 50.72, 'rug', 0.00297284, 2257687.25, 8, 'dead'),
  ('SkyFinance', 'SKYF', 604619316, 0.09445468, 'random', 33, 4, 'bear', 2, 0, 1, 1, 2138, 94, 326977.80, 250.56, 'stable', 0.90817888, 363891808.00, 73, 'active'),
  ('SkyToken', 'SKY', 72658135, 0.02447911, 'random', 48, 2, 'bull', 2, 0, 1, 1, 4203, 2546, 578833.51, -127.10, 'slow_death', 0.05124816, 3261382.73, 7, 'dead'),
  ('DiamondMoon', 'DIA', 562753277, 0.07034081, 'random', 40, 1, 'bear', 1, 1, 1, 0, 394, 5863, 11175.54, 281.49, 'rug', 0.17969350, 80438034.62, 6, 'dead'),
  ('FireDAO', 'FIRE', 198287497, 0.01239316, 'random', 65, 2, 'bear', 7, 1, 1, 1, 2585, 1452, 609175.58, -121.84, 'stable', 0.35468171, 67123985.70, 87, 'active'),
  ('SilverSwap', 'SILVE', 529085271, 0.05280302, 'random', 33, 1, 'sideways', 4, 1, 1, 0, 9332, 2950, 206832.00, -47.23, 'stable', 2.41744370, 1026524246.70, 76, 'active'),
  ('OceanProtocol', 'OCEAN', 669304433, 0.07820054, 'random', 59, 1, 'bear', 1, 0, 1, 0, 3229, 6129, 534586.33, -335.52, 'stable', 3.53519279, 1492598296.84, 79, 'active'),
  ('RocketToken', 'ROCKE', 372641203, 0.09946696, 'random', 72, 2, 'bear', 2, 0, 1, 0, 4184, 432, 137981.16, -11.38, 'slow_death', 0.06562978, 22555739.90, 26, 'dead'),
  ('OceanDAO', 'OCE', 170666117, 0.00177787, 'random', 24, 0, 'bear', 8, 1, 1, 1, 3205, 2372, 909375.68, -273.12, 'slow_death', 0.00126524, 148491.32, 29, 'active'),
  ('SilverCoin', 'SILV', 638346077, 0.08996430, 'random', 45, 2, 'sideways', 10, 0, 0, 1, 12388, 7718, 859689.59, -0.40, 'slow_death', 0.18746782, 77657468.10, 48, 'dead'),
  ('SunDAO', 'SUN', 26865398, 0.00071490, 'random', 28, 3, 'bull', 7, 1, 1, 0, 4846, 7208, 734170.74, 365.39, 'slow_death', 0.00135181, 27431.36, 59, 'active'),
  ('FireNetwork', 'FIREN', 947723580, 0.06427147, 'random', 39, 1, 'sideways', 7, 0, 1, 0, 1765, 30, 311613.15, -112.12, 'rug', 0.25979976, 164282169.47, 11, 'scam'),
  ('StarSwap', 'STARS', 729871912, 0.08904762, 'random', 34, 4, 'sideways', 7, 0, 0, 1, 606, 1472, 370386.44, 181.93, 'rug', 0.36365925, 164088220.80, 2, 'dead'),
  ('SilverDAO', 'SILVE', 878388874, 0.04075974, 'random', 46, 3, 'sideways', 4, 1, 1, 1, 15016, 3721, 221892.29, 73.80, 'stable', 1.05918858, 813060058.26, 9, 'active'),
  ('RocketChain', 'ROC', 483432987, 0.00547065, 'random', 42, 1, 'bull', 10, 0, 1, 0, 4404, 7236, 72604.61, -13.28, 'stable', 0.14250031, 46413072.56, 24, 'active'),
  ('DiamondSwap', 'DIA', 348133745, 0.04236993, 'random', 4, 1, 'bear', 1, 1, 1, 0, 494, 7187, 474422.46, -349.58, 'moon', 204.31000017, 43071085654.31, 25, 'active'),
  ('StarSwap', 'STA', 356797796, 0.03099476, 'random', 33, 2, 'bull', 1, 1, 0, 1, 3334, 3884, 354252.42, 154.03, 'stable', 0.50120470, 178675731.98, 51, 'active'),
  ('DiamondSwap', 'DIAM', 806544541, 0.01937502, 'random', 31, 2, 'bear', 5, 1, 1, 1, 10928, 8373, 596673.13, -41.51, 'rug', 0.09168373, 56152882.91, 14, 'dead'),
  ('GoldProtocol', 'GOLD', 288103714, 0.02858378, 'random', 84, 0, 'bear', 4, 0, 0, 1, 1116, 7415, 81857.14, 60.34, 'slow_death', 0.05918362, 16048556.64, 56, 'active'),
  ('GoldProtocol', 'GOLDP', 534390048, 0.08831129, 'random', 35, 0, 'bull', 5, 1, 0, 1, 4309, 2417, 666362.08, 282.87, 'rug', 0.05210811, 18133810.80, 11, 'scam'),
  ('MoonMoon', 'MOONM', 493221804, 0.04542615, 'random', 41, 0, 'sideways', 4, 0, 1, 1, 5789, 1912, 219103.09, -228.26, 'slow_death', 0.07400211, 29534871.63, 60, 'dead'),
  ('SunNetwork', 'SUNN', 287336242, 0.08941496, 'random', 44, 2, 'bull', 6, 1, 1, 1, 2852, 5558, 192902.32, -109.50, 'slow_death', 0.10489943, 24733975.97, 45, 'dead'),
  ('SunCoin', 'SUNC', 24340141, 0.04243623, 'random', 34, 0, 'sideways', 1, 1, 0, 0, 4461, 5087, 229472.32, 45.63, 'slow_death', 0.04467782, 1042652.40, 12, 'dead'),
  ('DiamondToken', 'DIAM', 523634222, 0.09301003, 'random', 24, 4, 'bear', 7, 0, 0, 1, 524, 4372, 847015.81, 28.62, 'slow_death', 0.27153616, 114724219.60, 39, 'dead'),
  ('FireFinance', 'FIRE', 867115478, 0.07125784, 'random', 48, 0, 'bull', 9, 1, 1, 0, 2156, 5454, 61540.14, 191.67, 'slow_death', 0.10818565, 68059184.52, 40, 'dead'),
  ('StarChain', 'STARC', 175434038, 0.00282092, 'random', 50, 3, 'bull', 6, 0, 1, 1, 479, 4887, 131042.78, -65.40, 'slow_death', 0.00678450, 715628.09, 44, 'active'),
  ('StarCoin', 'STA', 338472195, 0.07900080, 'random', 45, 1, 'bull', 7, 1, 1, 0, 39, 6164, 633585.86, -175.72, 'slow_death', 0.08355798, 20630715.76, 19, 'dead'),
  ('SunProtocol', 'SUN', 166138741, 0.00992955, 'random', 24, 0, 'sideways', 1, 1, 1, 0, 1825, 6467, 304031.42, 187.87, 'slow_death', 0.01072714, 1452859.02, 9, 'dead'),
  ('GoldDAO', 'GOLDD', 111654179, 0.00031834, 'random', 64, 9, 'sideways', 6, 1, 1, 1, 2338, 4306, 853013.14, -30.71, 'rug', 0.00107617, 112804.96, 14, 'dead'),
  ('MoonToken', 'MOONT', 706968997, 0.08985974, 'random', 48, 3, 'bear', 9, 1, 1, 0, 780, 250, 224872.26, -206.04, 'stable', 2.14430705, 1328871001.63, 8, 'active'),
  ('SunInu', 'SUNI', 436962957, 0.03598806, 'random', 53, 3, 'sideways', 6, 1, 1, 1, 4130, 4786, 714140.01, 172.19, 'rug', 0.17794016, 59911890.14, 13, 'scam'),
  ('OceanCoin', 'OCEAN', 874516719, 0.01724760, 'random', 16, 2, 'bull', 7, 1, 1, 1, 120, 5319, 766811.71, -164.18, 'slow_death', 0.03266291, 17531813.68, 9, 'dead'),
  ('GoldMoon', 'GOLDM', 656420853, 0.05854640, 'random', 34, 0, 'sideways', 2, 0, 0, 0, 15212, 3490, 965187.83, -410.11, 'rug', 0.07352798, 42531129.29, 12, 'scam'),
  ('DiamondInu', 'DIAMO', 442984493, 0.02521086, 'random', 28, 1, 'bull', 7, 0, 0, 0, 4865, 2982, 744987.98, 67.05, 'slow_death', 0.07460899, 28523041.58, 28, 'dead'),
  ('OceanDAO', 'OCE', 579644087, 0.08361587, 'random', 32, 6, 'sideways', 5, 1, 1, 0, 520, 8285, 475327.00, 316.13, 'stable', 3.48673367, 1928730844.80, 85, 'active'),
  ('SunFinance', 'SUNF', 634522488, 0.06978692, 'random', 26, 1, 'bull', 7, 0, 0, 1, 1087, 2271, 63720.02, -172.35, 'rug', 0.24230155, 115644559.19, 12, 'scam'),
  ('GoldCoin', 'GOLDC', 440804654, 0.07268368, 'random', 29, 0, 'sideways', 3, 1, 0, 1, 2109, 7696, 446775.78, -302.17, 'moon', 80.31022768, 21688568204.98, 11, 'active'),
  ('RocketToken', 'ROC', 223962808, 0.07682393, 'random', 49, 0, 'sideways', 4, 0, 1, 0, 4867, 594, 204607.53, 76.45, 'slow_death', 0.21429674, 33951197.38, 19, 'dead'),
  ('SkyDAO', 'SKYD', 491958457, 0.00515834, 'random', 13, 1, 'sideways', 6, 1, 1, 1, 496, 8654, 577662.03, 30.50, 'slow_death', 0.00632232, 3059860.81, 28, 'dead'),
  ('SunMoon', 'SUNMO', 771220653, 0.03775741, 'random', 81, 3, 'sideways', 9, 1, 1, 1, 5412, 3564, 840968.93, 190.86, 'slow_death', 0.10844785, 67812155.23, 40, 'dead'),
  ('DiamondSwap', 'DIAMO', 248469695, 0.08315013, 'random', 36, 4, 'bull', 2, 0, 1, 0, 3209, 8335, 918066.07, 239.52, 'rug', 0.23408004, 56734152.07, 11, 'dead'),
  ('RocketCoin', 'ROC', 584585378, 0.03099445, 'random', 36, 5, 'sideways', 9, 1, 1, 1, 670, 4540, 143982.13, 142.68, 'stable', 0.51945017, 229459617.67, 29, 'active'),
  ('OceanToken', 'OCEAN', 211954851, 0.04797906, 'random', 11, 0, 'bear', 1, 0, 1, 0, 530, 1680, 753656.66, -299.44, 'rug', 0.19830692, 25755839.94, 3, 'scam'),
  ('OceanMoon', 'OCEAN', 305038531, 0.06179796, 'random', 82, 4, 'bull', 8, 1, 1, 0, 3290, 2532, 897711.34, -370.56, 'slow_death', 0.12392209, 32749543.59, 39, 'dead'),
  ('SkyNetwork', 'SKYNE', 559393447, 0.07148706, 'random', 27, 1, 'sideways', 5, 1, 1, 0, 11396, 4968, 783882.41, 360.06, 'rug', 0.23279190, 115798152.36, 2, 'scam'),
  ('OceanDAO', 'OCEA', 757132319, 0.06313390, 'random', 37, 1, 'bear', 9, 0, 0, 0, 3056, 2766, 944022.78, 412.59, 'slow_death', 0.07405525, 52783034.77, 13, 'dead'),
  ('SkyNetwork', 'SKYN', 139422023, 0.00463147, 'random', 31, 4, 'sideways', 1, 1, 1, 0, 705, 9197, 395102.92, 71.69, 'rug', 0.00119924, 141534.26, 14, 'scam'),
  ('SunDAO', 'SUN', 626350661, 0.03479593, 'random', 61, 0, 'bear', 9, 1, 1, 0, 13331, 9478, 838499.63, 398.79, 'stable', 1.57530381, 592597314.09, 51, 'active'),
  ('MoonNetwork', 'MOON', 671282699, 0.08710014, 'random', 56, 0, 'sideways', 7, 0, 0, 0, 488, 8840, 752228.49, 281.98, 'rug', 0.19073974, 98060233.24, 7, 'dead'),
  ('StarNetwork', 'STAR', 419776399, 0.06133952, 'random', 15, 4, 'sideways', 4, 0, 1, 1, 3631, 2965, 859356.50, -54.35, 'rug', 0.28196965, 84639173.69, 10, 'scam'),
  ('SkyChain', 'SKYC', 196098344, 0.07218887, 'random', 36, 2, 'sideways', 7, 0, 1, 1, 4090, 6332, 773605.20, 120.05, 'rug', 0.12701492, 15349532.18, 1, 'scam'),
  ('MoonCoin', 'MOON', 216670244, 0.00579887, 'random', 45, 4, 'sideways', 9, 0, 0, 1, 4899, 2253, 144128.06, 54.59, 'rug', 0.00486981, 920083.97, 9, 'scam'),
  ('SunToken', 'SUN', 537001430, 0.01886152, 'random', 0, 3, 'sideways', 2, 1, 0, 1, 11417, 8094, 143428.38, 207.47, 'rug', 0.06324059, 32696939.05, 10, 'scam'),
  ('StarChain', 'STA', 597885516, 0.06802568, 'random', 32, 1, 'bear', 1, 0, 0, 1, 1580, 4725, 51728.96, -154.81, 'rug', 0.20549371, 111023224.50, 3, 'dead'),
  ('MoonToken', 'MOONT', 370671271, 0.09591997, 'random', 11, 1, 'bear', 3, 1, 1, 1, 5728, 8563, 872943.03, -32.29, 'stable', 3.45218680, 856534365.22, 62, 'active'),
  ('SkyMoon', 'SKYMO', 550523618, 0.05644076, 'random', 48, 0, 'sideways', 8, 1, 1, 0, 3129, 5467, 343951.25, 33.51, 'rug', 0.21243115, 98220354.73, 4, 'dead'),
  ('StarMoon', 'STA', 747579123, 0.04295895, 'random', 32, 3, 'sideways', 4, 0, 0, 0, 1475, 359, 20268.78, -43.98, 'rug', 0.14722387, 73440612.83, 11, 'scam'),
  ('OceanFinance', 'OCEA', 535144134, 0.02339866, 'random', 12, 1, 'bear', 3, 1, 1, 0, 8950, 561, 807773.36, 266.85, 'moon', 172.03030757, 77851088325.10, 30, 'active'),
  ('OceanFinance', 'OCEA', 220816324, 0.04539735, 'random', 0, 1, 'sideways', 1, 1, 1, 0, 7563, 6201, 885891.18, 206.68, 'rug', 0.13314530, 23663061.47, 2, 'scam'),
  ('StarToken', 'STA', 368562191, 0.01604191, 'random', 27, 1, 'bull', 3, 0, 0, 0, 5024, 2959, 997504.06, -285.67, 'slow_death', 0.03767049, 9409941.04, 16, 'dead'),
  ('RocketToken', 'ROCKE', 641536437, 0.01694118, 'random', 25, 0, 'bull', 10, 1, 1, 0, 1967, 2585, 883832.24, 48.81, 'slow_death', 0.01191112, 7094462.40, 3, 'dead'),
  ('SunChain', 'SUNC', 647519258, 0.00401619, 'random', 44, 4, 'bull', 9, 0, 1, 0, 2889, 6355, 614378.31, 57.31, 'slow_death', 0.00689170, 3976797.32, 12, 'dead'),
  ('MoonChain', 'MOONC', 199792921, 0.08605372, 'random', 33, 4, 'sideways', 5, 1, 0, 1, 846, 6887, 662636.14, -2.50, 'slow_death', 0.19512496, 25446165.50, 9, 'dead'),
  ('SkyNetwork', 'SKYN', 807710078, 0.06622680, 'random', 43, 1, 'bull', 2, 0, 1, 1, 2770, 7422, 847223.48, 87.89, 'rug', 0.16938758, 96224058.82, 3, 'scam'),
  ('GoldNetwork', 'GOLD', 18170553, 0.06306991, 'random', 26, 0, 'bear', 3, 0, 0, 1, 173, 4366, 913840.62, 297.19, 'stable', 3.08347900, 54048242.87, 41, 'active'),
  ('FireNetwork', 'FIRE', 198187497, 0.05654891, 'random', 33, 4, 'bull', 7, 1, 1, 0, 1636, 1801, 871111.53, -229.42, 'rug', 0.09626928, 14188652.67, 6, 'scam'),
  ('SilverInu', 'SILVE', 43322314, 0.09771619, 'random', 44, 2, 'sideways', 8, 0, 1, 0, 488, 9903, 873531.77, -185.15, 'rug', 0.27678436, 11187755.44, 13, 'dead'),
  ('MoonInu', 'MOO', 844207540, 0.09568568, 'random', 54, 3, 'bear', 1, 1, 0, 1, 690, 5922, 416672.97, -47.29, 'rug', 0.28544611, 232222920.29, 13, 'scam'),
  ('MoonCoin', 'MOONC', 666901587, 0.00309771, 'random', 70, 4, 'sideways', 1, 0, 0, 1, 814, 5661, 464271.79, 55.67, 'rug', 0.00170923, 945906.58, 10, 'scam'),
  ('RocketInu', 'ROCK', 33472155, 0.09002324, 'random', 17, 2, 'bull', 10, 0, 1, 1, 4468, 545, 36895.33, 342.08, 'rug', 0.04098615, 1353719.26, 1, 'scam'),
  ('DiamondDAO', 'DIA', 352368689, 0.04902251, 'random', 53, 4, 'bull', 4, 1, 1, 1, 1334, 8847, 562211.86, 84.11, 'stable', 0.11408966, 33476721.72, 62, 'active'),
  ('StarCoin', 'STAR', 613458015, 0.02473488, 'random', 36, 0, 'bull', 9, 1, 0, 1, 3366, 4120, 992356.07, 162.03, 'stable', 0.62490745, 252926932.51, 78, 'active'),
  ('GoldChain', 'GOLD', 826328872, 0.01311197, 'random', 4, 1, 'bull', 6, 1, 1, 1, 2992, 7581, 323005.47, 304.75, 'moon', 58.24978319, 33294549219.15, 9, 'active'),
  ('SkyFinance', 'SKYFI', 834825360, 0.08390286, 'random', 16, 0, 'bull', 4, 0, 1, 0, 732, 9671, 839024.33, 83.01, 'rug', 0.34044640, 221881904.82, 8, 'dead'),
  ('OceanSwap', 'OCEAN', 516450811, 0.07849237, 'random', 49, 7, 'bear', 1, 1, 0, 1, 7979, 6444, 884041.26, -150.64, 'rug', 0.27729160, 141127805.35, 10, 'dead'),
  ('SunProtocol', 'SUNP', 517718142, 0.08857757, 'random', 53, 3, 'bull', 3, 0, 1, 1, 3271, 8522, 743394.37, 237.50, 'slow_death', 0.15271317, 65962711.19, 33, 'dead'),
  ('OceanMoon', 'OCEAN', 910857677, 0.05855621, 'random', 32, 1, 'bull', 4, 0, 0, 0, 4808, 7005, 38686.10, -67.07, 'rug', 0.24113731, 192708035.04, 3, 'scam'),
  ('SunFinance', 'SUN', 777260341, 0.00988792, 'random', 49, 0, 'bull', 9, 1, 1, 0, 1810, 9711, 204110.08, 227.40, 'rug', 0.04193061, 22778831.58, 9, 'scam'),
  ('StarProtocol', 'STA', 731612782, 0.03094429, 'random', 58, 1, 'bull', 2, 1, 1, 1, 4432, 4949, 362631.93, 181.12, 'rug', 0.08546525, 39962442.57, 4, 'scam'),
  ('GoldDAO', 'GOLD', 344612848, 0.05941247, 'random', 57, 1, 'bear', 1, 1, 1, 0, 6507, 9426, 425101.10, -66.54, 'rug', 0.06490098, 20224006.15, 14, 'scam'),
  ('SkyToken', 'SKYTO', 900377378, 0.03954695, 'random', 45, 2, 'sideways', 8, 1, 0, 0, 2524, 4423, 14059.20, -227.92, 'rug', 0.13593816, 96565887.84, 3, 'dead'),
  ('FireDAO', 'FIRED', 606519420, 0.09867352, 'random', 42, 4, 'bull', 6, 1, 1, 0, 8674, 5671, 467439.35, -115.27, 'stable', 2.35408333, 1052844539.42, 43, 'active'),
  ('RocketDAO', 'ROCKE', 840116240, 0.01731162, 'random', 19, 2, 'sideways', 6, 1, 1, 1, 3656, 9492, 805563.25, -165.89, 'rug', 0.05593862, 37306685.02, 6, 'scam'),
  ('RocketCoin', 'ROCKE', 431329250, 0.07449214, 'random', 63, 6, 'bull', 9, 0, 1, 1, 4834, 196, 421261.11, 388.83, 'stable', 2.08219288, 735914227.07, 71, 'active'),
  ('StarSwap', 'STA', 427175451, 0.09163420, 'random', 45, 1, 'bull', 2, 1, 1, 1, 167, 3451, 302927.66, 18.29, 'slow_death', 0.07647911, 32132785.70, 31, 'active'),
  ('RocketSwap', 'ROCK', 920777483, 0.07405594, 'random', 42, 0, 'bear', 7, 0, 0, 0, 3210, 6853, 44300.06, -43.55, 'rug', 0.14712014, 89823640.39, 2, 'dead'),
  ('RocketCoin', 'ROCKE', 714343934, 0.06156924, 'random', 26, 0, 'bear', 3, 1, 1, 0, 1020, 3876, 189174.42, 218.14, 'slow_death', 0.06911737, 31491857.02, 60, 'dead'),
  ('RocketSwap', 'ROCKE', 933810258, 0.00868419, 'random', 15, 1, 'sideways', 6, 1, 1, 0, 467, 1061, 677778.91, 458.41, 'stable', 0.01795786, 11208436.35, 26, 'active'),
  ('SilverCoin', 'SIL', 739852050, 0.07554626, 'random', 3, 0, 'bull', 7, 1, 1, 1, 14838, 1679, 791571.97, -210.63, 'slow_death', 0.12704597, 89428338.46, 7, 'dead'),
  ('SunChain', 'SUN', 633109937, 0.07020984, 'random', 61, 6, 'bear', 4, 1, 1, 0, 3274, 4763, 220522.72, -10.50, 'rug', 0.04134199, 20801484.72, 3, 'scam'),
  ('StarProtocol', 'STA', 975964991, 0.04949145, 'random', 19, 1, 'sideways', 10, 0, 1, 1, 3059, 5898, 153933.10, -99.20, 'moon', 297.43541220, 200681909730.46, 23, 'dead'),
  ('DiamondToken', 'DIA', 831738419, 0.00755110, 'random', 2, 0, 'bull', 1, 1, 1, 0, 844, 8902, 695228.75, -3.55, 'slow_death', 0.01701757, 13037637.14, 25, 'dead'),
  ('SunFinance', 'SUNF', 237091518, 0.02848671, 'random', 28, 0, 'bull', 10, 1, 1, 0, 5531, 7585, 141767.23, -0.17, 'stable', 0.15844649, 23779302.45, 56, 'active'),
  ('StarDAO', 'STA', 595741928, 0.03815275, 'random', 30, 1, 'bull', 9, 0, 1, 1, 4549, 6851, 969467.50, 151.93, 'rug', 0.17111342, 77586573.84, 1, 'scam'),
  ('RocketSwap', 'ROCK', 897847556, 0.09773215, 'random', 34, 5, 'bear', 7, 1, 1, 1, 2469, 7527, 8568.31, -191.02, 'slow_death', 0.13144720, 95173312.19, 10, 'active'),
  ('MoonSwap', 'MOONS', 301290399, 0.00524186, 'random', 69, 0, 'bull', 4, 0, 1, 0, 3705, 8453, 19724.90, 178.75, 'rug', 0.01949481, 5304941.35, 13, 'scam'),
  ('DiamondToken', 'DIA', 986959921, 0.02643408, 'random', 86, 1, 'sideways', 6, 0, 1, 0, 316, 1784, 178219.81, 213.92, 'rug', 0.03451328, 31869101.85, 6, 'scam'),
  ('GoldToken', 'GOLD', 691117916, 0.06869658, 'random', 0, 2, 'bear', 7, 0, 1, 0, 487, 913, 245772.83, 231.51, 'rug', 0.22694854, 100652819.70, 12, 'scam'),
  ('FireProtocol', 'FIR', 673661432, 0.08792460, 'random', 51, 3, 'bear', 5, 1, 1, 0, 18217, 9758, 802166.59, -129.47, 'moon', 350.79591364, 192945338328.91, 20, 'active'),
  ('DiamondCoin', 'DIAMO', 963076567, 0.01342971, 'random', 34, 0, 'sideways', 4, 1, 1, 0, 3044, 7740, 397881.40, 116.49, 'rug', 0.02651303, 18394194.20, 4, 'dead'),
  ('OceanFinance', 'OCE', 779523022, 0.05748266, 'random', 37, 7, 'sideways', 3, 0, 0, 1, 7640, 9896, 715815.34, 30.26, 'slow_death', 0.10954642, 52250314.16, 20, 'active'),
  ('SilverToken', 'SIL', 362783577, 0.07228955, 'random', 37, 0, 'sideways', 9, 0, 1, 0, 8981, 6035, 977214.23, 15.35, 'slow_death', 0.04832483, 16419197.52, 31, 'dead'),
  ('MoonToken', 'MOON', 677477715, 0.03094707, 'random', 58, 1, 'bear', 5, 1, 1, 0, 9643, 4077, 307209.39, -209.03, 'stable', 0.97610170, 498745371.65, 41, 'active'),
  ('SunCoin', 'SUNC', 453688672, 0.01144114, 'random', 74, 3, 'bull', 6, 1, 1, 1, 1900, 7783, 932095.50, 203.84, 'stable', 0.07143475, 20589469.42, 12, 'active'),
  ('SkyDAO', 'SKYDA', 682573744, 0.07335664, 'random', 26, 0, 'sideways', 8, 1, 1, 0, 4198, 8003, 167326.58, -140.58, 'moon', 509.23294784, 299847868136.59, 15, 'active'),
  ('MoonSwap', 'MOO', 301509255, 0.02680311, 'random', 64, 1, 'bull', 7, 1, 1, 0, 1742, 7021, 952941.28, 282.93, 'moon', 207.65006771, 60630278063.45, 11, 'active'),
  ('OceanFinance', 'OCE', 558294394, 0.01638241, 'random', 47, 4, 'bear', 2, 0, 1, 1, 1864, 1773, 467462.94, -25.58, 'rug', 0.06102143, 27910052.78, 7, 'scam'),
  ('OceanNetwork', 'OCEAN', 751742452, 0.09153781, 'random', 52, 4, 'bear', 5, 0, 1, 0, 2894, 140, 964585.83, 88.32, 'rug', 0.37726465, 255976824.10, 1, 'dead'),
  ('MoonDAO', 'MOO', 67643034, 0.02296200, 'random', 46, 2, 'sideways', 9, 1, 1, 1, 3452, 9992, 195811.65, -156.15, 'slow_death', 0.04172246, 2306088.14, 4, 'dead'),
  ('DiamondChain', 'DIA', 325007132, 0.03344298, 'random', 0, 0, 'bull', 7, 1, 1, 1, 1095, 5495, 718732.07, 552.20, 'stable', 0.63202559, 139557847.15, 36, 'active'),
  ('SkyDAO', 'SKY', 498021640, 0.02629419, 'random', 47, 0, 'bull', 5, 1, 1, 1, 8095, 5943, 647751.46, -92.37, 'stable', 1.14856424, 395316339.25, 39, 'active'),
  ('RocketProtocol', 'ROC', 655040545, 0.03399872, 'random', 20, 0, 'bear', 4, 0, 1, 0, 3184, 1157, 72794.92, -65.04, 'rug', 0.03499438, 15107169.47, 13, 'dead'),
  ('StarFinance', 'STAR', 969913126, 0.09540193, 'random', 14, 0, 'sideways', 8, 0, 1, 1, 6105, 1294, 222775.08, 22.16, 'slow_death', 0.14542306, 133804678.26, 53, 'dead'),
  ('DiamondInu', 'DIA', 379218163, 0.04262358, 'random', 12, 7, 'bear', 4, 0, 1, 0, 2128, 6140, 311166.89, -25.89, 'moon', 334.90916757, 112409120874.72, 24, 'dead'),
  ('StarProtocol', 'STARP', 683779488, 0.02527082, 'random', 32, 0, 'bear', 7, 1, 0, 0, 5035, 1297, 315057.12, -40.25, 'stable', 0.78304768, 331234115.52, 33, 'active'),
  ('GoldMoon', 'GOLDM', 364070409, 0.02058659, 'random', 30, 1, 'bull', 2, 1, 1, 1, 5284, 7055, 31854.04, 327.55, 'rug', 0.00224140, 603347.18, 8, 'dead'),
  ('SunFinance', 'SUNFI', 716647372, 0.00796645, 'random', 35, 0, 'sideways', 4, 1, 0, 1, 4821, 4540, 477318.58, 172.43, 'stable', 0.32191112, 187565755.60, 50, 'active'),
  ('GoldDAO', 'GOLDD', 209517783, 0.07265439, 'random', 34, 3, 'sideways', 9, 0, 1, 1, 12278, 930, 382736.37, 159.59, 'rug', 0.34977106, 65238910.09, 5, 'scam'),
  ('SkyInu', 'SKYI', 38119014, 0.02922521, 'random', 71, 4, 'bear', 1, 1, 1, 1, 10044, 8720, 693012.67, -180.11, 'rug', 0.12824098, 4415014.91, 4, 'dead'),
  ('StarInu', 'STA', 883827020, 0.05805139, 'random', 44, 1, 'bull', 1, 0, 1, 0, 12676, 1932, 857920.96, 81.96, 'rug', 0.15661232, 97311354.19, 4, 'scam'),
  ('SunDAO', 'SUN', 851415371, 0.00465381, 'random', 35, 1, 'sideways', 10, 1, 0, 0, 19380, 8940, 2996.66, 226.91, 'stable', 0.10732326, 70036087.25, 7, 'active'),
  ('StarSwap', 'STAR', 329605781, 0.05613613, 'random', 18, 2, 'sideways', 1, 0, 1, 1, 17732, 8858, 588475.03, 81.05, 'moon', 238.12945812, 73071498860.35, 13, 'active'),
  ('MoonToken', 'MOON', 718111114, 0.09190364, 'random', 29, 6, 'bull', 10, 1, 1, 0, 2796, 8872, 355374.37, 82.91, 'rug', 0.29997684, 147786163.90, 1, 'scam'),
  ('StarToken', 'STA', 918135057, 0.06409384, 'random', 38, 3, 'sideways', 9, 1, 1, 1, 7625, 964, 290225.88, 60.26, 'slow_death', 0.16415022, 113603217.57, 29, 'dead'),
  ('StarNetwork', 'STA', 421218653, 0.04189744, 'random', 80, 3, 'bull', 1, 0, 1, 1, 797, 9996, 554086.53, 98.43, 'moon', 351.85952345, 107662881457.26, 8, 'active'),
  ('GoldToken', 'GOLD', 605021477, 0.08160842, 'random', 64, 0, 'sideways', 3, 0, 1, 0, 6807, 612, 435807.90, 670.36, 'rug', 0.23011276, 94845540.60, 3, 'scam'),
  ('GoldDAO', 'GOLD', 52624469, 0.07408797, 'random', 32, 2, 'bull', 10, 0, 1, 1, 13823, 744, 422349.82, -92.86, 'slow_death', 0.15722294, 7224096.66, 8, 'dead'),
  ('OceanSwap', 'OCE', 127024302, 0.09647185, 'random', 64, 1, 'sideways', 5, 1, 1, 0, 1280, 8786, 954762.22, 114.91, 'stable', 2.06246187, 178887999.34, 41, 'active'),
  ('FireChain', 'FIRE', 738388512, 0.07306591, 'random', 30, 1, 'sideways', 10, 1, 1, 1, 7690, 5341, 424579.88, 143.86, 'moon', 407.45871334, 230196771432.12, 24, 'active'),
  ('StarInu', 'STAR', 106984849, 0.05286201, 'random', 21, 1, 'bear', 4, 0, 0, 0, 11465, 7634, 441483.28, -34.90, 'stable', 1.92168075, 171122196.92, 87, 'active'),
  ('MoonSwap', 'MOO', 72538348, 0.07933307, 'random', 37, 3, 'bull', 8, 1, 1, 1, 4942, 6270, 917733.80, 523.15, 'slow_death', 0.23105315, 12556376.03, 58, 'dead'),
  ('DiamondDAO', 'DIA', 652973528, 0.03494889, 'random', 39, 0, 'bull', 8, 0, 1, 0, 11073, 5333, 650609.42, -82.28, 'rug', 0.09438933, 55727601.99, 14, 'scam'),
  ('StarProtocol', 'STA', 577192423, 0.06854275, 'random', 46, 2, 'sideways', 8, 0, 0, 1, 6539, 9992, 47403.41, -22.87, 'slow_death', 0.11286068, 63298535.22, 57, 'active'),
  ('SunInu', 'SUNI', 562461673, 0.09923968, 'random', 17, 5, 'bull', 4, 0, 1, 1, 15265, 1425, 579611.05, 192.83, 'rug', 0.38972782, 208955177.41, 13, 'scam'),
  ('GoldCoin', 'GOLD', 949333709, 0.00603040, 'random', 48, 1, 'bear', 5, 1, 0, 1, 1186, 9652, 903991.01, 66.88, 'slow_death', 0.00891680, 6455182.14, 9, 'dead'),
  ('SunDAO', 'SUNDA', 952080633, 0.01220048, 'random', 87, 4, 'bull', 5, 0, 1, 0, 2280, 1498, 804817.51, -31.37, 'slow_death', 0.02480481, 19545452.71, 48, 'dead'),
  ('StarToken', 'STAR', 841673563, 0.05871095, 'random', 56, 8, 'bear', 2, 0, 0, 0, 3949, 1041, 85247.41, 159.78, 'slow_death', 0.05486348, 45630711.95, 19, 'active'),
  ('FireDAO', 'FIRE', 181616862, 0.07995410, 'random', 44, 6, 'bear', 2, 1, 1, 1, 4391, 8585, 190859.77, 121.08, 'stable', 2.46323201, 272420699.56, 62, 'active'),
  ('StarProtocol', 'STARP', 566617676, 0.05309051, 'random', 24, 1, 'sideways', 4, 1, 1, 0, 18983, 2550, 82802.84, 32.37, 'slow_death', 0.12792972, 60697412.82, 17, 'dead'),
  ('GoldInu', 'GOLDI', 479849484, 0.07685703, 'random', 54, 6, 'bull', 2, 0, 1, 1, 9027, 5587, 504082.34, 124.10, 'slow_death', 0.22943015, 84679736.45, 40, 'active'),
  ('OceanChain', 'OCEAN', 3209240, 0.01836225, 'random', 7, 0, 'sideways', 1, 1, 1, 1, 3143, 4857, 255451.22, 249.66, 'rug', 0.00475788, 15001.06, 3, 'dead'),
  ('StarInu', 'STAR', 86780157, 0.05034262, 'random', 53, 0, 'sideways', 9, 1, 1, 1, 8215, 1629, 802482.45, -34.23, 'rug', 0.20607346, 13754613.54, 3, 'scam'),
  ('SkyProtocol', 'SKYPR', 474126408, 0.03164542, 'random', 18, 2, 'bear', 1, 1, 1, 1, 826, 4286, 228660.73, 215.68, 'rug', 0.07192047, 27883689.46, 4, 'scam'),
  ('StarChain', 'STARC', 939016153, 0.08265499, 'random', 36, 0, 'sideways', 6, 1, 1, 1, 679, 8143, 9520.11, -31.61, 'slow_death', 0.16729215, 127218914.28, 19, 'dead'),
  ('StarToken', 'START', 224647304, 0.01152994, 'random', 32, 1, 'bear', 9, 0, 1, 1, 5516, 1788, 382565.07, -212.06, 'stable', 0.31806722, 52759508.66, 49, 'active'),
  ('GoldProtocol', 'GOLD', 135086255, 0.05751768, 'random', 37, 1, 'bull', 6, 0, 1, 0, 3896, 9306, 415864.03, -226.61, 'rug', 0.14523325, 12094947.60, 10, 'scam'),
  ('StarDAO', 'STARD', 655645781, 0.01022506, 'random', 24, 2, 'bull', 6, 1, 0, 1, 4543, 3796, 641814.55, -67.93, 'rug', 0.04595843, 28590606.50, 12, 'scam'),
  ('FireNetwork', 'FIR', 631490145, 0.04748081, 'random', 20, 6, 'sideways', 1, 1, 1, 1, 5113, 6705, 360686.36, 196.48, 'stable', 0.93540023, 443221586.86, 37, 'active'),
  ('MoonMoon', 'MOO', 847984072, 0.05603106, 'random', 0, 5, 'bear', 5, 1, 1, 1, 1553, 4652, 358539.47, -20.99, 'moon', 444.94408627, 346339874843.65, 14, 'active'),
  ('SunDAO', 'SUN', 127401972, 0.03866503, 'random', 18, 0, 'bull', 1, 1, 0, 1, 4905, 9955, 443749.02, -116.10, 'moon', 330.06412606, 25768305289.19, 19, 'active'),
  ('DiamondFinance', 'DIA', 725586696, 0.05087668, 'random', 37, 1, 'bull', 6, 0, 1, 1, 8758, 3370, 671308.64, 180.85, 'rug', 0.09328994, 59495882.26, 2, 'dead'),
  ('GoldCoin', 'GOLD', 967238513, 0.02990926, 'random', 58, 0, 'bull', 9, 1, 1, 1, 4232, 1689, 277366.20, -169.01, 'stable', 0.10583970, 89992122.02, 8, 'active'),
  ('SilverMoon', 'SILV', 252445707, 0.03096584, 'random', 34, 1, 'bear', 10, 0, 1, 1, 6004, 5219, 967755.11, 206.49, 'slow_death', 0.03386096, 5133748.60, 38, 'dead'),
  ('SunCoin', 'SUNCO', 256458048, 0.01153441, 'random', 14, 2, 'bull', 6, 0, 1, 1, 6862, 8022, 647449.18, 261.87, 'slow_death', 0.01182212, 2514775.21, 30, 'dead'),
  ('GoldProtocol', 'GOLDP', 339321524, 0.00277588, 'random', 20, 0, 'bear', 2, 1, 1, 0, 8410, 5446, 105809.10, 222.61, 'slow_death', 0.00390986, 889176.04, 45, 'active'),
  ('GoldToken', 'GOLDT', 243001078, 0.09919905, 'random', 22, 1, 'bull', 7, 0, 1, 0, 5344, 4710, 597924.56, 98.76, 'slow_death', 0.21582143, 40617493.57, 29, 'dead'),
  ('StarCoin', 'STAR', 946468313, 0.07722457, 'random', 9, 2, 'bear', 10, 1, 1, 1, 18994, 6362, 881428.18, -161.56, 'slow_death', 0.16268195, 119090214.22, 11, 'dead'),
  ('OceanChain', 'OCE', 931172075, 0.04393853, 'random', 35, 2, 'bull', 7, 1, 1, 1, 7723, 1995, 848920.52, -189.79, 'stable', 0.33902679, 254523600.59, 27, 'active'),
  ('GoldInu', 'GOLDI', 301868603, 0.01706270, 'random', 87, 2, 'sideways', 10, 1, 1, 1, 8179, 4911, 831404.09, -127.07, 'stable', 0.61013021, 140541964.54, 88, 'active'),
  ('RocketNetwork', 'ROC', 286983257, 0.02112514, 'random', 22, 3, 'bear', 3, 1, 1, 0, 5303, 9349, 738895.44, -270.53, 'rug', 0.00455596, 1156274.46, 6, 'scam'),
  ('MoonDAO', 'MOON', 189469874, 0.07441600, 'random', 82, 5, 'bear', 4, 0, 0, 0, 2365, 2774, 952496.32, 236.40, 'rug', 0.21267049, 37387477.28, 2, 'scam'),
  ('StarToken', 'STA', 645617341, 0.01890498, 'random', 45, 1, 'bull', 5, 0, 1, 1, 9836, 6360, 420248.98, 560.46, 'rug', 0.08605151, 36789794.49, 7, 'scam'),
  ('MoonProtocol', 'MOON', 773278882, 0.07959305, 'random', 54, 0, 'sideways', 9, 1, 1, 1, 10167, 3425, 460763.52, 104.45, 'stable', 0.73543877, 385919581.78, 62, 'active'),
  ('OceanFinance', 'OCEAN', 328232613, 0.06454233, 'random', 51, 4, 'bear', 4, 1, 0, 1, 7628, 518, 514990.62, 334.75, 'stable', 0.72649458, 199302337.44, 88, 'active'),
  ('SkyDAO', 'SKY', 107990227, 0.06574356, 'random', 40, 0, 'bull', 7, 1, 0, 1, 3651, 6933, 523893.96, 56.49, 'moon', 339.91454931, 36362187379.74, 20, 'active'),
  ('SilverProtocol', 'SIL', 890099146, 0.04692132, 'random', 20, 2, 'bear', 10, 0, 0, 1, 3309, 1952, 420888.14, 419.95, 'moon', 120.70476670, 90639184463.99, 12, 'dead'),
  ('SilverNetwork', 'SILVE', 287188324, 0.00477036, 'random', 64, 0, 'bull', 4, 1, 0, 1, 1414, 730, 363383.32, 398.51, 'slow_death', 0.00292091, 577869.98, 48, 'dead'),
  ('MoonSwap', 'MOONS', 492003028, 0.01653611, 'random', 19, 5, 'bull', 7, 1, 1, 1, 2722, 1132, 596383.26, -9.89, 'rug', 0.06715714, 30784014.98, 5, 'scam'),
  ('RocketNetwork', 'ROCK', 992249264, 0.03576019, 'random', 56, 4, 'sideways', 4, 1, 0, 0, 3347, 6964, 696482.67, 137.77, 'rug', 0.04321443, 27985684.50, 2, 'scam'),
  ('OceanProtocol', 'OCE', 94192777, 0.02141886, 'random', 51, 2, 'bull', 9, 1, 1, 1, 1304, 2666, 689308.04, 213.05, 'slow_death', 0.05647102, 4106238.05, 47, 'dead'),
  ('MoonFinance', 'MOO', 108052927, 0.05134568, 'random', 41, 0, 'sideways', 5, 1, 1, 1, 2374, 9319, 978185.71, 386.89, 'slow_death', 0.13942118, 10405711.83, 44, 'dead'),
  ('SilverNetwork', 'SILVE', 286934600, 0.00743809, 'random', 37, 2, 'bull', 9, 1, 0, 1, 7699, 403, 831092.85, 150.82, 'slow_death', 0.01635143, 4467509.63, 57, 'dead'),
  ('SunNetwork', 'SUN', 465929544, 0.04875156, 'random', 34, 2, 'bear', 4, 1, 1, 1, 2602, 8809, 359364.64, -219.29, 'slow_death', 0.03174110, 14172561.85, 25, 'dead'),
  ('DiamondProtocol', 'DIAM', 847531529, 0.03200129, 'random', 69, 5, 'sideways', 5, 0, 1, 1, 6738, 7492, 741263.24, -22.69, 'slow_death', 0.01911686, 13020417.01, 19, 'dead'),
  ('FireToken', 'FIRE', 448154815, 0.07969524, 'random', 45, 5, 'sideways', 4, 1, 1, 1, 5299, 1655, 483612.31, -123.29, 'rug', 0.34363257, 153341352.64, 5, 'scam'),
  ('OceanDAO', 'OCEA', 239751311, 0.05573651, 'random', 56, 2, 'bear', 5, 1, 1, 1, 10765, 9555, 550399.46, -181.75, 'rug', 0.16305961, 29433235.02, 6, 'scam'),
  ('MoonSwap', 'MOON', 362959238, 0.09328924, 'random', 15, 1, 'sideways', 2, 0, 1, 0, 948, 4971, 366742.66, 372.09, 'slow_death', 0.25181417, 87570622.51, 52, 'dead'),
  ('RocketProtocol', 'ROCKE', 746879764, 0.05260282, 'random', 29, 3, 'bear', 9, 1, 1, 0, 753, 9856, 39535.34, -186.04, 'stable', 2.09270161, 1241480809.77, 12, 'active'),
  ('StarProtocol', 'STAR', 607090047, 0.01968132, 'random', 44, 2, 'bull', 5, 1, 1, 0, 13797, 8935, 629327.36, -58.76, 'slow_death', 0.04989130, 24622633.39, 25, 'active'),
  ('MoonInu', 'MOONI', 36538025, 0.07542205, 'random', 55, 4, 'bull', 10, 0, 1, 1, 6393, 8659, 164425.42, 231.62, 'stable', 1.12630179, 26605137.45, 21, 'active'),
  ('StarDAO', 'STAR', 953303068, 0.01109939, 'random', 28, 3, 'bear', 10, 0, 1, 1, 1578, 2510, 232137.80, -179.23, 'slow_death', 0.02342579, 15050879.03, 36, 'dead'),
  ('FireToken', 'FIRET', 62899880, 0.06924843, 'random', 59, 1, 'bull', 10, 1, 1, 0, 1287, 3753, 963584.61, 73.64, 'slow_death', 0.04390222, 1931534.50, 36, 'active'),
  ('MoonSwap', 'MOONS', 338230294, 0.08246378, 'random', 33, 4, 'bull', 4, 1, 1, 1, 1744, 7018, 650956.32, -39.90, 'rug', 0.16627981, 45573778.74, 1, 'scam'),
  ('GoldChain', 'GOL', 582391909, 0.03519471, 'random', 45, 1, 'sideways', 9, 0, 0, 1, 7292, 215, 147367.47, -236.43, 'rug', 0.14660718, 63710190.07, 6, 'scam'),
  ('SilverMoon', 'SIL', 536787724, 0.01309033, 'random', 47, 4, 'sideways', 4, 0, 1, 1, 1133, 7545, 719009.00, -12.12, 'stable', 0.10880606, 48950504.91, 51, 'active'),
  ('DiamondSwap', 'DIAM', 369704284, 0.00546155, 'random', 21, 1, 'bull', 10, 1, 1, 0, 5242, 9995, 902847.69, 317.47, 'rug', 0.00590405, 1409964.81, 1, 'scam'),
  ('OceanInu', 'OCEA', 789537582, 0.07431152, 'random', 9, 0, 'bull', 9, 1, 1, 0, 4222, 2992, 210755.03, 232.44, 'slow_death', 0.16929018, 106864139.14, 55, 'dead'),
  ('DiamondProtocol', 'DIAM', 202027833, 0.08052046, 'random', 34, 6, 'bull', 10, 1, 1, 1, 4154, 9538, 419455.83, 8.10, 'stable', 0.52758882, 104097748.03, 69, 'active'),
  ('StarSwap', 'STARS', 264096042, 0.00002627, 'random', 32, 3, 'bull', 5, 0, 1, 0, 1522, 6531, 947459.47, -162.49, 'slow_death', 0.00003582, 8378.15, 23, 'dead'),
  ('SilverChain', 'SILV', 653639768, 0.09380081, 'random', 38, 5, 'bull', 10, 1, 1, 0, 4634, 6380, 37470.08, 16.36, 'moon', 604.93634331, 366679931464.70, 11, 'active'),
  ('SkyChain', 'SKYC', 687615124, 0.06966311, 'random', 26, 5, 'bull', 9, 0, 1, 0, 5667, 487, 916927.92, 41.85, 'stable', 2.89177734, 1303674615.96, 43, 'active'),
  ('SkyMoon', 'SKYM', 630529849, 0.07408829, 'random', 37, 5, 'bear', 1, 1, 1, 0, 811, 2160, 56711.03, -132.75, 'rug', 0.13252005, 71481610.95, 12, 'scam'),
  ('SunFinance', 'SUN', 632148886, 0.01632917, 'random', 33, 0, 'bull', 9, 0, 0, 0, 4608, 7413, 703881.57, 85.06, 'slow_death', 0.04555122, 23947972.62, 33, 'active'),
  ('SkyFinance', 'SKYFI', 671277240, 0.00737687, 'random', 5, 3, 'sideways', 10, 1, 0, 0, 2811, 2377, 593379.59, 169.40, 'rug', 0.00975576, 4956011.59, 4, 'scam'),
  ('MoonProtocol', 'MOONP', 914364979, 0.07143119, 'random', 60, 3, 'sideways', 8, 1, 1, 0, 8112, 5460, 56804.94, 260.16, 'rug', 0.04969871, 44264772.73, 12, 'dead'),
  ('RocketSwap', 'ROCKE', 968049069, 0.03412312, 'random', 30, 2, 'bull', 3, 1, 1, 1, 6082, 4411, 775789.86, -40.19, 'slow_death', 0.05778887, 52723277.03, 57, 'active'),
  ('FireSwap', 'FIR', 793735815, 0.06457369, 'random', 46, 1, 'bear', 10, 0, 1, 0, 4086, 1898, 128188.88, -276.60, 'rug', 0.25483549, 198693737.65, 14, 'dead'),
  ('RocketSwap', 'ROCKE', 443718164, 0.02312984, 'random', 52, 3, 'bull', 9, 0, 1, 0, 2903, 3625, 484357.93, 393.62, 'rug', 0.05550622, 18264958.05, 5, 'dead'),
  ('GoldNetwork', 'GOLD', 692695769, 0.05256571, 'random', 49, 4, 'bear', 3, 1, 1, 0, 4342, 1013, 276362.77, -150.36, 'rug', 0.01005897, 5852532.12, 6, 'dead'),
  ('GoldCoin', 'GOLD', 403288710, 0.08315862, 'random', 25, 4, 'sideways', 1, 0, 1, 0, 1695, 7414, 393469.89, 231.52, 'slow_death', 0.07581296, 20117877.19, 19, 'active'),
  ('RocketMoon', 'ROCK', 775563000, 0.01274890, 'random', 45, 4, 'bear', 3, 1, 1, 0, 8583, 8748, 360941.60, -3.20, 'stable', 0.52518333, 263821550.72, 49, 'active'),
  ('SkyToken', 'SKY', 55388828, 0.02897015, 'random', 30, 5, 'sideways', 2, 1, 1, 0, 2376, 2800, 153699.11, 228.19, 'rug', 0.07568598, 2766866.57, 6, 'scam'),
  ('SilverDAO', 'SILV', 295172716, 0.01149286, 'random', 37, 2, 'bull', 6, 0, 1, 0, 4671, 6745, 675774.66, -263.21, 'rug', 0.04648915, 10136737.59, 4, 'scam'),
  ('FireFinance', 'FIR', 438680587, 0.04390321, 'random', 45, 0, 'bull', 1, 1, 1, 0, 485, 9216, 302158.91, 17.61, 'stable', 0.79209063, 256967956.49, 56, 'active'),
  ('FireSwap', 'FIRE', 729394732, 0.02819357, 'random', 57, 2, 'bear', 6, 1, 1, 1, 291, 6590, 593895.84, 66.14, 'rug', 0.12904830, 67919795.48, 7, 'scam'),
  ('GoldProtocol', 'GOLDP', 732026606, 0.01244087, 'random', 43, 1, 'bull', 1, 1, 0, 1, 2921, 2935, 605498.67, 112.88, 'stable', 0.17102822, 76651544.40, 57, 'active'),
  ('SilverCoin', 'SILV', 886550071, 0.06821253, 'random', 41, 1, 'bull', 10, 1, 1, 1, 4916, 1705, 970175.97, 118.52, 'rug', 0.33028930, 266630352.27, 8, 'dead'),
  ('MoonCoin', 'MOONC', 283819502, 0.00148481, 'random', 22, 0, 'sideways', 8, 1, 1, 0, 1842, 9572, 618145.94, -428.62, 'stable', 0.00775577, 2037929.25, 11, 'active'),
  ('SilverSwap', 'SILVE', 252010969, 0.00230098, 'random', 31, 6, 'sideways', 1, 1, 1, 1, 3622, 7532, 760686.59, -321.66, 'stable', 0.08769599, 20787278.34, 38, 'active'),
  ('DiamondNetwork', 'DIAM', 396511902, 0.09699137, 'random', 15, 0, 'sideways', 10, 0, 0, 1, 13211, 4250, 514814.22, 182.67, 'slow_death', 0.08528643, 21318344.68, 43, 'dead'),
  ('DiamondCoin', 'DIAMO', 156018105, 0.08262221, 'random', 62, 5, 'bear', 4, 1, 1, 0, 6012, 260, 973184.75, 231.86, 'slow_death', 0.17725393, 17538823.79, 9, 'dead'),
  ('DiamondCoin', 'DIA', 886290005, 0.07207081, 'random', 61, 2, 'bull', 2, 1, 0, 0, 2539, 7152, 516947.66, 366.85, 'rug', 0.01055932, 9133424.85, 8, 'scam'),
  ('SilverMoon', 'SILVE', 743821964, 0.06992582, 'random', 56, 1, 'bear', 4, 1, 1, 1, 5372, 1355, 438945.57, -192.37, 'rug', 0.11305098, 59122079.13, 6, 'scam'),
  ('SkyToken', 'SKYTO', 645518079, 0.03443542, 'random', 20, 4, 'bull', 2, 1, 1, 0, 887, 3933, 405657.45, -7.74, 'rug', 0.12859402, 61591648.00, 10, 'scam'),
  ('OceanNetwork', 'OCEA', 833570771, 0.07587815, 'random', 82, 0, 'sideways', 4, 0, 1, 1, 5276, 5491, 752441.57, -24.38, 'slow_death', 0.05506056, 40864988.06, 10, 'dead'),
  ('StarToken', 'START', 448025831, 0.05019185, 'random', 27, 8, 'sideways', 9, 1, 1, 0, 6942, 7455, 795781.71, -213.75, 'stable', 0.99758807, 309011552.12, 40, 'active'),
  ('MoonSwap', 'MOO', 260047267, 0.07144277, 'random', 20, 4, 'bear', 8, 0, 0, 1, 8270, 2103, 648605.79, 90.46, 'rug', 0.15549280, 28688641.25, 11, 'scam'),
  ('MoonInu', 'MOONI', 833292521, 0.05973258, 'random', 54, 0, 'sideways', 5, 1, 0, 0, 2646, 6032, 301920.80, 152.92, 'slow_death', 0.10097385, 51441273.65, 35, 'dead'),
  ('RocketProtocol', 'ROC', 441423890, 0.02814490, 'random', 52, 1, 'bull', 3, 0, 1, 0, 47, 1247, 537309.85, 149.94, 'stable', 0.29223648, 101567946.78, 88, 'active'),
  ('OceanMoon', 'OCEA', 800906522, 0.09972256, 'random', 54, 0, 'bull', 5, 0, 1, 1, 164, 3721, 972422.53, 109.26, 'rug', 0.35423014, 174624299.71, 13, 'scam'),
  ('OceanFinance', 'OCEAN', 574220620, 0.04752400, 'random', 13, 2, 'bear', 6, 1, 1, 1, 603, 8459, 378625.90, -141.75, 'stable', 0.82038770, 352830621.76, 45, 'active'),
  ('FireFinance', 'FIREF', 497537991, 0.07522933, 'random', 40, 1, 'sideways', 10, 0, 1, 1, 1921, 8561, 732741.70, -125.46, 'slow_death', 0.16399971, 72374318.19, 30, 'dead'),
  ('SilverSwap', 'SILV', 14570066, 0.07397251, 'random', 51, 1, 'bull', 2, 0, 1, 0, 7137, 6065, 890884.31, -6.79, 'slow_death', 0.14752807, 1350578.59, 50, 'dead'),
  ('SilverSwap', 'SIL', 971501691, 0.06340251, 'random', 34, 1, 'bull', 3, 1, 0, 1, 1001, 2771, 419761.27, -48.69, 'rug', 0.30701281, 256181992.21, 1, 'scam'),
  ('SilverProtocol', 'SILVE', 224000755, 0.00076055, 'random', 43, 0, 'bull', 4, 1, 1, 1, 5024, 4622, 444665.55, 21.57, 'rug', 0.00309284, 462236.23, 2, 'scam'),
  ('RocketNetwork', 'ROCKE', 956674295, 0.00432887, 'random', 58, 5, 'bull', 5, 1, 1, 0, 4072, 3364, 523842.25, 111.70, 'rug', 0.01104651, 7566232.02, 4, 'scam'),
  ('SilverFinance', 'SILV', 939540902, 0.07391394, 'random', 48, 0, 'bear', 10, 1, 1, 1, 814, 4068, 200232.84, 163.30, 'rug', 0.30975581, 248634764.27, 13, 'scam'),
  ('GoldInu', 'GOLDI', 855919914, 0.01964911, 'random', 69, 4, 'sideways', 3, 1, 0, 0, 7106, 4459, 612603.20, 84.91, 'slow_death', 0.04179364, 29140158.18, 57, 'dead'),
  ('SkyDAO', 'SKYDA', 829393210, 0.04667211, 'random', 84, 4, 'bull', 7, 1, 1, 1, 2121, 6978, 368051.83, 217.11, 'stable', 1.88408863, 1467537784.48, 22, 'active'),
  ('SkyMoon', 'SKYMO', 171322494, 0.07422067, 'random', 55, 2, 'bull', 1, 0, 1, 0, 4145, 2009, 993597.90, 228.04, 'moon', 441.64411943, 54742073512.37, 7, 'active'),
  ('RocketCoin', 'ROC', 289134013, 0.04536252, 'random', 49, 4, 'bear', 1, 0, 1, 0, 2582, 7943, 392199.67, -330.82, 'stable', 0.74136524, 195036919.37, 88, 'active'),
  ('DiamondChain', 'DIAMO', 754419887, 0.09652608, 'random', 20, 0, 'sideways', 9, 0, 1, 1, 3484, 961, 465993.49, -54.94, 'rug', 0.43783369, 306413658.07, 4, 'scam'),
  ('SunToken', 'SUN', 307372739, 0.09465138, 'random', 22, 8, 'bear', 5, 1, 1, 0, 173, 4753, 240258.56, 171.64, 'stable', 1.69601724, 486139602.23, 72, 'active'),
  ('MoonNetwork', 'MOONN', 6694097, 0.03915224, 'random', 79, 2, 'bull', 7, 1, 0, 0, 917, 6567, 551807.56, -228.67, 'rug', 0.00676338, 32850.52, 8, 'scam'),
  ('GoldToken', 'GOLDT', 50529819, 0.03509791, 'random', 50, 2, 'bull', 9, 0, 1, 1, 839, 699, 208189.08, 375.60, 'moon', 108.62256229, 4484378736.84, 5, 'dead'),
  ('SilverMoon', 'SIL', 95944705, 0.08457037, 'random', 17, 2, 'bear', 4, 1, 0, 0, 1797, 2741, 520367.70, 111.82, 'rug', 0.39834555, 28417095.87, 9, 'dead'),
  ('OceanMoon', 'OCEA', 436508352, 0.02141649, 'random', 75, 0, 'bear', 2, 1, 1, 0, 4446, 5959, 608397.79, -225.52, 'slow_death', 0.03400620, 12446061.72, 8, 'dead'),
  ('FireChain', 'FIR', 784231619, 0.01880090, 'random', 62, 2, 'sideways', 2, 1, 1, 1, 7830, 94, 737258.94, 29.36, 'moon', 152.20062928, 107444814513.66, 1, 'active'),
  ('StarMoon', 'STARM', 15505643, 0.01134679, 'random', 15, 3, 'bear', 1, 0, 1, 0, 144, 3101, 834207.40, 77.48, 'slow_death', 0.01403817, 205411.95, 4, 'active'),
  ('RocketFinance', 'ROCKE', 854893606, 0.03277891, 'random', 54, 1, 'bear', 2, 0, 0, 1, 5528, 1619, 299831.61, 341.10, 'moon', 215.45652815, 123533414402.26, 14, 'active'),
  ('GoldChain', 'GOLD', 249980043, 0.09564789, 'random', 36, 2, 'bear', 2, 0, 0, 0, 7578, 381, 433556.75, 515.09, 'rug', 0.19198728, 30537147.05, 2, 'scam'),
  ('FireInu', 'FIREI', 366685158, 0.03130367, 'random', 32, 1, 'sideways', 10, 0, 1, 1, 10643, 1143, 623489.09, 149.77, 'slow_death', 0.02796624, 9713137.94, 17, 'dead'),
  ('StarChain', 'STA', 143419009, 0.09902884, 'random', 13, 3, 'bear', 10, 0, 1, 1, 3162, 1114, 970742.49, -33.93, 'stable', 4.51397793, 512134461.11, 45, 'active'),
  ('SunFinance', 'SUNFI', 276478564, 0.06849835, 'random', 59, 1, 'sideways', 6, 1, 1, 1, 8531, 1813, 553464.36, -85.11, 'rug', 0.09833942, 16428349.98, 1, 'scam'),
  ('DiamondSwap', 'DIAM', 624256533, 0.03371811, 'random', 29, 0, 'bear', 10, 1, 1, 1, 6104, 845, 524108.51, 291.35, 'stable', 1.31531506, 751509439.20, 53, 'active'),
  ('SilverChain', 'SILVE', 577996723, 0.01845685, 'random', 41, 1, 'bull', 9, 1, 1, 0, 196, 5657, 275590.63, 69.12, 'rug', 0.01149214, 5941380.35, 14, 'dead'),
  ('DiamondInu', 'DIAM', 314680284, 0.03302000, 'random', 19, 7, 'bull', 1, 1, 1, 0, 3382, 3241, 169644.81, 39.43, 'rug', 0.09860386, 19194319.54, 8, 'scam'),
  ('FireDAO', 'FIRE', 341559560, 0.09333148, 'random', 10, 1, 'bull', 10, 0, 1, 0, 1259, 3188, 166520.48, 135.31, 'stable', 0.36302848, 112234608.12, 31, 'active'),
  ('RocketToken', 'ROC', 220059580, 0.08837544, 'random', 41, 0, 'bear', 2, 1, 1, 0, 8077, 7896, 642096.57, -83.13, 'rug', 0.32358420, 69184294.97, 7, 'scam'),
  ('GoldChain', 'GOL', 572946860, 0.00647543, 'random', 47, 4, 'bear', 6, 1, 1, 0, 11014, 5818, 316483.89, -126.03, 'rug', 0.02940157, 14461438.39, 13, 'dead'),
  ('FireChain', 'FIREC', 94118301, 0.08526584, 'random', 32, 0, 'bear', 8, 1, 1, 1, 6164, 8755, 344334.28, 225.33, 'moon', 832.90038706, 50510605449.46, 2, 'active'),
  ('OceanFinance', 'OCEA', 15739358, 0.08274165, 'random', 26, 4, 'bear', 3, 1, 0, 0, 11582, 416, 463252.00, -170.48, 'stable', 2.31681827, 31938650.55, 85, 'active'),
  ('RocketMoon', 'ROCKE', 783672024, 0.07209742, 'random', 57, 2, 'sideways', 2, 0, 1, 1, 4794, 5309, 411562.77, 32.37, 'rug', 0.34048995, 249255048.28, 10, 'scam'),
  ('GoldInu', 'GOLD', 739445497, 0.00423316, 'random', 30, 1, 'bull', 2, 1, 0, 0, 626, 1530, 992828.70, -23.60, 'slow_death', 0.00251709, 1452925.49, 46, 'dead'),
  ('RocketFinance', 'ROCK', 250289169, 0.01273489, 'random', 32, 0, 'bull', 2, 1, 1, 0, 2391, 5747, 389122.84, 3.89, 'rug', 0.03130360, 5226544.41, 4, 'scam'),
  ('RocketChain', 'ROCKE', 266214551, 0.08165064, 'random', 70, 1, 'bull', 7, 0, 1, 1, 8082, 7224, 676959.34, -95.72, 'rug', 0.21867356, 35926331.33, 13, 'scam'),
  ('SunSwap', 'SUN', 33158861, 0.02354252, 'random', 74, 0, 'bear', 4, 1, 1, 0, 9761, 1467, 672291.36, -183.34, 'rug', 0.06981656, 1404115.60, 11, 'dead'),
  ('RocketProtocol', 'ROCKE', 184172178, 0.03566502, 'random', 44, 3, 'bear', 7, 1, 1, 1, 11787, 9318, 508378.58, -396.01, 'stable', 0.74202630, 88942964.43, 47, 'active'),
  ('SilverDAO', 'SIL', 305483940, 0.03421574, 'random', 33, 0, 'sideways', 6, 0, 1, 0, 981, 6255, 819775.75, 65.65, 'slow_death', 0.04816304, 13057894.85, 36, 'dead'),
  ('GoldMoon', 'GOLDM', 201277949, 0.04750066, 'random', 56, 0, 'bull', 4, 0, 1, 1, 6759, 7137, 469150.81, 69.03, 'moon', 28.33047609, 4267660481.92, 2, 'dead'),
  ('MoonProtocol', 'MOONP', 484043942, 0.00683680, 'random', 50, 3, 'bull', 10, 1, 0, 0, 2186, 1494, 816356.76, 155.76, 'rug', 0.01774323, 8151523.19, 2, 'scam'),
  ('RocketDAO', 'ROCK', 584982541, 0.08171426, 'random', 18, 0, 'sideways', 2, 1, 0, 1, 9660, 734, 375811.65, 88.06, 'slow_death', 0.22182761, 84215513.65, 35, 'dead'),
  ('RocketToken', 'ROCKE', 266853709, 0.09609404, 'random', 24, 3, 'sideways', 6, 1, 1, 0, 4131, 2128, 493706.53, -47.35, 'rug', 0.26220412, 54023181.00, 5, 'dead'),
  ('OceanCoin', 'OCE', 738712392, 0.03096303, 'random', 58, 2, 'sideways', 1, 0, 1, 1, 3106, 1843, 882366.65, 49.90, 'rug', 0.05545911, 39747973.10, 9, 'scam');

-- Batch 200 (99501 to 100000)
INSERT INTO coin_history_cases (
  coin_name, coin_symbol, initial_supply, initial_price, category,
  creator_reputation, creator_previous_coins, market_trend, competition_level,
  has_website, has_twitter, has_telegram, marketing_budget,
  initial_holders, initial_volume, first_week_growth,
  outcome, max_price, max_market_cap, days_to_peak, final_status
) VALUES
  ('DiamondMoon', 'DIAM', 799844329, 0.05513595, 'random', 32, 0, 'bull', 8, 1, 1, 1, 1982, 1208, 992382.68, 57.43, 'stable', 1.67101099, 1140079636.31, 72, 'active'),
  ('StarInu', 'STAR', 494093643, 0.02962069, 'random', 25, 1, 'bear', 7, 1, 0, 0, 1298, 9752, 95427.98, 520.13, 'slow_death', 0.01719981, 7368168.88, 44, 'dead'),
  ('MoonFinance', 'MOONF', 719566322, 0.07570502, 'random', 69, 4, 'sideways', 4, 0, 1, 0, 3208, 2150, 604369.74, -216.17, 'slow_death', 0.17573187, 121397409.09, 48, 'dead'),
  ('SunSwap', 'SUNS', 834304910, 0.02945988, 'random', 43, 0, 'bull', 5, 0, 0, 1, 1476, 8700, 232335.39, 200.74, 'slow_death', 0.05014396, 31351255.15, 27, 'dead'),
  ('DiamondInu', 'DIA', 29959043, 0.06541472, 'random', 78, 1, 'bull', 3, 1, 1, 1, 1444, 9858, 208134.03, 55.69, 'slow_death', 0.09678462, 1904706.84, 45, 'dead'),
  ('SunDAO', 'SUNDA', 16477881, 0.08545008, 'random', 70, 2, 'sideways', 1, 0, 1, 0, 1970, 137, 78197.00, -389.99, 'moon', 245.03127096, 3962077380.22, 18, 'active'),
  ('StarChain', 'STA', 260407508, 0.03613237, 'random', 27, 0, 'sideways', 1, 1, 1, 0, 25752, 4504, 440986.25, -328.04, 'slow_death', 0.03031132, 5770373.66, 59, 'dead'),
  ('SunSwap', 'SUNS', 592409420, 0.05444744, 'random', 40, 0, 'sideways', 4, 0, 1, 1, 4513, 5176, 482874.66, -224.44, 'slow_death', 0.05069956, 22851571.95, 59, 'dead'),
  ('RocketNetwork', 'ROC', 542155044, 0.06275450, 'random', 23, 1, 'bear', 7, 0, 1, 1, 7380, 8048, 235275.10, -158.02, 'rug', 0.01461080, 6556871.87, 7, 'dead'),
  ('StarFinance', 'STA', 785266331, 0.09355373, 'random', 45, 4, 'sideways', 2, 1, 1, 1, 30265, 6216, 186065.18, 170.64, 'rug', 0.34386576, 269082560.26, 7, 'scam'),
  ('StarNetwork', 'STA', 188386086, 0.03053320, 'random', 47, 5, 'sideways', 4, 1, 1, 1, 16052, 8680, 374952.77, -406.53, 'stable', 1.35113168, 245336845.55, 56, 'active'),
  ('FireInu', 'FIRE', 661941107, 0.06814787, 'random', 45, 0, 'bull', 4, 0, 1, 1, 8332, 4369, 213172.15, 63.65, 'slow_death', 0.10345721, 62558434.27, 14, 'dead'),
  ('DiamondSwap', 'DIA', 255246043, 0.00870986, 'random', 16, 0, 'bear', 2, 0, 0, 0, 1387, 2565, 3532.28, -88.73, 'slow_death', 0.02558185, 6384562.72, 47, 'active'),
  ('SkyCoin', 'SKYCO', 921425677, 0.08292498, 'random', 30, 2, 'bull', 9, 1, 1, 1, 950, 5394, 258792.63, 436.17, 'slow_death', 0.22117314, 146664711.37, 29, 'active'),
  ('FireMoon', 'FIRE', 813993492, 0.02114337, 'random', 73, 0, 'sideways', 2, 1, 1, 0, 705, 8140, 116756.35, 341.79, 'slow_death', 0.04145940, 21267648.89, 14, 'dead'),
  ('OceanDAO', 'OCEAN', 621484055, 0.02597334, 'random', 29, 1, 'bull', 8, 1, 1, 1, 1094, 1110, 142626.15, 167.28, 'rug', 0.11662149, 44999226.71, 8, 'dead'),
  ('StarNetwork', 'STARN', 52381928, 0.06972787, 'random', 44, 0, 'bear', 7, 1, 1, 1, 6083, 1587, 807053.13, -220.75, 'slow_death', 0.17995920, 7228633.95, 15, 'active'),
  ('FireDAO', 'FIR', 852070855, 0.02350700, 'random', 23, 0, 'bear', 8, 0, 0, 0, 7241, 8306, 814487.38, 648.06, 'rug', 0.02834079, 18335885.07, 10, 'dead'),
  ('SilverDAO', 'SIL', 490587983, 0.03868162, 'random', 33, 1, 'bull', 10, 1, 1, 1, 4060, 2070, 606187.45, 8.05, 'slow_death', 0.02899416, 10236868.38, 47, 'active'),
  ('MoonInu', 'MOONI', 755848799, 0.07765084, 'random', 66, 1, 'bull', 7, 0, 1, 0, 3421, 9970, 784812.31, 4.77, 'rug', 0.23241811, 130776678.75, 10, 'scam'),
  ('SunDAO', 'SUNDA', 617484812, 0.08669613, 'random', 38, 4, 'sideways', 10, 1, 1, 0, 4461, 7457, 180372.12, 163.65, 'slow_death', 0.16762987, 72366331.35, 41, 'active'),
  ('GoldSwap', 'GOLDS', 891619954, 0.05159959, 'random', 46, 3, 'bull', 1, 0, 1, 1, 1643, 7492, 569828.82, -81.61, 'slow_death', 0.09099319, 63736217.81, 51, 'dead'),
  ('GoldChain', 'GOLDC', 173880213, 0.04608429, 'random', 51, 1, 'bear', 4, 0, 1, 1, 3552, 6535, 516493.03, 117.58, 'stable', 1.26368071, 216601819.95, 73, 'active'),
  ('SunChain', 'SUNCH', 473965184, 0.00010292, 'random', 68, 5, 'bear', 7, 0, 1, 1, 422, 9994, 166129.54, 110.69, 'slow_death', 0.00023181, 92029.43, 26, 'dead'),
  ('DiamondProtocol', 'DIA', 82583331, 0.08986935, 'random', 42, 0, 'bear', 6, 0, 1, 1, 5304, 5325, 638577.75, -44.89, 'rug', 0.33389416, 25774162.55, 14, 'scam'),
  ('OceanDAO', 'OCE', 892297987, 0.09284839, 'random', 28, 5, 'bear', 1, 1, 1, 1, 5431, 436, 342834.31, 196.79, 'stable', 3.49703615, 2615422280.47, 46, 'active'),
  ('RocketInu', 'ROCK', 329028543, 0.05253157, 'random', 59, 0, 'bull', 10, 1, 1, 1, 4933, 4332, 802088.35, 332.28, 'slow_death', 0.07097017, 15307497.05, 5, 'dead'),
  ('SunChain', 'SUNC', 155029903, 0.00405162, 'random', 40, 0, 'bull', 5, 0, 1, 0, 19966, 5809, 207323.45, 370.47, 'slow_death', 0.00339506, 436003.99, 38, 'active'),
  ('DiamondDAO', 'DIA', 413682652, 0.01147348, 'random', 60, 3, 'bull', 10, 1, 1, 0, 6874, 2921, 230825.82, 140.88, 'rug', 0.01915841, 7116081.91, 2, 'scam'),
  ('SkyInu', 'SKYI', 138351051, 0.03219900, 'random', 51, 3, 'bull', 8, 0, 1, 0, 5122, 6573, 700857.23, -78.14, 'rug', 0.01906973, 2005292.30, 13, 'scam'),
  ('DiamondChain', 'DIAM', 380732418, 0.00378585, 'random', 23, 2, 'sideways', 4, 0, 1, 0, 974, 6566, 454364.52, 216.29, 'moon', 4.37786794, 1246468440.79, 9, 'active'),
  ('RocketDAO', 'ROCKE', 262271437, 0.08331287, 'random', 0, 1, 'bull', 3, 1, 1, 1, 871, 2198, 716823.79, -267.29, 'slow_death', 0.07694590, 12258633.08, 49, 'dead'),
  ('SunProtocol', 'SUNPR', 345943411, 0.05698238, 'random', 10, 0, 'sideways', 2, 0, 1, 0, 1812, 9246, 968525.32, 41.41, 'slow_death', 0.12649523, 38393558.16, 56, 'active'),
  ('StarCoin', 'STARC', 115235979, 0.02872020, 'random', 62, 1, 'bull', 9, 0, 0, 0, 4160, 112, 596901.19, -3.01, 'rug', 0.02006845, 1955968.11, 2, 'scam'),
  ('SunInu', 'SUNIN', 113068824, 0.02248403, 'random', 16, 7, 'bear', 3, 1, 0, 1, 3858, 7855, 85522.66, 330.93, 'slow_death', 0.02564712, 2459938.19, 44, 'active'),
  ('MoonInu', 'MOO', 247074859, 0.04057876, 'random', 53, 0, 'sideways', 6, 1, 1, 1, 2425, 608, 394634.46, 387.25, 'stable', 0.87866479, 209834025.06, 14, 'active'),
  ('FireInu', 'FIR', 679693243, 0.03829045, 'random', 57, 2, 'sideways', 6, 1, 1, 1, 5654, 831, 686248.86, 147.05, 'rug', 0.11000848, 72215623.32, 7, 'dead'),
  ('SilverChain', 'SIL', 599090109, 0.04997761, 'random', 62, 0, 'bull', 8, 1, 1, 1, 912, 3342, 818252.22, -100.40, 'stable', 0.35040369, 149789540.33, 43, 'active'),
  ('StarSwap', 'STAR', 858347867, 0.03008335, 'random', 41, 8, 'bear', 10, 1, 0, 1, 8698, 3866, 312044.00, 42.56, 'rug', 0.10265829, 69603798.90, 12, 'dead'),
  ('SunFinance', 'SUNF', 782065570, 0.06356662, 'random', 49, 4, 'bull', 2, 0, 0, 1, 105, 281, 275100.84, 355.13, 'stable', 2.67445985, 1556854847.80, 65, 'active'),
  ('DiamondProtocol', 'DIAMO', 575819134, 0.02969451, 'random', 54, 5, 'sideways', 2, 0, 1, 1, 2104, 2849, 203559.55, -235.96, 'stable', 1.47520394, 747002943.29, 43, 'active'),
  ('MoonChain', 'MOONC', 452667290, 0.07351444, 'random', 0, 2, 'bull', 5, 1, 0, 1, 4365, 8636, 902217.70, 88.93, 'slow_death', 0.15707427, 50759426.41, 20, 'active'),
  ('RocketCoin', 'ROCK', 930904776, 0.09172897, 'random', 34, 1, 'sideways', 10, 1, 1, 0, 5375, 2356, 595915.00, 362.78, 'slow_death', 0.26863101, 200574600.69, 14, 'dead'),
  ('GoldCoin', 'GOL', 449794341, 0.02033994, 'random', 41, 6, 'bull', 9, 1, 0, 0, 298, 6706, 601128.86, 67.94, 'rug', 0.09086588, 33549085.58, 5, 'scam'),
  ('DiamondFinance', 'DIAM', 582225514, 0.04991825, 'random', 50, 0, 'sideways', 6, 1, 1, 0, 4918, 7368, 833324.53, -429.00, 'stable', 0.25037027, 131563364.33, 18, 'active'),
  ('StarToken', 'STA', 573834288, 0.08042948, 'random', 21, 4, 'bear', 8, 1, 1, 0, 139, 8332, 588841.72, 271.49, 'stable', 1.17871425, 572632623.74, 38, 'active'),
  ('StarFinance', 'STARF', 812635670, 0.06468384, 'random', 55, 9, 'bull', 9, 1, 1, 1, 3555, 9610, 733088.92, -184.38, 'rug', 0.30106536, 212500035.22, 2, 'scam'),
  ('SilverNetwork', 'SILVE', 679660308, 0.07855730, 'random', 64, 9, 'sideways', 10, 1, 0, 0, 2232, 2610, 122401.27, 246.69, 'slow_death', 0.09777050, 58038560.55, 50, 'dead'),
  ('FireFinance', 'FIRE', 520402100, 0.09821444, 'random', 25, 0, 'bear', 7, 0, 1, 1, 5355, 437, 290056.53, 50.17, 'rug', 0.43613919, 188561482.83, 1, 'scam'),
  ('OceanFinance', 'OCEA', 960436689, 0.04297566, 'random', 48, 5, 'bear', 1, 0, 1, 0, 13387, 1857, 497869.00, 89.17, 'moon', 303.05038993, 214847532927.52, 4, 'active'),
  ('MoonProtocol', 'MOON', 411227995, 0.09306046, 'random', 0, 5, 'bull', 5, 0, 0, 1, 5218, 2577, 765928.59, -124.89, 'stable', 4.55782578, 1171681541.93, 20, 'active'),
  ('OceanInu', 'OCEA', 77695556, 0.02002819, 'random', 8, 5, 'sideways', 9, 1, 1, 1, 452, 1020, 269846.88, 215.21, 'stable', 0.45156358, 30897911.55, 34, 'active'),
  ('SunSwap', 'SUNSW', 410548368, 0.08163062, 'random', 10, 1, 'bear', 4, 0, 1, 0, 2691, 5340, 625541.16, -207.62, 'rug', 0.16260731, 51890113.17, 2, 'scam'),
  ('StarToken', 'STA', 493484956, 0.08852810, 'random', 41, 7, 'sideways', 5, 1, 0, 1, 5238, 7615, 679023.52, -337.12, 'rug', 0.27096018, 113746740.72, 1, 'dead'),
  ('SkyMoon', 'SKYM', 53742910, 0.00443475, 'random', 26, 0, 'sideways', 1, 1, 1, 0, 2982, 3781, 875980.19, -467.91, 'slow_death', 0.00997309, 522331.66, 20, 'dead'),
  ('MoonNetwork', 'MOONN', 488727415, 0.03135321, 'random', 69, 0, 'sideways', 5, 1, 0, 1, 935, 8305, 837227.57, 284.30, 'rug', 0.05714672, 23647955.92, 9, 'scam'),
  ('DiamondMoon', 'DIAMO', 845461060, 0.08652532, 'random', 49, 3, 'sideways', 8, 1, 0, 0, 5534, 7530, 649302.04, -312.62, 'slow_death', 0.25418150, 178650872.88, 43, 'dead'),
  ('RocketDAO', 'ROC', 171817286, 0.04844030, 'random', 63, 2, 'sideways', 4, 1, 1, 0, 567, 6113, 709202.55, 101.99, 'slow_death', 0.05030088, 7284756.97, 56, 'dead'),
  ('SilverMoon', 'SILV', 752832535, 0.00594577, 'random', 37, 5, 'bull', 10, 1, 1, 0, 4685, 5234, 935776.26, 113.14, 'rug', 0.01617602, 7723355.54, 4, 'dead'),
  ('StarProtocol', 'STAR', 156602902, 0.01213134, 'random', 26, 0, 'bull', 3, 1, 0, 0, 1005, 8380, 255613.17, -94.42, 'rug', 0.05533562, 6140766.65, 7, 'scam'),
  ('FireInu', 'FIREI', 723383724, 0.02120530, 'random', 33, 1, 'sideways', 2, 0, 1, 0, 4271, 3457, 61035.01, 44.69, 'rug', 0.10556852, 67825792.37, 1, 'dead'),
  ('FireFinance', 'FIREF', 796928563, 0.07094521, 'random', 73, 0, 'bull', 1, 0, 1, 0, 7920, 3344, 232659.95, 290.77, 'moon', 228.24884276, 129860110671.23, 2, 'active'),
  ('FireFinance', 'FIRE', 422784057, 0.09231597, 'random', 36, 4, 'bull', 8, 1, 1, 1, 2854, 3306, 672267.67, 90.93, 'rug', 0.28662463, 82495606.55, 6, 'dead'),
  ('RocketInu', 'ROCK', 187254713, 0.06915671, 'random', 33, 3, 'bear', 1, 0, 0, 0, 146, 6636, 108148.29, 49.68, 'rug', 0.06258475, 7495560.96, 11, 'dead'),
  ('GoldProtocol', 'GOLD', 743376072, 0.08107764, 'random', 30, 2, 'bull', 8, 1, 1, 0, 3398, 3558, 938510.96, 275.66, 'rug', 0.17396637, 84687659.25, 13, 'scam'),
  ('GoldChain', 'GOLD', 277460401, 0.06167522, 'random', 46, 0, 'bull', 9, 1, 0, 1, 11363, 6230, 329349.76, 268.90, 'slow_death', 0.14724919, 36788802.43, 36, 'dead'),
  ('SunDAO', 'SUN', 536437414, 0.05677028, 'random', 15, 0, 'bull', 8, 1, 1, 0, 1471, 4987, 458384.49, 188.15, 'moon', 320.41795295, 133504346512.13, 20, 'active'),
  ('GoldNetwork', 'GOLDN', 586169560, 0.05523646, 'random', 63, 2, 'bear', 10, 0, 1, 0, 1384, 1615, 922073.58, 122.78, 'slow_death', 0.06079828, 29467895.82, 44, 'dead'),
  ('GoldToken', 'GOL', 404532740, 0.03697345, 'random', 35, 0, 'sideways', 4, 1, 1, 0, 8805, 8781, 831370.81, -370.56, 'moon', 16.87516414, 6027413373.82, 16, 'dead'),
  ('RocketDAO', 'ROC', 471868756, 0.05663885, 'random', 60, 5, 'bull', 5, 1, 0, 1, 736, 4193, 232937.14, -94.66, 'rug', 0.01828964, 8030128.15, 7, 'scam'),
  ('DiamondProtocol', 'DIA', 401284643, 0.01132096, 'random', 48, 5, 'sideways', 6, 0, 1, 1, 651, 6417, 261695.57, 374.46, 'slow_death', 0.01164223, 3780130.82, 50, 'active'),
  ('OceanInu', 'OCE', 444191774, 0.04504996, 'random', 30, 0, 'sideways', 8, 0, 1, 0, 1608, 8451, 559801.06, -20.93, 'slow_death', 0.10650486, 47107303.65, 47, 'dead'),
  ('DiamondInu', 'DIAMO', 166716184, 0.06576932, 'random', 21, 1, 'bear', 5, 1, 1, 1, 5010, 4290, 854040.94, -322.62, 'rug', 0.01413114, 1467651.95, 9, 'scam'),
  ('SkySwap', 'SKYSW', 611748328, 0.01438628, 'random', 38, 1, 'bear', 7, 1, 1, 0, 3386, 6091, 488565.20, 369.45, 'moon', 72.89205927, 38616817985.28, 23, 'active'),
  ('StarInu', 'STAR', 52926498, 0.08881366, 'random', 49, 3, 'bear', 8, 1, 1, 1, 1038, 6342, 779960.82, 130.42, 'rug', 0.41521180, 19181988.09, 1, 'dead'),
  ('SunFinance', 'SUN', 300580154, 0.03516785, 'random', 18, 2, 'bull', 8, 1, 0, 1, 8895, 2114, 368611.51, -37.90, 'rug', 0.13633694, 40579842.26, 7, 'scam'),
  ('FireCoin', 'FIREC', 656515022, 0.01993195, 'random', 33, 1, 'bull', 5, 1, 0, 1, 7352, 9820, 102575.61, 144.76, 'slow_death', 0.01903160, 8887388.11, 53, 'dead'),
  ('SunNetwork', 'SUN', 188687671, 0.00857475, 'random', 59, 0, 'bear', 8, 0, 1, 0, 10482, 8948, 216689.54, -119.35, 'rug', 0.00869430, 1087212.20, 10, 'scam'),
  ('MoonInu', 'MOONI', 357860677, 0.08437288, 'random', 17, 0, 'bear', 2, 1, 1, 0, 4504, 5986, 867936.13, -148.46, 'stable', 2.41431117, 787096006.58, 31, 'active'),
  ('StarChain', 'STARC', 350923939, 0.07397605, 'random', 44, 1, 'sideways', 10, 0, 1, 1, 4327, 3923, 359387.80, 64.51, 'rug', 0.10450842, 33638950.12, 1, 'scam'),
  ('MoonChain', 'MOO', 735654394, 0.02935935, 'random', 68, 0, 'bull', 3, 1, 1, 0, 2374, 5862, 658509.96, -346.07, 'slow_death', 0.02052973, 13877386.09, 38, 'dead'),
  ('GoldChain', 'GOLDC', 53281860, 0.06256108, 'random', 41, 1, 'bull', 2, 0, 0, 1, 2812, 984, 289016.16, -22.18, 'moon', 381.08809128, 12316800132.59, 25, 'dead'),
  ('DiamondNetwork', 'DIAM', 612053325, 0.08083796, 'random', 42, 0, 'sideways', 1, 1, 0, 0, 10889, 996, 606734.45, -163.48, 'rug', 0.15651207, 89097661.56, 6, 'scam'),
  ('GoldInu', 'GOL', 850256641, 0.07501933, 'random', 61, 4, 'sideways', 2, 1, 1, 1, 3925, 7613, 517365.61, -476.96, 'rug', 0.27894897, 168931109.17, 2, 'dead'),
  ('StarProtocol', 'STARP', 893174566, 0.04269550, 'random', 36, 4, 'bull', 5, 0, 1, 0, 14290, 8800, 809333.75, 99.18, 'slow_death', 0.10906851, 66473273.91, 60, 'dead'),
  ('DiamondNetwork', 'DIAM', 796317518, 0.00467638, 'random', 48, 0, 'bull', 6, 1, 0, 0, 8226, 4410, 696658.22, -337.14, 'rug', 0.01169759, 8956757.38, 9, 'scam'),
  ('GoldToken', 'GOLDT', 147641307, 0.02763391, 'random', 63, 3, 'sideways', 2, 0, 1, 1, 5575, 4032, 953808.80, -49.05, 'rug', 0.04135196, 5646940.61, 2, 'scam'),
  ('SkyDAO', 'SKYD', 684183901, 0.00830008, 'random', 8, 3, 'sideways', 3, 0, 1, 0, 3055, 839, 88214.61, -126.44, 'stable', 0.24281515, 152972621.14, 17, 'active'),
  ('StarNetwork', 'STARN', 322341798, 0.01463457, 'random', 43, 0, 'bull', 4, 0, 1, 0, 1387, 5037, 649685.60, -68.12, 'rug', 0.06796586, 14147274.17, 3, 'dead'),
  ('MoonInu', 'MOONI', 410620621, 0.03126947, 'random', 23, 8, 'bear', 8, 0, 1, 1, 2996, 231, 580509.98, 174.53, 'moon', 150.98310666, 57639993175.81, 26, 'active'),
  ('FireFinance', 'FIRE', 676776783, 0.05774545, 'random', 36, 5, 'bull', 2, 1, 1, 0, 573, 9218, 260902.86, 220.54, 'rug', 0.16802101, 90575310.43, 14, 'scam'),
  ('SkyNetwork', 'SKYNE', 882131864, 0.09333902, 'random', 58, 3, 'bear', 10, 1, 0, 1, 1700, 4814, 92175.14, 23.24, 'moon', 74.00106528, 60449454883.17, 11, 'active'),
  ('SilverSwap', 'SILV', 46480891, 0.04372120, 'random', 32, 5, 'bear', 6, 1, 1, 0, 2051, 1055, 228736.01, -69.64, 'rug', 0.15866271, 6599867.88, 9, 'dead'),
  ('GoldMoon', 'GOLD', 782497746, 0.02244316, 'random', 0, 1, 'bear', 6, 1, 0, 0, 6211, 8561, 661848.49, -287.49, 'stable', 0.81882903, 407787054.79, 36, 'active'),
  ('SkyFinance', 'SKYFI', 948109129, 0.09942823, 'random', 84, 4, 'bear', 7, 0, 1, 0, 262, 2740, 262771.06, 285.52, 'slow_death', 0.09303132, 72602990.62, 44, 'dead'),
  ('OceanFinance', 'OCE', 874599883, 0.01003868, 'random', 49, 2, 'bull', 10, 0, 1, 1, 12191, 4045, 338019.70, -71.72, 'slow_death', 0.01802906, 12971848.28, 38, 'dead'),
  ('StarInu', 'STAR', 845993862, 0.09363047, 'random', 36, 5, 'sideways', 1, 0, 0, 1, 2639, 5049, 800042.96, 89.26, 'stable', 1.31261744, 932026372.58, 57, 'active'),
  ('RocketProtocol', 'ROCKE', 915240199, 0.05562439, 'random', 82, 0, 'sideways', 10, 1, 0, 1, 9604, 3908, 757624.36, -142.33, 'rug', 0.13290052, 78283109.60, 6, 'scam'),
  ('SkySwap', 'SKYS', 410938606, 0.01662621, 'random', 48, 2, 'sideways', 2, 1, 0, 0, 1611, 3133, 548119.69, -152.26, 'rug', 0.07814611, 20346237.86, 11, 'dead'),
  ('SkyInu', 'SKYI', 937361827, 0.03468417, 'random', 3, 3, 'bull', 7, 1, 0, 1, 4214, 1493, 80284.11, -81.14, 'rug', 0.03938111, 32003265.15, 11, 'scam'),
  ('DiamondNetwork', 'DIAM', 859506004, 0.02073907, 'random', 48, 5, 'sideways', 10, 0, 1, 1, 1284, 3637, 130694.44, -137.77, 'stable', 1.02094790, 817562504.87, 17, 'active'),
  ('MoonChain', 'MOO', 701708674, 0.06351729, 'random', 37, 3, 'bull', 5, 0, 1, 0, 8536, 6310, 308840.18, 231.08, 'stable', 1.92952007, 1086252252.38, 54, 'active'),
  ('SilverCoin', 'SILVE', 709418966, 0.02048667, 'random', 33, 4, 'bear', 6, 1, 1, 0, 1355, 9030, 94085.82, 80.57, 'slow_death', 0.04014591, 23882678.57, 43, 'dead'),
  ('SilverSwap', 'SILVE', 221290216, 0.07793881, 'random', 13, 3, 'bull', 6, 0, 0, 1, 2841, 4839, 550607.53, -56.22, 'slow_death', 0.21838417, 47437138.02, 40, 'active'),
  ('FireChain', 'FIR', 542031389, 0.06247520, 'random', 53, 3, 'bear', 3, 0, 0, 1, 10491, 6595, 775280.67, -69.72, 'stable', 1.97259190, 881991272.78, 32, 'active'),
  ('StarToken', 'STAR', 901150528, 0.07489587, 'random', 31, 2, 'bull', 1, 1, 0, 1, 7472, 3309, 853313.59, -18.70, 'rug', 0.10178119, 70950443.27, 13, 'scam'),
  ('GoldSwap', 'GOLDS', 525403260, 0.09601115, 'random', 20, 0, 'bear', 3, 1, 1, 1, 9780, 3309, 334905.75, 54.34, 'rug', 0.18959230, 66157168.44, 11, 'scam'),
  ('SkyCoin', 'SKY', 399773112, 0.04300890, 'random', 43, 6, 'bull', 1, 1, 1, 1, 1944, 8876, 409607.19, 38.39, 'moon', 137.16330349, 49335495784.84, 28, 'active'),
  ('FireToken', 'FIR', 866207900, 0.03120647, 'random', 15, 0, 'bear', 3, 0, 1, 0, 7545, 3597, 141831.16, -326.00, 'rug', 0.09974533, 79999966.43, 6, 'scam'),
  ('SilverFinance', 'SILV', 85516067, 0.05129529, 'random', 45, 2, 'bear', 4, 1, 1, 1, 2952, 3221, 478448.38, 340.41, 'stable', 1.91072576, 113413490.59, 56, 'active'),
  ('FireDAO', 'FIRED', 731971031, 0.02030312, 'random', 98, 3, 'bear', 10, 0, 1, 1, 960, 2593, 689198.76, -155.54, 'rug', 0.01345214, 8201344.24, 13, 'scam'),
  ('SkyFinance', 'SKYFI', 961587872, 0.04344862, 'random', 38, 3, 'sideways', 4, 1, 1, 1, 4969, 8827, 717550.32, 295.75, 'rug', 0.20255278, 177399735.27, 2, 'scam'),
  ('SilverInu', 'SILVE', 832952359, 0.02013047, 'random', 36, 2, 'sideways', 1, 1, 0, 1, 1703, 4425, 687506.78, -133.24, 'moon', 87.22557456, 58504714747.88, 3, 'dead'),
  ('GoldInu', 'GOL', 196550323, 0.08785664, 'random', 52, 0, 'bull', 9, 0, 1, 1, 447, 3534, 770899.55, 320.34, 'stable', 0.88405354, 124539229.83, 69, 'active'),
  ('SilverProtocol', 'SIL', 982808963, 0.00038102, 'random', 30, 6, 'bull', 6, 1, 1, 0, 2165, 9816, 151629.96, -0.53, 'rug', 0.00053734, 408934.53, 4, 'scam'),
  ('FireFinance', 'FIRE', 684484391, 0.06288640, 'random', 56, 7, 'bear', 4, 0, 1, 1, 583, 7875, 7352.33, 16.00, 'moon', 255.51589531, 130561956092.49, 7, 'dead'),
  ('RocketInu', 'ROCK', 766246942, 0.09768223, 'random', 66, 1, 'bull', 5, 0, 1, 0, 14052, 8890, 720491.81, -162.66, 'stable', 2.47660030, 1185407438.15, 56, 'active'),
  ('FireToken', 'FIRE', 172445841, 0.07403172, 'random', 33, 4, 'bull', 1, 1, 1, 0, 4233, 3289, 550798.26, 174.30, 'rug', 0.19444009, 22216724.88, 5, 'scam'),
  ('DiamondChain', 'DIA', 291297486, 0.03178081, 'random', 43, 0, 'bear', 7, 0, 1, 0, 2523, 641, 547512.83, 408.03, 'rug', 0.12883449, 27353828.14, 2, 'scam'),
  ('DiamondProtocol', 'DIA', 390666575, 0.05212492, 'random', 65, 2, 'bull', 9, 1, 0, 1, 13940, 5086, 39099.56, 49.71, 'slow_death', 0.14782239, 44833432.04, 52, 'active'),
  ('GoldFinance', 'GOLDF', 630980091, 0.02547137, 'random', 51, 2, 'bull', 6, 1, 0, 0, 5379, 9411, 765742.06, 329.52, 'slow_death', 0.04397999, 18832679.67, 16, 'active'),
  ('StarFinance', 'STA', 922952533, 0.08132782, 'random', 17, 1, 'sideways', 10, 0, 1, 1, 2435, 9445, 146004.01, -90.12, 'stable', 1.13419455, 947256444.77, 71, 'active'),
  ('SkyDAO', 'SKYD', 137020406, 0.09372497, 'random', 43, 2, 'sideways', 1, 1, 0, 0, 3462, 9999, 749060.69, 106.12, 'stable', 4.52425903, 581452689.22, 36, 'active'),
  ('OceanDAO', 'OCEA', 235250430, 0.04115158, 'random', 61, 2, 'bull', 8, 0, 0, 0, 3662, 6591, 451425.73, 393.71, 'slow_death', 0.05574020, 10318929.41, 41, 'dead'),
  ('StarChain', 'STAR', 518193172, 0.02133746, 'random', 28, 0, 'bear', 6, 1, 1, 0, 621, 6422, 879453.25, 9.38, 'rug', 0.08948604, 34423141.72, 4, 'scam'),
  ('DiamondMoon', 'DIAM', 513695665, 0.02248180, 'random', 54, 6, 'bull', 1, 0, 0, 1, 2244, 7571, 744340.23, 18.65, 'rug', 0.08328944, 29505849.80, 3, 'scam'),
  ('FireChain', 'FIRE', 184152817, 0.05237923, 'random', 0, 6, 'bear', 7, 0, 1, 1, 442, 8346, 782831.41, -4.60, 'slow_death', 0.10410914, 12814559.59, 24, 'dead'),
  ('DiamondNetwork', 'DIAMO', 890003709, 0.00266418, 'random', 56, 2, 'bull', 4, 1, 0, 0, 1180, 9498, 640793.05, 297.18, 'slow_death', 0.00173487, 1490036.28, 48, 'dead'),
  ('RocketMoon', 'ROCK', 379590639, 0.06866271, 'random', 62, 5, 'bear', 10, 0, 0, 0, 3233, 2261, 316399.81, -356.94, 'rug', 0.25915925, 85699762.70, 11, 'dead'),
  ('SkyInu', 'SKY', 497617590, 0.08219326, 'random', 29, 2, 'bull', 10, 0, 1, 0, 7540, 4664, 537348.85, 79.84, 'rug', 0.17721183, 63223484.35, 10, 'scam'),
  ('SunProtocol', 'SUN', 155438265, 0.05959288, 'random', 44, 8, 'sideways', 3, 1, 0, 1, 1431, 9790, 170337.43, 0.74, 'stable', 1.06135157, 140611789.88, 38, 'active'),
  ('OceanCoin', 'OCEA', 166734830, 0.05153431, 'random', 62, 1, 'bull', 9, 0, 1, 0, 5144, 243, 174229.10, -133.16, 'rug', 0.00704600, 774284.94, 8, 'dead'),
  ('RocketNetwork', 'ROCKE', 519763413, 0.01610352, 'random', 41, 1, 'sideways', 10, 1, 1, 1, 5931, 9694, 594456.74, 344.39, 'rug', 0.01728862, 8294672.79, 2, 'scam'),
  ('StarSwap', 'STAR', 295808474, 0.05875078, 'random', 8, 4, 'bull', 2, 1, 0, 1, 1425, 2269, 160595.45, 288.12, 'rug', 0.23690024, 68436695.85, 11, 'dead'),
  ('SilverDAO', 'SILV', 145707381, 0.00792403, 'random', 26, 2, 'bull', 2, 1, 1, 1, 7607, 4345, 525413.83, 16.59, 'stable', 0.06036337, 6123059.78, 26, 'active'),
  ('MoonToken', 'MOON', 954148140, 0.08320199, 'random', 72, 0, 'bull', 2, 1, 1, 1, 9401, 9167, 12177.65, -44.15, 'stable', 3.04534591, 2473157169.83, 38, 'active'),
  ('SkySwap', 'SKYSW', 826698869, 0.07017627, 'random', 57, 10, 'sideways', 7, 0, 1, 1, 2348, 1957, 677705.35, 293.88, 'rug', 0.01499094, 11743175.86, 6, 'scam'),
  ('FireFinance', 'FIRE', 253546818, 0.02779422, 'random', 18, 2, 'sideways', 3, 1, 1, 0, 729, 5630, 142559.82, 133.09, 'stable', 1.37921254, 234880397.06, 49, 'active'),
  ('SunProtocol', 'SUNPR', 815331374, 0.09476386, 'random', 25, 1, 'bull', 10, 0, 1, 0, 9422, 8022, 244627.22, -87.95, 'rug', 0.34251572, 221822012.11, 4, 'dead'),
  ('RocketNetwork', 'ROCKE', 907598414, 0.00262379, 'random', 54, 0, 'bull', 9, 1, 1, 0, 1851, 6373, 363195.13, -294.48, 'rug', 0.00035815, 231147.51, 9, 'scam'),
  ('RocketMoon', 'ROCK', 684692910, 0.02839223, 'random', 45, 0, 'bull', 2, 0, 1, 1, 269, 4728, 566133.04, 185.23, 'slow_death', 0.07833488, 35634168.73, 25, 'dead'),
  ('StarCoin', 'STARC', 527489889, 0.02090516, 'random', 72, 5, 'bear', 2, 1, 1, 0, 6564, 951, 442688.07, 281.53, 'stable', 0.65314405, 286384386.63, 83, 'active'),
  ('FireFinance', 'FIRE', 618023542, 0.01387723, 'random', 37, 4, 'bull', 6, 0, 1, 0, 1769, 9613, 131117.50, -278.51, 'slow_death', 0.01400061, 6312507.80, 20, 'active'),
  ('RocketDAO', 'ROCK', 17842606, 0.05421668, 'random', 71, 2, 'sideways', 9, 1, 0, 0, 897, 7117, 701412.02, -328.15, 'rug', 0.03200349, 479442.27, 6, 'dead'),
  ('StarSwap', 'STARS', 26232483, 0.05182987, 'random', 32, 0, 'sideways', 4, 1, 1, 0, 7445, 5316, 987140.72, 170.00, 'stable', 1.55766508, 26173596.42, 87, 'active'),
  ('StarMoon', 'STARM', 539953661, 0.06301935, 'random', 41, 0, 'bull', 9, 1, 1, 1, 7096, 1727, 2763.09, 402.28, 'rug', 0.11309690, 56138193.53, 12, 'dead'),
  ('StarNetwork', 'STARN', 716318413, 0.07868378, 'random', 43, 7, 'sideways', 8, 1, 0, 0, 1641, 2383, 606267.60, -5.87, 'rug', 0.20548549, 133436269.49, 10, 'dead'),
  ('SunSwap', 'SUN', 378621642, 0.00588827, 'random', 19, 0, 'bull', 5, 1, 1, 1, 3610, 5610, 11878.41, 80.36, 'rug', 0.02829183, 6742020.43, 5, 'scam'),
  ('FireInu', 'FIR', 49130802, 0.01884917, 'random', 28, 1, 'sideways', 5, 1, 0, 0, 3960, 5162, 259912.49, 60.99, 'slow_death', 0.00964675, 340606.76, 5, 'dead'),
  ('GoldProtocol', 'GOLDP', 623646951, 0.04511908, 'random', 46, 1, 'sideways', 10, 0, 1, 0, 7528, 7639, 412783.72, -222.05, 'rug', 0.04528514, 22862250.36, 7, 'dead'),
  ('GoldProtocol', 'GOLD', 61450404, 0.05329583, 'random', 35, 0, 'sideways', 5, 1, 1, 1, 2288, 3676, 612050.62, 88.05, 'rug', 0.20439588, 11311408.81, 10, 'dead'),
  ('DiamondSwap', 'DIAMO', 452742757, 0.05856052, 'random', 52, 0, 'bull', 5, 0, 1, 1, 317, 1078, 129357.97, 181.62, 'slow_death', 0.03201814, 13662398.84, 36, 'dead'),
  ('RocketSwap', 'ROCK', 523124225, 0.06918677, 'random', 19, 6, 'sideways', 10, 1, 1, 1, 2961, 7177, 75286.13, 210.71, 'slow_death', 0.03530155, 13112968.18, 30, 'active'),
  ('DiamondInu', 'DIAM', 570443629, 0.08724360, 'random', 25, 1, 'bear', 1, 0, 1, 1, 8651, 5902, 464695.65, 209.73, 'rug', 0.04940622, 26000391.34, 1, 'scam'),
  ('SkyCoin', 'SKY', 241685235, 0.04731203, 'random', 57, 3, 'bear', 2, 0, 0, 0, 4318, 4759, 245505.89, 81.76, 'slow_death', 0.13196760, 27342524.41, 13, 'dead'),
  ('RocketCoin', 'ROC', 461065886, 0.07709004, 'random', 26, 3, 'bull', 10, 0, 1, 0, 34658, 4186, 965737.76, -60.35, 'slow_death', 0.07565336, 32974382.43, 9, 'dead'),
  ('SkyToken', 'SKY', 225890248, 0.00387898, 'random', 56, 3, 'bull', 9, 0, 1, 0, 9912, 6305, 849871.59, 326.01, 'stable', 0.14815349, 32889419.12, 76, 'active'),
  ('SilverMoon', 'SILVE', 118535550, 0.05035602, 'random', 77, 4, 'bear', 6, 0, 1, 0, 9703, 2151, 605187.37, -100.65, 'slow_death', 0.13771139, 13190449.70, 14, 'dead'),
  ('StarFinance', 'STA', 778632235, 0.06747379, 'random', 46, 1, 'sideways', 4, 0, 1, 1, 13078, 5785, 148532.55, -26.91, 'rug', 0.03245279, 24888019.57, 5, 'scam'),
  ('GoldInu', 'GOLDI', 675688520, 0.05378691, 'random', 52, 7, 'sideways', 9, 0, 1, 0, 1699, 2581, 727856.67, 92.34, 'rug', 0.19971694, 100740214.39, 9, 'scam'),
  ('MoonSwap', 'MOON', 171027355, 0.00908198, 'random', 30, 1, 'bull', 1, 1, 1, 0, 1069, 7392, 146625.49, -52.52, 'rug', 0.01368171, 1698545.12, 11, 'scam'),
  ('GoldMoon', 'GOLD', 872534623, 0.01356793, 'random', 51, 0, 'sideways', 2, 0, 1, 0, 5025, 7248, 140154.56, -148.99, 'rug', 0.00511304, 3228868.05, 8, 'scam'),
  ('RocketToken', 'ROCK', 458547950, 0.03069795, 'random', 41, 3, 'sideways', 2, 1, 1, 0, 2750, 9113, 436875.58, 31.18, 'rug', 0.15210988, 67538375.98, 3, 'dead'),
  ('StarCoin', 'STA', 262642415, 0.08248745, 'random', 9, 0, 'bull', 7, 0, 0, 0, 3218, 7370, 503144.15, 527.55, 'stable', 3.55221440, 695308412.53, 27, 'active'),
  ('SunNetwork', 'SUNNE', 480410784, 0.03671530, 'random', 44, 2, 'bear', 3, 1, 1, 0, 3150, 2389, 265610.93, -225.13, 'stable', 0.16513300, 58988302.20, 26, 'active'),
  ('SkyInu', 'SKYIN', 636016079, 0.07494630, 'random', 21, 1, 'sideways', 10, 0, 1, 1, 7618, 1279, 999777.85, -83.04, 'slow_death', 0.09562930, 50459288.41, 40, 'dead'),
  ('OceanCoin', 'OCEAN', 463226838, 0.01455073, 'random', 0, 0, 'bull', 6, 0, 1, 0, 964, 3739, 847376.23, -145.32, 'rug', 0.00706184, 2039707.96, 7, 'dead'),
  ('SkyCoin', 'SKY', 908306128, 0.02731142, 'random', 45, 0, 'bear', 6, 1, 1, 1, 3252, 7469, 716587.17, 69.75, 'rug', 0.09314463, 62175172.36, 9, 'scam'),
  ('DiamondSwap', 'DIAM', 210441053, 0.01920668, 'random', 36, 2, 'bear', 10, 1, 1, 0, 1595, 8806, 686428.66, 170.97, 'rug', 0.04514639, 7526571.22, 4, 'scam'),
  ('MoonChain', 'MOONC', 819670013, 0.01217162, 'random', 30, 0, 'sideways', 2, 1, 1, 1, 7088, 3075, 699135.44, -24.69, 'stable', 0.37953338, 284473659.52, 12, 'active'),
  ('DiamondDAO', 'DIAMO', 595877520, 0.05875454, 'random', 54, 4, 'bull', 2, 0, 0, 1, 2298, 5584, 172254.78, -71.29, 'moon', 254.05499085, 148390943422.37, 16, 'active'),
  ('RocketInu', 'ROCKE', 890374117, 0.07845497, 'random', 21, 0, 'bull', 8, 1, 1, 1, 6173, 4315, 449718.86, 79.76, 'stable', 2.18376370, 1192850172.34, 10, 'active'),
  ('OceanNetwork', 'OCEA', 416347338, 0.07025806, 'random', 10, 3, 'bear', 9, 1, 0, 1, 10284, 6578, 367212.34, 127.31, 'slow_death', 0.11131503, 38210822.62, 28, 'dead'),
  ('SkyToken', 'SKY', 307588267, 0.00440154, 'random', 45, 5, 'bear', 7, 0, 1, 1, 919, 8995, 71237.10, 171.25, 'rug', 0.01524191, 3165876.93, 9, 'dead'),
  ('SilverMoon', 'SILV', 351788891, 0.01881723, 'random', 83, 0, 'sideways', 5, 0, 1, 1, 4219, 2054, 645145.45, -135.02, 'moon', 68.08037021, 19447681511.73, 12, 'active'),
  ('SunFinance', 'SUNF', 739263539, 0.08108614, 'random', 15, 1, 'bull', 8, 1, 1, 1, 6202, 934, 418708.98, -334.23, 'slow_death', 0.22920587, 145957200.66, 50, 'active'),
  ('SilverFinance', 'SILV', 456630398, 0.01144465, 'random', 22, 0, 'sideways', 1, 0, 1, 0, 5071, 4884, 285625.71, -119.33, 'stable', 0.16596607, 67927479.95, 12, 'active'),
  ('SilverToken', 'SIL', 353984139, 0.07092863, 'random', 63, 1, 'bear', 3, 1, 1, 0, 3744, 936, 109474.86, -401.43, 'moon', 443.71196790, 130336488792.26, 22, 'active'),
  ('OceanNetwork', 'OCE', 49701019, 0.02336438, 'random', 0, 0, 'bear', 7, 1, 1, 1, 1871, 5877, 827366.05, 5.63, 'rug', 0.11102246, 3857597.83, 14, 'scam'),
  ('RocketChain', 'ROCKE', 841589228, 0.09821106, 'random', 55, 4, 'bull', 6, 1, 1, 1, 6359, 1850, 191564.08, 284.89, 'rug', 0.42553504, 246991123.26, 13, 'scam'),
  ('SilverSwap', 'SIL', 689156926, 0.01094081, 'random', 80, 1, 'sideways', 6, 0, 0, 0, 4658, 9736, 432277.75, 130.90, 'slow_death', 0.02071982, 13278948.38, 56, 'dead'),
  ('SkyDAO', 'SKYD', 52972023, 0.08858655, 'random', 51, 1, 'bear', 4, 1, 1, 1, 723, 2208, 640078.29, 197.10, 'slow_death', 0.21536077, 8958928.08, 51, 'dead'),
  ('SkySwap', 'SKY', 498099728, 0.04954322, 'random', 63, 0, 'bear', 6, 1, 1, 1, 6832, 4013, 41865.01, 12.58, 'stable', 1.96544680, 947170967.09, 63, 'active'),
  ('SunDAO', 'SUND', 523546935, 0.02473253, 'random', 9, 6, 'bear', 4, 1, 0, 0, 56, 696, 278056.18, 142.36, 'slow_death', 0.03331759, 14191962.92, 35, 'dead'),
  ('GoldDAO', 'GOLDD', 39724510, 0.05883676, 'random', 51, 2, 'sideways', 4, 1, 0, 0, 7255, 1442, 703575.61, 46.33, 'slow_death', 0.09132040, 2777621.50, 19, 'dead'),
  ('RocketNetwork', 'ROCK', 896825410, 0.01335313, 'random', 40, 0, 'sideways', 1, 1, 1, 0, 8271, 592, 238022.67, 151.67, 'slow_death', 0.01881528, 15391976.39, 21, 'dead'),
  ('SkyToken', 'SKY', 152070563, 0.05027767, 'random', 41, 7, 'bull', 3, 1, 1, 1, 10584, 5223, 587288.61, -243.23, 'stable', 1.46038756, 154017141.43, 13, 'active'),
  ('StarMoon', 'STARM', 180781072, 0.06819836, 'random', 26, 5, 'bear', 4, 0, 1, 0, 6042, 6485, 366811.23, -206.88, 'rug', 0.08995526, 12826130.99, 5, 'scam'),
  ('SkyProtocol', 'SKY', 435919109, 0.03805271, 'random', 26, 4, 'bull', 5, 0, 1, 1, 5657, 5090, 968361.13, 109.66, 'rug', 0.17393621, 47056439.11, 12, 'scam'),
  ('GoldNetwork', 'GOL', 392774878, 0.05495236, 'random', 43, 9, 'bull', 2, 0, 1, 0, 4769, 8089, 341081.81, 205.89, 'rug', 0.18858834, 66155164.15, 13, 'dead'),
  ('StarMoon', 'STARM', 688624130, 0.05013072, 'random', 73, 0, 'bull', 6, 1, 1, 1, 18354, 1595, 791095.27, 150.01, 'rug', 0.16228923, 81026795.96, 9, 'scam'),
  ('RocketProtocol', 'ROCKE', 610423009, 0.00673803, 'random', 35, 0, 'bull', 1, 0, 1, 1, 14735, 165, 199399.74, 119.69, 'rug', 0.01591587, 7106571.07, 2, 'scam'),
  ('SkyDAO', 'SKYDA', 331475608, 0.04327612, 'random', 17, 4, 'bull', 10, 1, 1, 1, 1861, 4891, 261854.91, 304.42, 'slow_death', 0.09490818, 20715605.75, 52, 'active'),
  ('FireInu', 'FIR', 590740811, 0.01775087, 'random', 0, 0, 'bull', 3, 0, 1, 1, 277, 3770, 963378.74, 331.35, 'rug', 0.00904966, 4257075.69, 8, 'scam'),
  ('DiamondCoin', 'DIA', 266168220, 0.04499826, 'random', 43, 0, 'bull', 7, 1, 1, 1, 1812, 2985, 638121.95, 127.31, 'rug', 0.05218110, 12481810.89, 13, 'dead'),
  ('StarMoon', 'STAR', 741899451, 0.08991433, 'random', 50, 4, 'bull', 3, 1, 1, 0, 366, 9447, 119349.09, 100.79, 'rug', 0.26556883, 193533776.85, 6, 'scam'),
  ('SkyFinance', 'SKY', 874833421, 0.08419166, 'random', 73, 5, 'bull', 4, 1, 1, 0, 3951, 8446, 123444.81, -7.08, 'rug', 0.08933626, 64161593.14, 13, 'scam'),
  ('FireMoon', 'FIR', 173508602, 0.04666220, 'random', 55, 2, 'bear', 1, 1, 1, 0, 701, 9911, 277652.14, -52.95, 'stable', 1.82936402, 269797854.53, 28, 'active'),
  ('DiamondToken', 'DIAM', 321221700, 0.07054524, 'random', 55, 5, 'bear', 8, 1, 1, 0, 2578, 1801, 404821.71, -37.82, 'stable', 0.99433447, 213225193.16, 78, 'active'),
  ('MoonProtocol', 'MOONP', 426124897, 0.04769936, 'random', 24, 4, 'bear', 8, 0, 1, 1, 3982, 8901, 664315.25, 334.41, 'stable', 1.34351769, 359060782.20, 75, 'active'),
  ('StarToken', 'STAR', 85171171, 0.04931020, 'random', 22, 4, 'bull', 7, 1, 1, 0, 9180, 1554, 598923.81, -90.80, 'stable', 2.39836676, 201060607.59, 27, 'active'),
  ('RocketCoin', 'ROCKE', 435734347, 0.05136711, 'random', 27, 0, 'bull', 10, 1, 1, 1, 6005, 2396, 308614.65, 106.46, 'rug', 0.12980460, 51427004.13, 4, 'scam'),
  ('MoonChain', 'MOO', 223544288, 0.00310579, 'random', 66, 2, 'bull', 4, 1, 0, 0, 24703, 8274, 462049.27, -123.94, 'stable', 0.05789932, 12711666.57, 45, 'active'),
  ('DiamondNetwork', 'DIA', 412924706, 0.03198832, 'random', 21, 5, 'sideways', 10, 0, 1, 0, 1414, 7804, 346673.76, 242.75, 'stable', 1.43336953, 463392155.67, 51, 'active'),
  ('SilverInu', 'SILV', 450437470, 0.03460046, 'random', 36, 1, 'bear', 7, 0, 1, 1, 191, 1475, 148570.85, 179.48, 'rug', 0.15949471, 62278502.85, 5, 'scam'),
  ('SilverToken', 'SIL', 980080048, 0.02710800, 'random', 50, 1, 'bull', 4, 0, 0, 1, 12127, 6401, 711591.26, 462.90, 'rug', 0.07032617, 65596109.33, 3, 'scam'),
  ('SkyChain', 'SKY', 122455928, 0.03788227, 'random', 66, 2, 'bear', 3, 1, 0, 1, 1463, 1842, 20398.53, 375.88, 'stable', 0.26358397, 23086454.03, 22, 'active'),
  ('FireProtocol', 'FIREP', 557356658, 0.04317140, 'random', 47, 2, 'bull', 9, 0, 1, 1, 188, 8704, 770513.53, 46.65, 'stable', 0.96586772, 511640943.65, 71, 'active'),
  ('OceanMoon', 'OCEA', 948033511, 0.00403756, 'random', 19, 7, 'sideways', 7, 0, 1, 1, 7958, 5555, 767153.57, -279.12, 'stable', 0.08977300, 63583290.69, 73, 'active'),
  ('OceanDAO', 'OCE', 407455020, 0.02719211, 'random', 73, 2, 'bear', 8, 1, 1, 0, 6517, 9473, 220641.18, 309.64, 'slow_death', 0.04132220, 15431857.96, 8, 'dead'),
  ('FireDAO', 'FIR', 52390683, 0.02944256, 'random', 29, 0, 'bull', 7, 0, 1, 0, 3280, 2614, 244727.60, 51.21, 'slow_death', 0.07320912, 3362354.17, 15, 'dead'),
  ('SunDAO', 'SUN', 239257154, 0.09915108, 'random', 55, 0, 'bull', 9, 0, 1, 0, 9502, 2553, 154979.66, -260.43, 'stable', 2.05443686, 322056393.95, 88, 'active'),
  ('SkyNetwork', 'SKYNE', 655742804, 0.04934507, 'random', 21, 0, 'sideways', 4, 0, 0, 1, 4750, 4928, 427722.29, -18.45, 'rug', 0.10803115, 63345433.91, 12, 'dead'),
  ('DiamondSwap', 'DIAMO', 190200313, 0.07520673, 'random', 40, 4, 'bull', 4, 1, 1, 1, 8236, 3960, 132760.61, -430.55, 'rug', 0.36406927, 57966414.85, 10, 'dead'),
  ('OceanChain', 'OCEAN', 261628601, 0.02380252, 'random', 61, 3, 'bull', 10, 1, 1, 1, 9737, 6919, 988751.66, 225.99, 'rug', 0.00455032, 799577.00, 11, 'scam'),
  ('SunSwap', 'SUN', 25865029, 0.06841390, 'random', 26, 2, 'bull', 4, 1, 1, 1, 770, 2573, 895745.24, 175.14, 'rug', 0.25212396, 6280458.84, 13, 'scam'),
  ('StarInu', 'STAR', 623320018, 0.05536482, 'random', 3, 6, 'bull', 9, 1, 1, 1, 5043, 7084, 884545.77, -1.75, 'rug', 0.02527538, 12561787.46, 11, 'scam'),
  ('SilverCoin', 'SIL', 187832835, 0.06341755, 'random', 54, 3, 'bull', 10, 0, 1, 1, 216, 3601, 409176.86, -184.61, 'slow_death', 0.12351352, 18065484.92, 49, 'active'),
  ('OceanFinance', 'OCEAN', 494532372, 0.02759801, 'random', 28, 0, 'sideways', 2, 0, 0, 1, 4202, 4004, 398521.75, -168.21, 'stable', 0.47749124, 208335931.72, 14, 'active'),
  ('DiamondFinance', 'DIA', 589695592, 0.08514343, 'random', 28, 1, 'bull', 2, 0, 1, 1, 3623, 2722, 116503.71, 89.15, 'rug', 0.18361671, 74312523.12, 2, 'scam'),
  ('StarToken', 'STA', 205706238, 0.01633781, 'random', 26, 1, 'sideways', 2, 0, 1, 1, 6043, 1849, 345676.92, 105.09, 'stable', 0.73439139, 133924472.51, 48, 'active'),
  ('SilverInu', 'SILVE', 959583702, 0.06860865, 'random', 8, 1, 'bull', 7, 0, 1, 1, 5732, 7947, 508842.51, 62.63, 'rug', 0.10300075, 70944559.58, 7, 'dead'),
  ('SunDAO', 'SUNDA', 680762365, 0.05368759, 'random', 23, 1, 'bull', 5, 1, 0, 1, 6195, 5831, 951176.29, -22.55, 'stable', 2.00533400, 1146869794.20, 71, 'active'),
  ('SilverSwap', 'SILV', 412891768, 0.05666965, 'random', 9, 0, 'bear', 10, 1, 1, 0, 10043, 7381, 21093.00, 157.22, 'slow_death', 0.04914933, 14820775.95, 52, 'dead'),
  ('SunFinance', 'SUN', 240102827, 0.09782322, 'random', 13, 0, 'bull', 6, 1, 1, 1, 5282, 7774, 483562.53, 337.65, 'stable', 1.38937876, 294193723.11, 37, 'active'),
  ('SilverMoon', 'SILVE', 783142417, 0.05776258, 'random', 23, 0, 'sideways', 4, 0, 1, 0, 5546, 9376, 746041.60, 464.19, 'rug', 0.20123436, 146119361.02, 6, 'scam'),
  ('RocketNetwork', 'ROCKE', 71337777, 0.07530478, 'random', 31, 1, 'sideways', 2, 0, 1, 1, 42, 7296, 163970.44, -56.98, 'rug', 0.07161169, 5011311.07, 14, 'scam'),
  ('MoonSwap', 'MOON', 747596273, 0.02958954, 'random', 26, 4, 'bear', 8, 1, 0, 0, 1152, 9327, 955193.16, 309.24, 'slow_death', 0.08838115, 58806921.01, 11, 'dead'),
  ('OceanNetwork', 'OCEA', 114322424, 0.01115617, 'random', 42, 2, 'bear', 1, 0, 1, 1, 7462, 3078, 566240.84, -53.44, 'slow_death', 0.02619246, 2761762.28, 50, 'dead'),
  ('GoldCoin', 'GOLDC', 713109962, 0.04452800, 'random', 60, 0, 'sideways', 8, 1, 1, 1, 3576, 3917, 315899.24, -277.73, 'stable', 1.41392146, 923604457.36, 79, 'active'),
  ('StarFinance', 'STARF', 741879382, 0.08457283, 'random', 39, 1, 'sideways', 5, 0, 0, 0, 12137, 7341, 785364.38, 240.49, 'rug', 0.30584528, 218702864.60, 3, 'dead'),
  ('DiamondInu', 'DIAMO', 22462097, 0.04807608, 'random', 24, 2, 'bull', 8, 1, 0, 1, 8297, 5542, 543087.15, -16.84, 'slow_death', 0.06631987, 1227071.04, 42, 'active'),
  ('GoldMoon', 'GOLDM', 305519298, 0.03781921, 'random', 44, 0, 'bear', 4, 0, 0, 1, 2106, 2464, 928956.92, 50.44, 'slow_death', 0.11003586, 32632308.39, 19, 'dead'),
  ('StarMoon', 'STARM', 28814872, 0.00736316, 'random', 71, 0, 'bull', 8, 0, 1, 0, 4858, 4499, 448334.13, 308.62, 'slow_death', 0.01398966, 312596.61, 18, 'dead'),
  ('SilverCoin', 'SILVE', 686723860, 0.03706535, 'random', 63, 0, 'bull', 2, 0, 1, 0, 1799, 6615, 732216.34, -5.09, 'slow_death', 0.06496002, 32120354.98, 33, 'active'),
  ('DiamondMoon', 'DIA', 921613757, 0.04054478, 'random', 37, 8, 'bear', 5, 1, 0, 0, 9989, 9371, 842775.20, 51.50, 'rug', 0.18607257, 146954944.43, 3, 'dead'),
  ('RocketDAO', 'ROCK', 226312260, 0.09449430, 'random', 41, 1, 'bear', 5, 1, 1, 1, 18977, 2759, 38344.01, -87.07, 'stable', 0.71008037, 133718957.30, 55, 'active'),
  ('GoldChain', 'GOLDC', 806053060, 0.04402778, 'random', 47, 6, 'bull', 1, 1, 1, 0, 707, 8838, 997902.02, 88.73, 'rug', 0.12406224, 95802362.54, 12, 'scam'),
  ('SkyCoin', 'SKY', 295843629, 0.08898324, 'random', 40, 0, 'bear', 6, 1, 1, 1, 2369, 304, 912825.68, -394.89, 'stable', 0.53438136, 102532155.56, 43, 'active'),
  ('SunCoin', 'SUNC', 407056448, 0.03696611, 'random', 17, 0, 'sideways', 10, 1, 0, 1, 13105, 8695, 203441.95, 100.18, 'rug', 0.06046203, 16316819.67, 8, 'dead'),
  ('StarChain', 'STA', 274904965, 0.05036407, 'random', 47, 1, 'bull', 6, 1, 1, 0, 669, 437, 755797.54, 137.64, 'rug', 0.16763474, 39323053.34, 12, 'scam'),
  ('SkyFinance', 'SKYF', 959164741, 0.06214238, 'random', 10, 0, 'sideways', 9, 1, 0, 0, 8461, 9079, 799714.07, 22.40, 'rug', 0.25298638, 156982452.85, 8, 'scam'),
  ('RocketChain', 'ROCK', 85487817, 0.04062514, 'random', 50, 3, 'bull', 9, 1, 0, 1, 4418, 730, 139688.23, 139.21, 'stable', 1.47536765, 93121446.50, 9, 'active'),
  ('SkyDAO', 'SKYD', 442316162, 0.04554667, 'random', 28, 0, 'bear', 9, 1, 1, 0, 4992, 5450, 744343.23, 108.93, 'stable', 1.10243607, 453396415.02, 77, 'active'),
  ('FireCoin', 'FIRE', 563720263, 0.03132563, 'random', 63, 2, 'sideways', 6, 1, 1, 0, 2000, 78, 406744.77, 122.32, 'stable', 0.15373239, 54756986.12, 80, 'active'),
  ('RocketNetwork', 'ROCK', 350415880, 0.00110776, 'random', 68, 0, 'sideways', 3, 0, 1, 1, 989, 6499, 300655.80, 43.95, 'rug', 0.00362065, 812300.70, 14, 'dead'),
  ('SunCoin', 'SUNC', 78098933, 0.09614663, 'random', 41, 5, 'bull', 6, 0, 1, 0, 3267, 6014, 97043.71, 280.14, 'slow_death', 0.14230890, 8958073.62, 20, 'active'),
  ('SkyNetwork', 'SKYNE', 19211710, 0.00237730, 'random', 14, 0, 'bull', 4, 1, 0, 0, 1928, 4820, 750513.79, -73.59, 'slow_death', 0.00136725, 24369.66, 33, 'active'),
  ('FireFinance', 'FIREF', 144542523, 0.04585071, 'random', 86, 3, 'bull', 5, 1, 1, 1, 2398, 8428, 790836.95, 224.96, 'stable', 0.25776225, 26284497.03, 37, 'active'),
  ('SkyFinance', 'SKY', 983456776, 0.08278087, 'random', 26, 0, 'sideways', 1, 0, 1, 1, 1775, 1992, 697374.99, 438.02, 'rug', 0.01998881, 14710628.00, 7, 'dead'),
  ('StarCoin', 'STARC', 693064814, 0.00798978, 'random', 35, 2, 'sideways', 1, 1, 0, 1, 30, 6593, 964737.30, -338.95, 'stable', 0.08827602, 52143402.07, 78, 'active'),
  ('SilverMoon', 'SILV', 58121504, 0.07724117, 'random', 22, 6, 'bull', 10, 1, 0, 0, 1916, 3671, 459579.08, 24.88, 'rug', 0.33871719, 11831004.98, 2, 'scam'),
  ('DiamondFinance', 'DIAM', 669186858, 0.02473275, 'random', 53, 0, 'bull', 8, 1, 1, 1, 3010, 3950, 304780.52, -90.74, 'rug', 0.11283493, 71505769.09, 4, 'dead'),
  ('FireChain', 'FIR', 929947443, 0.04401639, 'random', 14, 2, 'bull', 8, 1, 1, 0, 313, 3587, 258954.64, 153.16, 'slow_death', 0.09285279, 58440943.94, 11, 'active'),
  ('OceanMoon', 'OCE', 566360434, 0.04986159, 'random', 20, 0, 'bear', 9, 1, 0, 1, 14899, 9347, 152021.82, 398.49, 'stable', 0.94082301, 390401427.87, 51, 'active'),
  ('FireSwap', 'FIRE', 805490942, 0.09197691, 'random', 41, 1, 'sideways', 7, 1, 1, 0, 4274, 4229, 478777.44, 357.88, 'moon', 774.37088849, 521805186483.91, 4, 'dead'),
  ('MoonSwap', 'MOON', 367322563, 0.05586726, 'random', 52, 1, 'sideways', 9, 0, 1, 0, 6727, 1578, 381350.37, -65.39, 'slow_death', 0.09806903, 27930637.31, 9, 'dead'),
  ('RocketSwap', 'ROCK', 153580597, 0.01404279, 'random', 29, 2, 'sideways', 6, 1, 1, 0, 565, 7389, 848917.06, 62.13, 'rug', 0.01885502, 2827087.14, 11, 'dead'),
  ('StarDAO', 'STARD', 700316043, 0.01866074, 'random', 0, 5, 'bull', 9, 1, 1, 0, 2241, 300, 456000.04, -69.99, 'stable', 0.44874327, 257648723.36, 37, 'active'),
  ('GoldFinance', 'GOL', 925963539, 0.00142782, 'random', 39, 7, 'bear', 9, 1, 0, 1, 6245, 6684, 98460.32, 254.97, 'stable', 0.00944232, 8001490.94, 15, 'active'),
  ('OceanFinance', 'OCE', 940748614, 0.08643997, 'random', 26, 1, 'sideways', 5, 1, 1, 1, 7033, 5526, 766829.66, 141.42, 'stable', 1.79834781, 1162089361.67, 20, 'active'),
  ('StarInu', 'STA', 891451386, 0.05503008, 'random', 4, 5, 'bear', 9, 0, 0, 0, 480, 224, 5218.44, 177.24, 'stable', 1.24679666, 943056347.36, 64, 'active'),
  ('MoonSwap', 'MOO', 16625714, 0.01219884, 'random', 31, 1, 'sideways', 9, 1, 0, 1, 2840, 5987, 394192.43, -112.97, 'slow_death', 0.02395796, 336238.89, 26, 'active'),
  ('OceanCoin', 'OCEAN', 289482140, 0.09796779, 'random', 18, 0, 'bear', 8, 0, 0, 1, 5999, 178, 356057.80, 94.58, 'rug', 0.23210295, 64007561.40, 4, 'scam'),
  ('MoonChain', 'MOO', 289241329, 0.07099117, 'random', 20, 1, 'sideways', 9, 0, 1, 0, 12398, 9739, 583297.40, 74.27, 'rug', 0.08633425, 21321015.35, 13, 'scam'),
  ('GoldCoin', 'GOLD', 210081431, 0.02357772, 'random', 19, 5, 'bull', 1, 1, 1, 0, 2931, 8537, 150778.69, 110.18, 'slow_death', 0.05682392, 8345630.29, 15, 'dead'),
  ('SunSwap', 'SUNSW', 191692784, 0.04710918, 'random', 75, 3, 'bull', 4, 1, 0, 0, 5346, 8993, 659474.19, -184.38, 'slow_death', 0.02641425, 3906359.97, 33, 'dead'),
  ('SkyCoin', 'SKYC', 380331092, 0.04918878, 'random', 39, 4, 'sideways', 4, 1, 1, 1, 747, 7760, 304747.36, 570.56, 'moon', 479.04977055, 129258931158.54, 10, 'active'),
  ('SunDAO', 'SUNDA', 4055138, 0.09720722, 'random', 60, 7, 'bull', 2, 0, 1, 0, 9220, 1411, 124393.75, -451.84, 'rug', 0.22777994, 814566.52, 1, 'scam'),
  ('MoonToken', 'MOONT', 366523362, 0.09801738, 'random', 13, 0, 'bull', 8, 0, 1, 0, 2314, 2319, 586258.19, 304.77, 'rug', 0.33019114, 115623903.62, 1, 'scam'),
  ('MoonCoin', 'MOON', 425459108, 0.07502232, 'random', 49, 0, 'sideways', 5, 0, 1, 0, 577, 3801, 875368.85, 188.50, 'slow_death', 0.04138583, 12218693.83, 35, 'dead'),
  ('FireDAO', 'FIR', 211313229, 0.03342668, 'random', 37, 1, 'bear', 4, 0, 1, 0, 897, 9524, 42547.52, 206.38, 'stable', 0.11718177, 23482123.46, 71, 'active'),
  ('GoldToken', 'GOL', 775364420, 0.07189385, 'random', 14, 0, 'sideways', 6, 0, 0, 1, 9760, 3382, 665307.92, 267.87, 'moon', 587.73210733, 276195713877.11, 27, 'dead'),
  ('SkyProtocol', 'SKYP', 633553286, 0.09539696, 'random', 39, 2, 'sideways', 10, 0, 1, 0, 255, 881, 699448.86, 98.66, 'rug', 0.46672397, 284803859.43, 4, 'scam'),
  ('MoonCoin', 'MOO', 565708225, 0.06877919, 'random', 12, 5, 'sideways', 8, 1, 0, 1, 9, 6751, 160906.73, 245.74, 'moon', 40.26945631, 19997037987.73, 29, 'active'),
  ('MoonFinance', 'MOON', 235995088, 0.02620496, 'random', 26, 3, 'bear', 4, 0, 1, 1, 2107, 1929, 972344.00, -17.01, 'slow_death', 0.04768764, 11096461.21, 13, 'dead'),
  ('RocketDAO', 'ROCKE', 720087066, 0.03638275, 'random', 17, 2, 'sideways', 10, 1, 0, 1, 5419, 5408, 341492.60, -171.54, 'moon', 110.66698550, 76711759563.35, 8, 'active'),
  ('RocketSwap', 'ROCKE', 881445713, 0.09588895, 'random', 29, 5, 'bull', 4, 1, 1, 0, 12243, 9215, 112316.40, -78.10, 'rug', 0.09472205, 72236278.43, 14, 'scam'),
  ('SilverProtocol', 'SILV', 592045389, 0.06318089, 'random', 1, 1, 'sideways', 4, 0, 1, 1, 9783, 5009, 345900.80, -170.03, 'rug', 0.06679110, 26380065.27, 6, 'dead'),
  ('GoldMoon', 'GOLDM', 204946151, 0.07587648, 'random', 16, 0, 'bull', 9, 0, 1, 1, 13619, 7607, 598419.21, 47.58, 'rug', 0.36972183, 52035911.53, 12, 'scam'),
  ('FireToken', 'FIR', 744514245, 0.06006671, 'random', 26, 0, 'bear', 4, 1, 1, 0, 6087, 8654, 367073.37, 330.91, 'slow_death', 0.11408940, 79700528.93, 38, 'dead'),
  ('RocketFinance', 'ROCKE', 139365906, 0.04028249, 'random', 21, 2, 'sideways', 4, 0, 0, 1, 2012, 9954, 786214.11, -240.77, 'rug', 0.00698491, 821498.89, 7, 'scam'),
  ('FireInu', 'FIR', 787327931, 0.09793654, 'random', 67, 2, 'bear', 1, 1, 1, 1, 5852, 3451, 6762.71, -49.81, 'slow_death', 0.09634335, 73035542.26, 46, 'dead'),
  ('RocketCoin', 'ROCKE', 289482744, 0.09836226, 'random', 35, 0, 'bull', 2, 1, 1, 1, 5169, 6842, 885380.21, 108.96, 'stable', 1.34647967, 282755318.91, 90, 'active'),
  ('MoonToken', 'MOON', 94356086, 0.07660963, 'random', 51, 8, 'bear', 1, 1, 1, 1, 4245, 550, 666450.90, -274.84, 'rug', 0.31539215, 24058394.91, 13, 'scam'),
  ('GoldInu', 'GOLDI', 233430367, 0.03317649, 'random', 47, 0, 'bear', 9, 1, 0, 0, 5171, 5728, 606386.91, -254.58, 'rug', 0.05098803, 9738026.41, 11, 'scam'),
  ('SkyProtocol', 'SKY', 599703323, 0.06297072, 'random', 30, 2, 'sideways', 4, 0, 0, 1, 2850, 7205, 712791.52, 88.01, 'moon', 516.10766058, 308626818721.82, 27, 'dead'),
  ('SunChain', 'SUNCH', 517585268, 0.02360414, 'random', 48, 5, 'bull', 2, 0, 1, 1, 6731, 8118, 965079.66, -170.71, 'slow_death', 0.05813818, 20318366.32, 44, 'active'),
  ('MoonFinance', 'MOON', 280323270, 0.00943136, 'random', 30, 0, 'sideways', 3, 0, 1, 1, 4073, 9362, 535982.77, 140.68, 'slow_death', 0.00572162, 1152213.52, 40, 'dead'),
  ('DiamondCoin', 'DIAM', 14729331, 0.04598722, 'random', 53, 1, 'bull', 1, 1, 1, 1, 698, 7269, 268982.17, -16.76, 'slow_death', 0.04100817, 441148.43, 47, 'dead'),
  ('GoldDAO', 'GOL', 514511281, 0.00481207, 'random', 53, 1, 'bull', 9, 1, 1, 1, 4975, 998, 163174.01, -244.90, 'moon', 4.59779086, 1565501516.58, 23, 'dead'),
  ('StarFinance', 'STA', 903870633, 0.02083668, 'random', 61, 2, 'sideways', 6, 1, 1, 1, 562, 3284, 262632.25, 74.27, 'stable', 0.55175337, 393679657.52, 79, 'active'),
  ('SkyDAO', 'SKY', 607931691, 0.03131450, 'random', 22, 0, 'sideways', 4, 1, 0, 0, 1761, 5252, 122523.45, -23.18, 'stable', 1.23036183, 686158870.70, 8, 'active'),
  ('OceanChain', 'OCEAN', 54457595, 0.02007891, 'random', 0, 0, 'sideways', 3, 0, 1, 1, 6856, 4058, 728620.26, -119.14, 'slow_death', 0.04706586, 1742191.42, 52, 'dead'),
  ('StarFinance', 'STAR', 722980032, 0.07321508, 'random', 34, 1, 'sideways', 5, 0, 1, 0, 1300, 1917, 994751.44, -104.46, 'rug', 0.32615186, 160874470.04, 8, 'scam'),
  ('OceanSwap', 'OCEAN', 823583093, 0.03834610, 'random', 19, 3, 'bull', 1, 0, 0, 1, 8504, 9184, 497584.05, -198.07, 'stable', 0.57092607, 466636001.66, 8, 'active'),
  ('GoldFinance', 'GOLDF', 196190841, 0.04988162, 'random', 21, 3, 'bull', 3, 0, 1, 0, 19195, 7844, 231446.64, 463.12, 'moon', 219.77738874, 34433481400.00, 22, 'active'),
  ('MoonFinance', 'MOO', 54052455, 0.03871895, 'random', 33, 10, 'bear', 2, 1, 1, 1, 3462, 6229, 173015.62, -159.15, 'moon', 229.93421990, 9129066227.59, 1, 'active'),
  ('OceanChain', 'OCEA', 801411996, 0.09642369, 'random', 55, 2, 'bull', 5, 1, 1, 0, 8588, 3490, 953637.76, 134.83, 'stable', 4.74183450, 2693154058.99, 87, 'active'),
  ('MoonDAO', 'MOO', 470747404, 0.01457059, 'random', 72, 5, 'bull', 4, 1, 0, 1, 2018, 8852, 718667.02, -31.82, 'rug', 0.07117427, 32750813.00, 11, 'scam'),
  ('MoonDAO', 'MOOND', 179691992, 0.05835706, 'random', 45, 4, 'bull', 2, 0, 1, 1, 82, 574, 102424.78, 112.50, 'stable', 0.31959060, 54002581.69, 69, 'active'),
  ('RocketMoon', 'ROCKE', 425070106, 0.09695239, 'random', 70, 0, 'bull', 8, 0, 1, 0, 2039, 6965, 230406.95, 210.32, 'rug', 0.31465777, 125566399.37, 12, 'dead'),
  ('GoldChain', 'GOLD', 438435424, 0.08803548, 'random', 45, 2, 'sideways', 8, 1, 1, 1, 1, 858, 435810.81, -399.17, 'rug', 0.36517465, 120170289.32, 13, 'dead'),
  ('RocketChain', 'ROC', 322796495, 0.07873599, 'random', 55, 1, 'bull', 6, 1, 0, 0, 110, 2287, 80651.64, -161.97, 'rug', 0.22390071, 45877672.50, 10, 'dead'),
  ('SunToken', 'SUN', 155216341, 0.05850350, 'random', 10, 1, 'sideways', 3, 1, 1, 1, 2200, 2909, 871389.55, 157.66, 'rug', 0.22895740, 28589162.42, 10, 'scam'),
  ('OceanCoin', 'OCEAN', 6807653, 0.03415073, 'random', 37, 2, 'bear', 1, 1, 1, 1, 12105, 2902, 218463.42, -127.97, 'stable', 0.60792322, 2780684.63, 42, 'active'),
  ('SkySwap', 'SKYSW', 515891031, 0.00712267, 'random', 31, 1, 'bull', 6, 0, 1, 0, 6987, 230, 771973.77, 103.51, 'stable', 0.26849320, 119287712.87, 46, 'active'),
  ('StarInu', 'STARI', 546039528, 0.03246774, 'random', 72, 3, 'sideways', 9, 1, 1, 1, 1995, 2411, 182544.14, 270.02, 'slow_death', 0.04920555, 19492585.87, 50, 'dead'),
  ('SkySwap', 'SKYSW', 720919076, 0.09776526, 'random', 32, 2, 'bear', 4, 0, 0, 0, 1348, 5578, 605119.78, -3.39, 'slow_death', 0.25146063, 176276623.97, 46, 'dead'),
  ('SilverChain', 'SILVE', 921180771, 0.01071028, 'random', 36, 1, 'sideways', 3, 0, 1, 1, 2595, 4583, 902155.19, 408.82, 'stable', 0.13098455, 114392314.89, 75, 'active'),
  ('DiamondDAO', 'DIAM', 629121385, 0.00505337, 'random', 47, 1, 'sideways', 1, 1, 0, 1, 309, 7265, 31218.05, 215.13, 'rug', 0.00212343, 849872.95, 11, 'scam'),
  ('SkyCoin', 'SKYCO', 404193991, 0.05087584, 'random', 48, 1, 'bull', 7, 1, 1, 1, 2049, 5067, 516506.88, 58.95, 'rug', 0.04641252, 17768688.55, 8, 'dead'),
  ('DiamondFinance', 'DIAM', 790868882, 0.03694733, 'random', 23, 0, 'bear', 9, 0, 1, 0, 3645, 5303, 811901.13, 23.08, 'rug', 0.05429738, 26353735.22, 7, 'scam'),
  ('SunNetwork', 'SUNN', 228652433, 0.00738651, 'random', 49, 6, 'bear', 10, 1, 0, 0, 1814, 8872, 170860.72, 257.97, 'rug', 0.01768077, 3699287.55, 6, 'dead'),
  ('SkyToken', 'SKY', 235860461, 0.02066885, 'random', 8, 5, 'bull', 1, 0, 1, 1, 2288, 8223, 910213.78, -141.19, 'slow_death', 0.01531530, 3026945.03, 35, 'dead'),
  ('SunSwap', 'SUN', 575431364, 0.06550972, 'random', 51, 1, 'bull', 7, 1, 1, 0, 466, 1455, 361882.50, 82.07, 'slow_death', 0.05263586, 19014317.95, 38, 'active'),
  ('DiamondMoon', 'DIA', 522097512, 0.05942149, 'random', 33, 3, 'sideways', 6, 1, 1, 1, 8447, 641, 401940.47, 281.97, 'rug', 0.28972576, 98159797.89, 10, 'scam'),
  ('DiamondChain', 'DIAMO', 507862016, 0.05714888, 'random', 57, 0, 'sideways', 10, 0, 1, 1, 2112, 9739, 545704.47, -131.85, 'rug', 0.23608610, 119109395.85, 1, 'scam'),
  ('OceanToken', 'OCEAN', 327898602, 0.00560548, 'random', 73, 0, 'bull', 10, 1, 1, 1, 5171, 4133, 813984.20, 101.73, 'stable', 0.12389214, 34003115.37, 14, 'active'),
  ('FireMoon', 'FIR', 865070409, 0.08125412, 'random', 29, 1, 'sideways', 5, 0, 1, 1, 1452, 598, 777030.96, 414.55, 'slow_death', 0.18745881, 134299327.81, 44, 'dead'),
  ('SkySwap', 'SKYS', 780925079, 0.06860085, 'random', 10, 3, 'bull', 10, 1, 0, 0, 5506, 2733, 693764.55, 42.38, 'rug', 0.12614080, 71651738.74, 2, 'scam'),
  ('FireCoin', 'FIREC', 681058550, 0.00256629, 'random', 62, 2, 'sideways', 4, 0, 1, 1, 9201, 1955, 936728.89, 93.18, 'stable', 0.06170510, 30267652.56, 86, 'active'),
  ('MoonNetwork', 'MOO', 237218496, 0.07641507, 'random', 45, 3, 'bull', 1, 1, 1, 1, 1244, 2458, 299749.34, 83.83, 'rug', 0.06964335, 10485058.28, 14, 'scam'),
  ('OceanProtocol', 'OCEA', 778318977, 0.02320102, 'random', 81, 7, 'bear', 8, 0, 0, 1, 4215, 7468, 193540.74, -121.50, 'stable', 0.43113008, 291630429.85, 11, 'active'),
  ('DiamondDAO', 'DIA', 599266458, 0.08371040, 'random', 47, 0, 'bull', 4, 1, 0, 0, 209, 4928, 753688.53, 53.00, 'stable', 2.94043257, 1684794045.41, 53, 'active'),
  ('RocketCoin', 'ROCK', 736013366, 0.05656046, 'random', 42, 3, 'sideways', 9, 0, 1, 1, 610, 8602, 676445.99, 165.90, 'moon', 502.05883989, 321323554988.87, 16, 'dead'),
  ('SkyChain', 'SKY', 288259358, 0.00923138, 'random', 12, 6, 'bull', 6, 1, 1, 1, 1235, 5660, 110812.62, 94.55, 'slow_death', 0.00634678, 1163472.42, 24, 'dead'),
  ('SkyMoon', 'SKYM', 743262076, 0.05937946, 'random', 42, 2, 'bear', 4, 1, 1, 0, 23162, 3029, 799873.45, 202.85, 'rug', 0.17998338, 86752528.99, 12, 'scam'),
  ('MoonSwap', 'MOON', 500201099, 0.05462906, 'random', 58, 1, 'sideways', 1, 0, 0, 0, 83, 183, 442493.35, 54.80, 'moon', 144.53447543, 67140834669.65, 14, 'dead'),
  ('MoonToken', 'MOO', 19177787, 0.08217103, 'random', 20, 3, 'bull', 5, 0, 0, 0, 688, 9995, 55252.36, 55.27, 'rug', 0.13932668, 2448442.58, 4, 'dead'),
  ('SilverProtocol', 'SIL', 568110868, 0.08461754, 'random', 25, 0, 'bear', 9, 0, 1, 1, 4404, 9684, 22835.51, -87.05, 'slow_death', 0.23320953, 84822054.13, 33, 'active'),
  ('SunDAO', 'SUN', 584606853, 0.01005639, 'random', 8, 2, 'bull', 9, 0, 1, 1, 8555, 4743, 759986.49, 282.18, 'stable', 0.27116561, 131966907.60, 78, 'active'),
  ('OceanToken', 'OCE', 976334943, 0.07187403, 'random', 36, 9, 'bull', 2, 1, 1, 0, 4297, 4314, 511882.81, 39.56, 'rug', 0.05510512, 51685670.28, 13, 'scam'),
  ('MoonDAO', 'MOO', 781281630, 0.02452396, 'random', 48, 9, 'sideways', 4, 1, 1, 0, 3618, 3167, 817492.29, 489.90, 'stable', 0.44741246, 276125468.66, 40, 'active'),
  ('GoldInu', 'GOLDI', 725892403, 0.02844401, 'random', 40, 1, 'bull', 4, 0, 1, 1, 4705, 131, 392215.85, 323.84, 'stable', 0.16418904, 101511444.43, 80, 'active'),
  ('SunMoon', 'SUNMO', 184643121, 0.08375036, 'random', 54, 7, 'bear', 4, 1, 0, 0, 2997, 7173, 790592.52, 199.21, 'slow_death', 0.10411814, 17236240.01, 34, 'dead'),
  ('SilverDAO', 'SIL', 13174520, 0.00979807, 'random', 37, 1, 'bear', 6, 0, 1, 1, 11796, 4685, 685281.22, 374.82, 'stable', 0.27360360, 2200556.27, 26, 'active'),
  ('SkyFinance', 'SKYF', 513484171, 0.06690114, 'random', 36, 0, 'sideways', 10, 1, 0, 1, 3879, 317, 867321.84, 317.76, 'moon', 610.23383126, 240751200944.85, 2, 'active'),
  ('MoonInu', 'MOO', 650572711, 0.01369850, 'random', 43, 4, 'bull', 1, 1, 1, 0, 1394, 8896, 538598.22, 77.36, 'slow_death', 0.02698754, 17040951.74, 3, 'dead'),
  ('SunChain', 'SUNCH', 288546038, 0.05379800, 'random', 45, 3, 'bull', 9, 0, 1, 1, 522, 5241, 791507.65, -148.05, 'rug', 0.11622112, 33304544.98, 1, 'scam'),
  ('RocketNetwork', 'ROC', 29040037, 0.00415019, 'random', 38, 0, 'sideways', 8, 1, 0, 1, 1027, 2459, 253403.03, 211.21, 'rug', 0.01005986, 232375.56, 10, 'dead'),
  ('OceanDAO', 'OCE', 498337150, 0.06619386, 'random', 59, 1, 'bull', 1, 0, 1, 1, 8078, 9058, 619140.82, 196.10, 'rug', 0.32866265, 161862675.56, 8, 'dead'),
  ('SilverFinance', 'SILV', 285672830, 0.00145502, 'random', 25, 2, 'bull', 8, 0, 1, 0, 4873, 1076, 274111.30, 97.75, 'rug', 0.00224532, 499361.94, 10, 'dead'),
  ('SkyToken', 'SKYT', 759012951, 0.08291756, 'random', 56, 7, 'bull', 5, 1, 1, 0, 937, 5067, 583414.31, 281.99, 'rug', 0.09811619, 58768029.62, 8, 'dead'),
  ('FireNetwork', 'FIREN', 715700845, 0.01143471, 'random', 42, 0, 'sideways', 7, 1, 0, 1, 7475, 3879, 448810.95, 294.88, 'rug', 0.01946026, 9279507.14, 14, 'dead'),
  ('MoonInu', 'MOONI', 668998057, 0.07916111, 'random', 0, 0, 'bull', 9, 0, 1, 0, 2140, 9958, 987411.67, 86.56, 'rug', 0.07769326, 42222167.58, 13, 'scam'),
  ('SilverInu', 'SILVE', 654237389, 0.02999678, 'random', 18, 1, 'bull', 9, 0, 0, 0, 776, 4955, 265196.53, 49.83, 'stable', 0.21084462, 132481837.98, 9, 'active'),
  ('StarChain', 'STARC', 251161208, 0.01887921, 'random', 24, 6, 'sideways', 3, 0, 0, 1, 1890, 9236, 666057.74, -292.42, 'rug', 0.05967834, 11881535.77, 12, 'scam'),
  ('GoldDAO', 'GOLD', 860643937, 0.07828537, 'random', 35, 0, 'bull', 8, 1, 1, 1, 230, 1065, 198642.44, 343.93, 'moon', 101.49897394, 77305269934.83, 28, 'active'),
  ('StarChain', 'STAR', 527451463, 0.02905072, 'random', 43, 4, 'sideways', 8, 0, 1, 0, 1062, 8944, 257505.70, 330.05, 'stable', 1.44917058, 725557299.95, 58, 'active'),
  ('SilverChain', 'SIL', 781482719, 0.06944510, 'random', 66, 0, 'bull', 10, 0, 1, 0, 2348, 760, 252389.10, -5.65, 'stable', 0.60221604, 355965526.06, 36, 'active'),
  ('GoldCoin', 'GOLD', 219531948, 0.06310845, 'random', 21, 0, 'bear', 5, 1, 0, 0, 4275, 3801, 499532.51, -133.27, 'rug', 0.22767948, 44157931.00, 3, 'scam'),
  ('FireCoin', 'FIR', 911654836, 0.00475576, 'random', 6, 1, 'sideways', 10, 1, 0, 0, 3974, 1009, 481009.09, 12.42, 'rug', 0.00667335, 5896514.97, 11, 'scam'),
  ('OceanChain', 'OCE', 799891318, 0.01258092, 'random', 0, 0, 'bull', 4, 0, 1, 1, 906, 6474, 20332.28, -40.43, 'rug', 0.00467378, 2933827.73, 3, 'dead'),
  ('MoonToken', 'MOON', 537198345, 0.06690230, 'random', 69, 3, 'bull', 2, 0, 1, 0, 17669, 2969, 178771.98, 30.61, 'slow_death', 0.10372356, 33778459.52, 52, 'dead'),
  ('SunMoon', 'SUNMO', 304490078, 0.01982352, 'random', 35, 5, 'sideways', 7, 1, 0, 0, 2836, 3700, 578451.04, 347.21, 'rug', 0.03025891, 7041615.35, 14, 'scam'),
  ('OceanMoon', 'OCEAN', 587089690, 0.02856532, 'random', 41, 0, 'bull', 5, 1, 0, 1, 22413, 8197, 830867.65, 40.62, 'rug', 0.11141053, 46264434.20, 7, 'dead'),
  ('FireChain', 'FIREC', 626605485, 0.02320013, 'random', 16, 1, 'sideways', 10, 1, 1, 1, 735, 1075, 668508.21, -181.45, 'moon', 64.70751911, 39494711391.88, 11, 'active'),
  ('MoonInu', 'MOONI', 987565700, 0.03467434, 'random', 44, 1, 'bull', 10, 1, 1, 1, 105, 2983, 254742.34, 25.01, 'rug', 0.09284888, 60736280.89, 11, 'scam'),
  ('SkySwap', 'SKYSW', 400839237, 0.09991655, 'random', 55, 1, 'sideways', 4, 0, 1, 0, 927, 3131, 292487.61, 151.12, 'stable', 3.05724259, 871504854.32, 64, 'active'),
  ('FireDAO', 'FIR', 228192655, 0.01730907, 'random', 64, 1, 'bear', 2, 0, 1, 1, 1693, 822, 258233.69, -90.59, 'slow_death', 0.02047168, 2953867.64, 47, 'dead'),
  ('MoonDAO', 'MOOND', 461952783, 0.01177420, 'random', 4, 4, 'bull', 6, 0, 1, 0, 2636, 2282, 723891.98, 71.77, 'slow_death', 0.02417953, 10791435.69, 14, 'dead'),
  ('MoonSwap', 'MOON', 221068631, 0.07330871, 'random', 0, 5, 'sideways', 6, 0, 0, 0, 4043, 8308, 973732.40, 39.27, 'rug', 0.11185459, 19198595.34, 8, 'dead'),
  ('SilverCoin', 'SILV', 154665749, 0.06851265, 'random', 54, 0, 'bull', 2, 1, 0, 1, 2991, 5584, 529813.15, 74.39, 'moon', 110.96157112, 17148281626.84, 6, 'dead'),
  ('RocketMoon', 'ROC', 75344018, 0.01197320, 'random', 37, 0, 'bear', 4, 1, 1, 1, 2347, 803, 938793.74, -25.29, 'rug', 0.01436111, 880358.88, 13, 'scam'),
  ('MoonFinance', 'MOO', 483096311, 0.01074942, 'random', 23, 4, 'bull', 3, 1, 1, 0, 6510, 2095, 898716.05, -18.76, 'rug', 0.04369019, 19907379.56, 12, 'dead'),
  ('RocketDAO', 'ROCK', 36101670, 0.03074417, 'random', 56, 1, 'bull', 1, 1, 0, 0, 2440, 7478, 919851.44, -118.35, 'stable', 1.02905926, 26092746.46, 53, 'active'),
  ('SilverDAO', 'SILVE', 755949215, 0.07068533, 'random', 18, 1, 'bull', 10, 1, 1, 0, 10542, 6978, 843531.73, -42.96, 'slow_death', 0.18064088, 119984959.78, 48, 'active'),
  ('SkyProtocol', 'SKYP', 13657680, 0.02766499, 'random', 39, 2, 'sideways', 1, 1, 1, 1, 17972, 3636, 290957.82, 231.29, 'rug', 0.02007647, 180728.93, 7, 'dead'),
  ('SkyFinance', 'SKY', 445227014, 0.03003167, 'random', 23, 0, 'bear', 1, 0, 1, 1, 14833, 4924, 303810.78, 26.58, 'slow_death', 0.07871792, 31382518.98, 19, 'dead'),
  ('SunSwap', 'SUNS', 869068409, 0.08184534, 'random', 32, 1, 'bear', 5, 1, 0, 0, 2223, 8607, 155043.54, 79.62, 'stable', 2.30679451, 1872870306.05, 17, 'active'),
  ('MoonToken', 'MOO', 60103328, 0.04556488, 'random', 20, 2, 'bear', 5, 1, 1, 1, 10606, 3647, 3356.34, 155.06, 'rug', 0.06321247, 3577063.32, 2, 'dead'),
  ('SunFinance', 'SUNFI', 872071221, 0.01960397, 'random', 59, 1, 'bull', 5, 1, 0, 0, 3535, 2247, 312825.05, 116.51, 'rug', 0.02219671, 18205645.75, 14, 'dead'),
  ('FireDAO', 'FIR', 926930903, 0.08476776, 'random', 28, 0, 'sideways', 10, 1, 1, 1, 2681, 2959, 144805.25, -104.76, 'slow_death', 0.12980027, 98529337.68, 21, 'dead'),
  ('SilverMoon', 'SIL', 13556390, 0.00150118, 'random', 24, 8, 'bull', 9, 0, 1, 0, 5968, 6490, 616269.04, 232.93, 'slow_death', 0.00280241, 32849.12, 25, 'dead'),
  ('StarFinance', 'STAR', 618114363, 0.01583178, 'random', 43, 0, 'bear', 8, 0, 1, 1, 17442, 7332, 19615.67, 281.87, 'slow_death', 0.03867564, 14640890.10, 9, 'dead'),
  ('GoldChain', 'GOL', 360647213, 0.01620004, 'random', 49, 0, 'sideways', 3, 1, 0, 0, 1082, 1363, 814914.32, 63.32, 'rug', 0.04084998, 13208177.16, 4, 'scam'),
  ('SunFinance', 'SUNF', 96840149, 0.03819473, 'random', 43, 2, 'bull', 2, 0, 1, 0, 286, 3081, 325977.26, 134.68, 'stable', 0.20220434, 13433918.52, 13, 'active'),
  ('SunDAO', 'SUNDA', 274115022, 0.09111103, 'random', 56, 6, 'bull', 5, 0, 1, 1, 105, 8966, 636197.09, -116.78, 'slow_death', 0.18853748, 39373478.70, 54, 'dead'),
  ('SunFinance', 'SUNFI', 322758429, 0.07932014, 'random', 33, 0, 'bear', 10, 1, 1, 1, 7668, 249, 561948.37, 352.10, 'stable', 3.37248417, 1086562030.72, 67, 'active'),
  ('SunInu', 'SUNI', 945306210, 0.00029515, 'random', 56, 3, 'bear', 4, 0, 1, 0, 5749, 2450, 11453.69, 196.49, 'stable', 0.01367039, 9436530.75, 29, 'active'),
  ('SunToken', 'SUN', 512627721, 0.09132644, 'random', 17, 2, 'sideways', 8, 0, 1, 1, 2726, 3906, 856432.63, 430.84, 'rug', 0.34293120, 127140237.53, 10, 'dead'),
  ('MoonCoin', 'MOONC', 502624222, 0.01045839, 'random', 45, 3, 'sideways', 1, 1, 1, 1, 9948, 7643, 334214.53, 422.01, 'stable', 0.09626844, 31698848.50, 70, 'active'),
  ('FireNetwork', 'FIREN', 996022679, 0.07243226, 'random', 30, 4, 'sideways', 10, 0, 1, 1, 5215, 9121, 77636.98, 240.54, 'slow_death', 0.21378892, 180432184.51, 41, 'active'),
  ('SunMoon', 'SUNM', 51591775, 0.05610630, 'random', 73, 1, 'bull', 3, 1, 0, 1, 963, 9777, 273568.43, -219.10, 'rug', 0.19521469, 7507912.34, 1, 'dead'),
  ('FireChain', 'FIRE', 604323736, 0.00116593, 'random', 71, 1, 'sideways', 10, 1, 0, 1, 406, 1689, 591967.42, -276.35, 'slow_death', 0.00276469, 1256079.76, 37, 'dead'),
  ('StarInu', 'STA', 766143783, 0.04332102, 'random', 43, 0, 'bull', 5, 1, 1, 1, 21849, 1301, 664387.68, -21.78, 'rug', 0.04551479, 32632143.75, 2, 'scam'),
  ('GoldNetwork', 'GOLD', 20643617, 0.03692224, 'random', 25, 0, 'bull', 3, 1, 1, 1, 9141, 3491, 241282.58, -156.76, 'rug', 0.12165756, 1770249.82, 6, 'scam'),
  ('DiamondToken', 'DIAMO', 137931941, 0.04021669, 'random', 53, 3, 'bull', 3, 0, 1, 1, 5393, 4587, 201703.59, -151.85, 'stable', 0.33946746, 28690544.50, 88, 'active'),
  ('GoldProtocol', 'GOLD', 485940435, 0.02618231, 'random', 60, 5, 'bull', 7, 0, 0, 1, 446, 178, 670073.36, -117.44, 'slow_death', 0.07376091, 25865805.81, 29, 'dead'),
  ('DiamondCoin', 'DIA', 144885329, 0.05812768, 'random', 41, 2, 'bear', 1, 1, 1, 0, 7304, 989, 796819.97, -15.64, 'rug', 0.03655407, 4877994.55, 4, 'dead'),
  ('SkyToken', 'SKY', 737872520, 0.05533200, 'random', 44, 0, 'bull', 5, 1, 1, 1, 1774, 8691, 888225.68, 133.74, 'moon', 248.99404867, 124425178939.59, 8, 'active'),
  ('SilverToken', 'SILVE', 459076536, 0.05416269, 'random', 0, 6, 'bull', 4, 1, 1, 1, 5064, 6077, 17358.92, 351.98, 'rug', 0.11530370, 49272648.35, 13, 'scam'),
  ('StarInu', 'STARI', 293842302, 0.04710270, 'random', 30, 2, 'sideways', 3, 0, 0, 1, 3869, 9554, 125538.41, -98.17, 'slow_death', 0.09389944, 19628976.69, 33, 'active'),
  ('MoonMoon', 'MOON', 799087318, 0.05608198, 'random', 26, 0, 'bear', 6, 0, 0, 1, 2995, 1315, 989427.75, 333.79, 'stable', 1.22368299, 693783889.86, 9, 'active'),
  ('MoonMoon', 'MOON', 714292849, 0.06280930, 'random', 56, 0, 'bear', 1, 0, 0, 1, 1613, 7694, 28873.84, 221.82, 'stable', 1.13152444, 781792201.26, 52, 'active'),
  ('SkyMoon', 'SKYMO', 126726279, 0.06556805, 'random', 49, 6, 'sideways', 9, 1, 1, 0, 413, 8106, 901661.13, -223.86, 'rug', 0.08758262, 8584112.22, 14, 'scam'),
  ('SunDAO', 'SUN', 223822239, 0.03751577, 'random', 35, 0, 'bear', 10, 1, 1, 1, 13455, 718, 137057.00, 142.16, 'stable', 0.62231657, 111090622.91, 51, 'active'),
  ('StarCoin', 'STA', 966331055, 0.03687550, 'random', 8, 7, 'bull', 3, 1, 1, 0, 2235, 8519, 714743.33, -89.79, 'rug', 0.01141181, 6920033.27, 11, 'dead'),
  ('DiamondToken', 'DIAM', 702626618, 0.07995806, 'random', 14, 0, 'sideways', 5, 1, 0, 1, 8255, 551, 251292.62, -39.00, 'rug', 0.37060101, 202024126.94, 1, 'scam'),
  ('StarChain', 'STARC', 184201376, 0.02737322, 'random', 44, 2, 'bull', 4, 1, 0, 0, 5484, 9830, 692387.19, -88.78, 'slow_death', 0.01495724, 2725152.16, 37, 'active'),
  ('FireChain', 'FIR', 404402961, 0.08772763, 'random', 40, 0, 'sideways', 6, 1, 0, 0, 12470, 9715, 428207.90, 159.41, 'slow_death', 0.12287116, 38148636.07, 28, 'dead'),
  ('SunSwap', 'SUNS', 496176052, 0.04566783, 'random', 79, 0, 'sideways', 7, 1, 1, 1, 3353, 9219, 636585.90, 141.34, 'rug', 0.13348960, 49932017.05, 4, 'dead'),
  ('DiamondInu', 'DIAM', 846490729, 0.00363493, 'random', 51, 3, 'bull', 1, 1, 1, 0, 291, 991, 396725.10, 442.97, 'slow_death', 0.00820607, 6366140.78, 44, 'dead'),
  ('OceanMoon', 'OCEAN', 157876858, 0.03447598, 'random', 12, 0, 'bull', 10, 1, 0, 0, 119, 4277, 823752.26, -36.42, 'slow_death', 0.09038324, 12074510.28, 15, 'dead'),
  ('DiamondToken', 'DIAMO', 793102684, 0.01379871, 'random', 34, 2, 'bull', 2, 1, 1, 0, 6979, 5560, 889727.17, 52.73, 'rug', 0.06678941, 35264682.60, 3, 'scam'),
  ('GoldProtocol', 'GOLDP', 608720238, 0.06962541, 'random', 30, 7, 'bear', 8, 1, 1, 0, 6422, 9312, 655708.49, 155.22, 'rug', 0.01930537, 8423286.29, 6, 'dead'),
  ('FireDAO', 'FIRE', 484116174, 0.04592251, 'random', 32, 9, 'bull', 10, 1, 0, 1, 7178, 7624, 6545.66, -20.53, 'slow_death', 0.11311494, 48164216.02, 23, 'dead'),
  ('StarMoon', 'STAR', 555511684, 0.00611133, 'random', 27, 3, 'bull', 1, 1, 1, 0, 1237, 6470, 480969.74, -362.79, 'slow_death', 0.00720629, 3115325.42, 51, 'dead'),
  ('MoonChain', 'MOO', 398925739, 0.00860235, 'random', 24, 2, 'sideways', 4, 1, 0, 0, 5751, 2695, 488961.85, -256.88, 'stable', 0.42168727, 147629804.33, 32, 'active'),
  ('SunFinance', 'SUN', 35756109, 0.06745186, 'random', 62, 2, 'bull', 3, 1, 1, 1, 12105, 4615, 472057.08, 132.29, 'moon', 61.64911839, 1483648530.39, 5, 'active'),
  ('RocketFinance', 'ROCK', 46580219, 0.09326978, 'random', 62, 10, 'bull', 5, 1, 1, 0, 7818, 7456, 348178.27, 68.40, 'stable', 3.02394296, 85677421.30, 8, 'active'),
  ('SilverChain', 'SIL', 856324317, 0.09358773, 'random', 44, 0, 'bear', 9, 0, 1, 1, 10564, 9767, 36960.53, 473.11, 'slow_death', 0.09258973, 68501306.38, 16, 'dead'),
  ('MoonInu', 'MOONI', 106026734, 0.01043482, 'random', 47, 7, 'bear', 3, 1, 1, 1, 209, 6420, 777656.54, 156.56, 'moon', 15.70129313, 1011599746.54, 7, 'active'),
  ('StarMoon', 'STAR', 740993111, 0.04031890, 'random', 55, 5, 'bear', 4, 0, 1, 1, 6140, 4564, 667544.59, 218.73, 'slow_death', 0.11780283, 54851842.18, 29, 'dead'),
  ('RocketCoin', 'ROCK', 505418311, 0.03898982, 'random', 63, 0, 'bear', 4, 0, 1, 0, 3018, 2590, 85296.32, 248.58, 'stable', 1.13336104, 488763959.16, 65, 'active'),
  ('SunNetwork', 'SUNNE', 168967031, 0.05912430, 'random', 18, 5, 'sideways', 5, 1, 1, 0, 8153, 5753, 900754.03, 132.04, 'rug', 0.25434362, 26267024.04, 14, 'scam'),
  ('DiamondCoin', 'DIA', 859191063, 0.03715780, 'random', 58, 3, 'bear', 6, 0, 1, 1, 2088, 5918, 227430.04, -41.78, 'stable', 0.62129632, 443638765.26, 41, 'active'),
  ('StarInu', 'STAR', 986220217, 0.05641696, 'random', 46, 2, 'bull', 8, 1, 1, 0, 7714, 2389, 774919.15, 196.67, 'stable', 1.77835831, 1365979948.89, 44, 'active'),
  ('GoldCoin', 'GOLD', 121034325, 0.03463830, 'random', 38, 0, 'bull', 6, 1, 1, 1, 1938, 4327, 965757.25, -251.06, 'moon', 345.22195259, 27142252293.62, 28, 'dead'),
  ('StarToken', 'STAR', 486250286, 0.09651265, 'random', 47, 2, 'sideways', 4, 1, 0, 1, 3481, 9929, 205403.48, -34.45, 'rug', 0.10493144, 46346385.13, 7, 'dead'),
  ('RocketDAO', 'ROC', 721140435, 0.04192817, 'random', 64, 0, 'sideways', 9, 0, 0, 1, 17509, 5240, 342266.74, -218.92, 'rug', 0.03216180, 20578778.28, 12, 'dead'),
  ('SkyInu', 'SKY', 706991524, 0.01340918, 'random', 76, 0, 'bull', 6, 1, 0, 0, 181, 4833, 277636.25, 40.27, 'slow_death', 0.02323211, 12970731.77, 27, 'dead'),
  ('MoonInu', 'MOONI', 903883535, 0.05276683, 'random', 81, 2, 'bear', 2, 1, 1, 1, 7282, 8319, 406770.96, -250.49, 'stable', 1.02288725, 730602414.02, 60, 'active'),
  ('GoldDAO', 'GOLDD', 101293305, 0.08929651, 'random', 55, 0, 'bull', 5, 0, 1, 1, 614, 4910, 69277.08, -77.89, 'stable', 3.88856065, 265948008.66, 87, 'active'),
  ('MoonMoon', 'MOO', 342871340, 0.07369678, 'random', 35, 1, 'bull', 2, 1, 1, 0, 1574, 2216, 909374.45, 146.72, 'moon', 734.96914870, 164854043893.35, 15, 'dead'),
  ('DiamondNetwork', 'DIA', 858544813, 0.00626701, 'random', 18, 0, 'bear', 3, 1, 1, 0, 18292, 3974, 293529.92, 336.02, 'rug', 0.01144067, 7644185.49, 11, 'scam'),
  ('OceanSwap', 'OCE', 285051777, 0.09957812, 'random', 10, 3, 'sideways', 6, 0, 1, 0, 5241, 1667, 756916.93, -356.01, 'slow_death', 0.23571668, 43455143.68, 56, 'dead'),
  ('FireInu', 'FIREI', 450248140, 0.03633591, 'random', 44, 0, 'bull', 10, 1, 1, 1, 1479, 9486, 425270.44, 32.54, 'rug', 0.09227507, 31648838.12, 9, 'scam'),
  ('StarCoin', 'STAR', 436746097, 0.05028804, 'random', 20, 0, 'bear', 10, 1, 1, 0, 1219, 8258, 603886.82, 299.30, 'rug', 0.14931369, 59524637.89, 11, 'scam'),
  ('GoldChain', 'GOLD', 385812887, 0.02661685, 'random', 31, 1, 'bull', 7, 1, 1, 0, 3857, 6186, 741855.27, 105.99, 'slow_death', 0.07382637, 21233448.57, 34, 'active'),
  ('MoonInu', 'MOO', 761239415, 0.04811226, 'random', 60, 0, 'bear', 9, 1, 1, 0, 1685, 2039, 656350.76, -346.70, 'rug', 0.03867042, 28014875.86, 13, 'scam'),
  ('StarSwap', 'STAR', 472870337, 0.04324288, 'random', 24, 0, 'bull', 4, 1, 1, 1, 941, 1952, 228566.13, 297.70, 'rug', 0.05339674, 20506035.27, 9, 'dead'),
  ('RocketNetwork', 'ROCKE', 808694775, 0.04943905, 'random', 43, 4, 'bull', 4, 0, 1, 0, 366, 4238, 380671.76, -101.44, 'rug', 0.00602776, 2990110.96, 4, 'scam'),
  ('RocketToken', 'ROCK', 761989339, 0.08962411, 'random', 62, 1, 'sideways', 1, 0, 1, 1, 4810, 6399, 331834.32, 63.49, 'moon', 325.56221344, 162399417322.82, 13, 'active'),
  ('GoldFinance', 'GOL', 75346908, 0.03332828, 'random', 38, 0, 'bull', 10, 1, 1, 1, 3744, 7044, 73176.50, 179.36, 'stable', 1.04354707, 56634243.94, 90, 'active'),
  ('DiamondSwap', 'DIA', 465100945, 0.04742670, 'random', 45, 7, 'bear', 8, 1, 1, 1, 3335, 6037, 42337.15, 157.05, 'slow_death', 0.06689683, 30426616.20, 54, 'dead'),
  ('OceanMoon', 'OCE', 414187371, 0.00407293, 'random', 20, 0, 'bull', 2, 0, 1, 0, 1380, 3832, 268683.48, -216.35, 'slow_death', 0.00670135, 2292673.14, 29, 'dead'),
  ('GoldFinance', 'GOLD', 186695865, 0.09767298, 'random', 15, 1, 'sideways', 6, 0, 1, 0, 2668, 160, 172008.10, 147.20, 'slow_death', 0.20598112, 36224085.61, 36, 'dead'),
  ('OceanMoon', 'OCE', 35608963, 0.02543737, 'random', 0, 5, 'sideways', 9, 1, 1, 0, 5263, 8414, 210025.41, -175.67, 'slow_death', 0.04469842, 1286719.65, 22, 'dead'),
  ('MoonChain', 'MOONC', 770681906, 0.08716952, 'random', 12, 4, 'bear', 6, 1, 1, 0, 2083, 8400, 670287.36, 112.50, 'moon', 761.49618259, 381624235400.67, 20, 'active'),
  ('SilverToken', 'SILVE', 591174797, 0.08166600, 'random', 72, 1, 'bull', 10, 0, 0, 0, 4861, 5819, 784519.07, -131.68, 'slow_death', 0.09520141, 48680291.31, 38, 'dead'),
  ('RocketNetwork', 'ROCKE', 307898147, 0.08918512, 'random', 24, 5, 'bull', 4, 0, 1, 1, 6612, 7699, 486316.64, -205.58, 'slow_death', 0.26488760, 75791099.43, 14, 'dead'),
  ('RocketCoin', 'ROCKE', 313001929, 0.02075139, 'random', 0, 1, 'sideways', 2, 0, 1, 1, 1696, 7880, 66810.76, -125.22, 'rug', 0.04123599, 10828619.49, 1, 'dead'),
  ('MoonFinance', 'MOO', 915910922, 0.02668160, 'random', 63, 1, 'sideways', 7, 0, 1, 1, 7990, 5111, 860241.88, -39.25, 'rug', 0.10507733, 78791141.95, 14, 'scam'),
  ('RocketCoin', 'ROC', 441828181, 0.09716080, 'random', 63, 2, 'bull', 7, 1, 1, 1, 911, 1226, 869138.13, -8.95, 'moon', 597.28732562, 213683235442.89, 16, 'dead'),
  ('GoldInu', 'GOL', 319455303, 0.02173997, 'random', 57, 4, 'sideways', 3, 0, 1, 1, 2529, 4485, 578424.00, 84.64, 'stable', 0.44844528, 97778455.12, 35, 'active'),
  ('StarMoon', 'STA', 79606307, 0.04387495, 'random', 56, 1, 'sideways', 4, 1, 1, 1, 8943, 445, 413432.55, 317.00, 'rug', 0.07729357, 4859264.82, 1, 'scam'),
  ('RocketFinance', 'ROCKE', 442772074, 0.02898801, 'random', 68, 0, 'sideways', 6, 0, 1, 0, 5474, 7409, 231817.04, -359.23, 'rug', 0.05635488, 24812328.97, 4, 'scam'),
  ('FireToken', 'FIR', 732346959, 0.00231037, 'random', 24, 0, 'sideways', 5, 0, 0, 0, 3459, 3169, 324345.61, -132.23, 'slow_death', 0.00131859, 618017.33, 25, 'active'),
  ('StarProtocol', 'STAR', 841860715, 0.06262515, 'random', 56, 0, 'sideways', 6, 1, 1, 1, 785, 3352, 593056.30, -148.02, 'rug', 0.14086168, 86190223.24, 9, 'dead'),
  ('StarDAO', 'STARD', 89286951, 0.07601584, 'random', 37, 4, 'bear', 3, 0, 1, 1, 12514, 5987, 184981.92, 53.35, 'rug', 0.28110044, 21721082.79, 7, 'scam'),
  ('RocketFinance', 'ROC', 672420021, 0.01634117, 'random', 4, 7, 'sideways', 3, 0, 1, 0, 4511, 2725, 489511.42, 146.31, 'rug', 0.07687551, 41344043.27, 12, 'scam'),
  ('OceanChain', 'OCEA', 365891763, 0.07829895, 'random', 88, 0, 'bull', 7, 1, 0, 1, 3161, 1001, 436982.89, 353.76, 'rug', 0.23254478, 70303541.83, 11, 'dead'),
  ('DiamondChain', 'DIAM', 406263053, 0.01099696, 'random', 89, 0, 'sideways', 1, 1, 0, 0, 3046, 2385, 482376.38, 6.25, 'moon', 100.36664925, 33131064488.46, 17, 'active'),
  ('MoonProtocol', 'MOONP', 286294508, 0.01708333, 'random', 53, 4, 'sideways', 4, 0, 0, 1, 3631, 1684, 309933.18, 289.50, 'moon', 2.80639313, 721360784.12, 29, 'active'),
  ('FireSwap', 'FIRES', 520566463, 0.05298214, 'random', 0, 0, 'bear', 8, 0, 0, 1, 2126, 6357, 682143.28, 194.78, 'rug', 0.25529297, 112924529.14, 3, 'scam'),
  ('DiamondFinance', 'DIAM', 73168709, 0.01935694, 'random', 44, 10, 'sideways', 1, 1, 0, 1, 5296, 1332, 47222.82, -127.46, 'moon', 13.62960335, 638716517.82, 18, 'active'),
  ('StarSwap', 'STAR', 837286382, 0.01438339, 'random', 16, 4, 'bull', 4, 0, 0, 1, 535, 4019, 661763.78, 136.97, 'rug', 0.00457324, 3252763.38, 14, 'scam'),
  ('MoonMoon', 'MOON', 825223481, 0.09371251, 'random', 35, 1, 'bear', 4, 0, 1, 1, 12850, 4819, 277699.49, 43.06, 'slow_death', 0.21742159, 129743425.86, 13, 'dead'),
  ('OceanToken', 'OCE', 870445394, 0.04637173, 'random', 27, 7, 'bull', 1, 0, 1, 1, 2047, 7924, 475834.29, 153.85, 'rug', 0.07616789, 45881585.00, 8, 'scam'),
  ('OceanCoin', 'OCEAN', 214767029, 0.04170325, 'random', 19, 2, 'bear', 2, 1, 1, 1, 8128, 1789, 182762.84, 345.99, 'stable', 0.10926661, 17220491.03, 50, 'active'),
  ('SilverDAO', 'SILV', 169323832, 0.09734311, 'random', 48, 2, 'sideways', 2, 0, 1, 1, 12593, 9448, 964952.65, 287.53, 'rug', 0.07086325, 10723723.84, 5, 'dead'),
  ('SunFinance', 'SUNF', 406615302, 0.09132358, 'random', 8, 2, 'sideways', 4, 0, 0, 1, 2019, 1041, 21010.28, 102.23, 'rug', 0.36818501, 126158607.53, 11, 'scam'),
  ('StarProtocol', 'STARP', 655110947, 0.08877214, 'random', 15, 3, 'sideways', 3, 0, 1, 1, 254, 4896, 428829.16, -12.82, 'rug', 0.06947696, 44106864.25, 12, 'dead'),
  ('SkyFinance', 'SKY', 446252230, 0.02434578, 'random', 19, 4, 'sideways', 3, 1, 0, 1, 8026, 9048, 349339.32, -94.11, 'slow_death', 0.01474802, 5185400.69, 36, 'dead'),
  ('SunNetwork', 'SUN', 575477748, 0.09382780, 'random', 99, 6, 'sideways', 5, 1, 0, 1, 4620, 1582, 47098.25, -55.67, 'rug', 0.07703442, 33467434.11, 3, 'scam'),
  ('DiamondNetwork', 'DIA', 447763434, 0.04848945, 'random', 12, 0, 'sideways', 7, 1, 0, 0, 2680, 6598, 342816.72, -205.60, 'slow_death', 0.04012476, 16784186.57, 30, 'dead'),
  ('GoldToken', 'GOLD', 62337552, 0.02006336, 'random', 0, 5, 'bull', 9, 0, 1, 0, 2749, 1778, 255081.33, 270.77, 'rug', 0.01692051, 834004.49, 13, 'dead'),
  ('FireProtocol', 'FIR', 385678241, 0.04933845, 'random', 74, 8, 'sideways', 1, 1, 1, 0, 2447, 6027, 327853.53, 145.72, 'stable', 1.54963173, 387416356.17, 88, 'active'),
  ('SunFinance', 'SUN', 170860509, 0.00713432, 'random', 33, 0, 'sideways', 1, 1, 1, 0, 2888, 5225, 55772.63, 88.42, 'stable', 0.23121130, 32170925.59, 45, 'active'),
  ('RocketMoon', 'ROCKE', 596601891, 0.01965132, 'random', 27, 3, 'bull', 4, 0, 1, 1, 690, 9442, 290618.93, 127.77, 'rug', 0.02299633, 11973998.98, 4, 'scam'),
  ('StarToken', 'STA', 122068926, 0.01761384, 'random', 30, 3, 'bull', 7, 0, 1, 0, 215, 9307, 7237.13, -66.83, 'rug', 0.03079152, 3422786.61, 2, 'scam'),
  ('SkySwap', 'SKY', 643572265, 0.09334450, 'random', 56, 0, 'bull', 9, 0, 1, 1, 7754, 9562, 287465.09, 448.33, 'rug', 0.28171191, 157358336.64, 3, 'scam'),
  ('RocketInu', 'ROC', 237831336, 0.08706170, 'random', 56, 2, 'sideways', 1, 1, 1, 0, 2209, 2391, 971689.69, 168.64, 'slow_death', 0.16806676, 25868540.89, 41, 'active'),
  ('DiamondDAO', 'DIA', 830215376, 0.08770660, 'random', 69, 4, 'bear', 10, 0, 1, 1, 16848, 4038, 990547.49, 317.88, 'rug', 0.33582059, 204927735.53, 8, 'scam'),
  ('RocketCoin', 'ROC', 525339229, 0.00123872, 'random', 25, 1, 'bull', 10, 0, 0, 0, 4430, 9040, 889710.00, -213.56, 'slow_death', 0.00287522, 1012159.40, 15, 'active'),
  ('OceanCoin', 'OCE', 447930724, 0.06319955, 'random', 27, 6, 'sideways', 2, 1, 0, 0, 3681, 1882, 702229.67, 184.80, 'rug', 0.31409499, 128685621.23, 12, 'scam'),
  ('GoldMoon', 'GOLD', 413324246, 0.08684155, 'random', 45, 1, 'sideways', 1, 1, 1, 1, 7220, 4253, 286942.81, -227.73, 'rug', 0.37406762, 105020574.59, 1, 'scam'),
  ('StarNetwork', 'STA', 18524025, 0.02324583, 'random', 64, 2, 'sideways', 3, 1, 1, 0, 2081, 7669, 226884.84, 200.13, 'rug', 0.08392875, 1024267.20, 7, 'scam'),
  ('FireNetwork', 'FIR', 764312022, 0.08388883, 'random', 27, 2, 'sideways', 4, 1, 1, 1, 12411, 4424, 405636.57, -198.21, 'moon', 796.41888599, 566678119165.91, 11, 'active'),
  ('OceanSwap', 'OCE', 76122301, 0.01300481, 'random', 32, 0, 'bull', 9, 0, 0, 0, 6453, 7634, 803251.51, 292.52, 'stable', 0.51642791, 32936323.66, 89, 'active'),
  ('GoldMoon', 'GOLD', 372860708, 0.08307500, 'random', 46, 5, 'sideways', 7, 1, 1, 1, 8744, 5846, 320630.24, 6.09, 'moon', 97.78552639, 30242911493.07, 5, 'active'),
  ('StarInu', 'STAR', 660236799, 0.09001246, 'random', 26, 4, 'bull', 7, 0, 0, 0, 2684, 8701, 451376.03, -125.46, 'rug', 0.13674181, 85568963.56, 8, 'dead'),
  ('OceanCoin', 'OCEAN', 252507073, 0.06610003, 'random', 58, 4, 'bull', 6, 1, 1, 0, 71, 2420, 19703.80, 364.73, 'slow_death', 0.19083151, 45572436.02, 55, 'active'),
  ('MoonNetwork', 'MOONN', 657237288, 0.05482263, 'random', 63, 5, 'bull', 7, 1, 1, 1, 1408, 1739, 622050.58, -423.00, 'moon', 182.72285313, 107258844120.21, 9, 'dead'),
  ('SkyDAO', 'SKYD', 315690960, 0.00423357, 'random', 15, 6, 'sideways', 9, 0, 1, 1, 1264, 8553, 5302.70, 391.57, 'slow_death', 0.00485764, 1141092.56, 22, 'dead'),
  ('MoonProtocol', 'MOONP', 102414450, 0.00985923, 'random', 33, 0, 'sideways', 5, 1, 0, 0, 7083, 5216, 442616.09, 33.91, 'rug', 0.00174262, 144608.43, 1, 'scam'),
  ('DiamondProtocol', 'DIAMO', 920837063, 0.09563278, 'random', 21, 0, 'sideways', 6, 1, 0, 0, 6622, 570, 125542.47, 285.28, 'rug', 0.38111019, 348399185.26, 11, 'scam'),
  ('DiamondProtocol', 'DIAM', 55294472, 0.05202059, 'random', 29, 0, 'sideways', 4, 0, 1, 1, 4231, 5201, 425874.60, -18.01, 'slow_death', 0.09327372, 3103834.85, 13, 'dead'),
  ('FireNetwork', 'FIRE', 973516907, 0.04462106, 'random', 82, 0, 'sideways', 3, 1, 1, 1, 7788, 3622, 559896.57, 53.98, 'slow_death', 0.04076726, 29539439.16, 50, 'dead'),
  ('SilverChain', 'SIL', 586473955, 0.08319622, 'random', 52, 2, 'bear', 6, 1, 0, 1, 3575, 6792, 521293.65, 356.71, 'slow_death', 0.14100684, 78995713.62, 34, 'dead'),
  ('SunSwap', 'SUNS', 853978203, 0.04611541, 'random', 15, 3, 'sideways', 5, 1, 1, 1, 18954, 9145, 102472.94, 507.61, 'rug', 0.10504181, 67166789.02, 6, 'scam'),
  ('OceanChain', 'OCEA', 658549643, 0.06271841, 'random', 27, 0, 'bull', 8, 0, 1, 1, 779, 5563, 490180.98, 133.24, 'stable', 2.18605104, 1401444238.89, 74, 'active'),
  ('SunCoin', 'SUNCO', 479965272, 0.06176717, 'random', 34, 6, 'sideways', 4, 0, 0, 1, 10717, 641, 191313.56, 109.32, 'slow_death', 0.17869411, 58523489.36, 32, 'dead'),
  ('SunChain', 'SUNC', 556787360, 0.03447054, 'random', 23, 0, 'bear', 9, 1, 0, 0, 5882, 5175, 307690.47, 186.61, 'rug', 0.03955692, 18148801.32, 6, 'dead'),
  ('SunSwap', 'SUN', 873944374, 0.02947924, 'random', 18, 4, 'bear', 10, 0, 1, 0, 8761, 8486, 109447.39, 528.39, 'stable', 0.33995015, 248413570.62, 72, 'active'),
  ('MoonFinance', 'MOONF', 946888733, 0.07149767, 'random', 14, 1, 'bull', 10, 0, 1, 1, 2153, 5806, 649062.66, 317.74, 'slow_death', 0.17160830, 101287549.45, 50, 'dead'),
  ('StarChain', 'STARC', 14091311, 0.09109406, 'random', 66, 2, 'sideways', 10, 1, 1, 0, 6857, 9446, 488738.97, 86.14, 'rug', 0.11049284, 985196.31, 5, 'dead'),
  ('StarNetwork', 'STAR', 812596206, 0.06109493, 'random', 43, 2, 'bear', 10, 1, 1, 0, 4087, 1561, 862296.90, -57.15, 'rug', 0.07576002, 42590091.66, 1, 'scam');
